{
    "train": {
        "loss": [
            112.07334956526756,
            66.1333737373352,
            53.68894073367119,
            45.68911103159189,
            38.76225496456027,
            31.834958091378212
        ],
        "accuracy": {
            "macro": [
                0.8843401326522106,
                0.9331296953686122,
                0.9457135780920145,
                0.9531436119399463,
                0.9603023905839063,
                0.9676734559092358
            ],
            "micro": [
                0.8843401326522107,
                0.9331296953686122,
                0.9457135780920145,
                0.9531436119399465,
                0.9603023905839063,
                0.9676734559092357
            ]
        },
        "precision": {
            "macro": [
                0.7157376578746806,
                0.8254061764453997,
                0.8578574176640783,
                0.8765252413466869,
                0.8930340733453902,
                0.9140106605083566
            ],
            "micro": [
                0.7107149421062304,
                0.8255663107474304,
                0.8566328447951898,
                0.8755023748629887,
                0.8916688847484695,
                0.9131270756860689
            ]
        },
        "recall": {
            "macro": [
                0.32213114911214014,
                0.6780864420673266,
                0.7475278433838737,
                0.7859403515917653,
                0.8242172506043415,
                0.8569180561796631
            ],
            "micro": [
                0.3220889555222389,
                0.6783927839278393,
                0.7476834768347683,
                0.7859778597785978,
                0.8241082410824109,
                0.8567445674456745
            ]
        },
        "f1": {
            "macro": [
                0.4374362305030365,
                0.7432691750567899,
                0.7980696336352858,
                0.8282083819153818,
                0.8566760656353668,
                0.8841692767156383
            ],
            "micro": [
                0.4432853785751132,
                0.7447785379906373,
                0.798458776653969,
                0.8283282201961717,
                0.8565584249552545,
                0.8840377374455303
            ]
        }
    },
    "val": {
        "loss": [
            17.300860054790974,
            14.780859336256981,
            14.406502917408943,
            14.218617416918278,
            14.543546352535486,
            15.969034414738417
        ],
        "accuracy": {
            "macro": [
                0.9335238095238096,
                0.9411428571428572,
                0.943190476190476,
                0.9452857142857144,
                0.9441904761904762,
                0.942952380952381
            ],
            "micro": [
                0.9335238095238095,
                0.9411428571428572,
                0.9431904761904762,
                0.9452857142857143,
                0.9441904761904761,
                0.942952380952381
            ]
        },
        "precision": {
            "macro": [
                0.8244398671444185,
                0.8383343949539757,
                0.8318015303147028,
                0.8304516755758866,
                0.8219204037354374,
                0.8143904393071862
            ],
            "micro": [
                0.8168902920284136,
                0.8383141762452108,
                0.8297484506015311,
                0.8300676879230495,
                0.8228652081863091,
                0.8099656357388316
            ],
            "weighted": [
                0.8243685081000477,
                0.838655326873496,
                0.8322546844467283,
                0.8302373121081411,
                0.8219129523378893,
                0.8146263419079274
            ]
        },
        "recall": {
            "macro": [
                0.691783473891223,
                0.7312872067417251,
                0.7600160599792536,
                0.7769772981152686,
                0.7780521979629632,
                0.7860609508352905
            ],
            "micro": [
                0.6895403064623584,
                0.7288474350433045,
                0.7581612258494337,
                0.776149233844104,
                0.7768154563624251,
                0.785143237841439
            ],
            "weighted": [
                0.6895403064623584,
                0.7288474350433045,
                0.7581612258494337,
                0.776149233844104,
                0.7768154563624251,
                0.785143237841439
            ]
        },
        "f1": {
            "macro": [
                0.7445206008442388,
                0.772607607084438,
                0.788482786234174,
                0.8016010779357042,
                0.7958927734966453,
                0.7979756969196913
            ],
            "micro": [
                0.7478323699421965,
                0.7797576621525303,
                0.7923411662315056,
                0.802203477362713,
                0.7991775188485265,
                0.7973612990527741
            ],
            "weighted": [
                0.7430134169535207,
                0.7710739961794766,
                0.7875222838405417,
                0.8010488898303153,
                0.7951139669668518,
                0.797592170000728
            ]
        }
    },
    "test": {
        "loss": [
            3.0162806510925293,
            3.069614589214325,
            3.21462345123291,
            3.5392481088638306,
            3.4362915754318237,
            4.192955791950226
        ],
        "accuracy": {
            "macro": [
                0.7216748768472908,
                0.7130541871921182,
                0.7192118226600985,
                0.7241379310344828,
                0.7352216748768473,
                0.7044334975369458
            ],
            "micro": [
                0.7216748768472906,
                0.7130541871921182,
                0.7192118226600985,
                0.7241379310344828,
                0.7352216748768473,
                0.7044334975369458
            ]
        },
        "precision": {
            "macro": [
                0.2711038961038961,
                0.2074829931972789,
                0.34720496894409936,
                0.6634510125889436,
                0.6503139717425431,
                0.3194151223707874
            ],
            "micro": [
                0.17543859649122806,
                0.17647058823529413,
                0.22535211267605634,
                0.2988505747126437,
                0.3488372093023256,
                0.23711340206185566
            ],
            "weighted": [
                0.4546055796055796,
                0.36747291509196267,
                0.5428341384863125,
                0.8122377303411786,
                0.793461829176115,
                0.4762918364450931
            ]
        },
        "recall": {
            "macro": [
                0.060543655013701105,
                0.06039735993653044,
                0.07362243491275751,
                0.15030925935303815,
                0.15013145456693847,
                0.10693832537150509
            ],
            "micro": [
                0.05291005291005291,
                0.06349206349206349,
                0.08465608465608465,
                0.13756613756613756,
                0.15873015873015872,
                0.12169312169312169
            ],
            "weighted": [
                0.05291005291005291,
                0.06349206349206349,
                0.08465608465608465,
                0.13756613756613756,
                0.15873015873015872,
                0.12169312169312169
            ]
        },