{
    "train": {
        "loss": [
            95.97926695644855,
            54.84294718503952,
            42.85240809246898,
            37.007958222180605,
            30.8117181006819,
            26.513102137483656
        ],
        "accuracy": {
            "macro": [
                0.8851837448959752,
                0.936086009100814,
                0.9490803050695379,
                0.9559059155290649,
                0.9635807216560917,
                0.9683554444658079
            ],
            "micro": [
                0.8851837448959751,
                0.936086009100814,
                0.9490803050695379,
                0.9559059155290649,
                0.9635807216560918,
                0.9683554444658079
            ]
        },
        "precision": {
            "macro": [
                0.7552264286886451,
                0.8573357662602019,
                0.8841801185983508,
                0.8992823885999641,
                0.9169868353903096,
                0.9241229895927797
            ],
            "micro": [
                0.7507423034849195,
                0.8539031836022678,
                0.8820947005330825,
                0.8978395061728395,
                0.9151325106210804,
                0.9238968024703655
            ]
        },
        "recall": {
            "macro": [
                0.46666476572276344,
                0.7474758822292746,
                0.8046027009983447,
                0.8325668836118831,
                0.8631695805972193,
                0.884453436890534
            ],
            "micro": [
                0.466634288489558,
                0.7472569411315714,
                0.8045571551148822,
                0.8322525271790959,
                0.8631809941799446,
                0.8845126835781041
            ]
        },
        "f1": {
            "macro": [
                0.5743638074487086,
                0.7974209245394456,
                0.8416457230525168,
                0.8639934017671639,
                0.8888008867047962,
                0.903495805694225
            ],
            "micro": [
                0.5755361207619503,
                0.7970284434946319,
                0.8415436777024331,
                0.863802830842324,
                0.8883978985613983,
                0.9037758830694275
            ]
        }
    },
    "val": {
        "loss": [
            16.43875129520893,
            14.768762703984976,
            14.579853653907776,
            14.003013081848621,
            15.303443152457476,
            15.801078476011753
        ],
        "accuracy": {
            "macro": [
                0.9235057694800987,
                0.9327110073901207,
                0.9355633346298458,
                0.9373136263451315,
                0.9349150784389991,
                0.9373784519642162
            ],
            "micro": [
                0.9235057694800985,
                0.9327110073901206,
                0.9355633346298458,
                0.9373136263451316,
                0.9349150784389991,
                0.9373784519642162
            ]
        },
        "precision": {
            "macro": [
                0.8157608074547434,
                0.8217417781669237,
                0.8289639749474568,
                0.8382965093463058,
                0.8183760687113294,
                0.8276334165200722
            ],
            "micro": [
                0.8051663747810858,
                0.8226890756302521,
                0.8291666666666667,
                0.839459231094212,
                0.8142514011208967,
                0.8268292682926829
            ],
            "weighted": [
                0.8169538047418156,
                0.8224439225777989,
                0.8294697702325549,
                0.8385692112005632,
                0.8197814725736529,
                0.8289936948148909
            ]
        },
        "recall": {
            "macro": [
                0.7140671480187172,
                0.7590158962892005,
                0.7712808782061916,
                0.7699544619175794,
                0.7897535329653439,
                0.7891777419666813
            ],
            "micro": [
                0.7144522144522144,
                0.7606837606837606,
                0.7731157731157731,
                0.771950271950272,
                0.7902097902097902,
                0.7902097902097902
            ],
            "weighted": [
                0.7144522144522144,
                0.7606837606837606,
                0.7731157731157731,
                0.771950271950272,
                0.7902097902097902,
                0.7902097902097902
            ]
        },
        "f1": {
            "macro": [
                0.7572247216932028,
                0.7884064679381781,
                0.7976471531092736,
                0.8010200923163701,
                0.8019382444122497,
                0.8071164783385254
            ],
            "micro": [
                0.7571016879374226,
                0.7904723455793298,
                0.8001608363490149,
                0.8042906294272415,
                0.8020504731861199,
                0.8081048867699642
            ],
            "weighted": [
                0.7580451468809226,
                0.7896389360077586,
                0.7988543490942943,
                0.8022481140047353,
                0.8028502920065509,
                0.8083097377345395
            ]
        }
    },
    "test": {
        "loss": [
            3.0605196356773376,
            3.0077089071273804,
            3.4016488790512085,
            3.077457010746002,
            3.9869622588157654,
            3.965591788291931
        ],
        "accuracy": {
            "macro": [
                0.6882183908045977,
                0.6954022988505747,
                0.7040229885057471,
                0.7298850574712644,
                0.7040229885057471,
                0.7183908045977012
            ],
            "micro": [
                0.6882183908045977,
                0.6954022988505747,
                0.7040229885057471,
                0.7298850574712644,
                0.7040229885057471,
                0.7183908045977011
            ]
        },
        "precision": {
            "macro": [
                0.6342213114754098,
                0.5972222222222222,
                0.7544923629829291,
                0.7643410852713178,
                0.7985315338256515,
                0.6425565175565175
            ],
            "micro": [
                0.32051282051282054,
                0.35802469135802467,
                0.40860215053763443,
                0.5061728395061729,
                0.4247787610619469,
                0.46534653465346537
            ],
            "weighted": [
                0.7180913348946135,
                0.640652557319224,
                0.7890799925840358,
                0.8216151921578279,
                0.839115444157461,
                0.6905468135626865
            ]
        },
        "recall": {
            "macro": [
                0.2037208535192406,
                0.2021453680727874,
                0.23918773878451297,
                0.2396800779865296,
                0.28354938818648495,
                0.2655941877716071
            ],
            "micro": [
                0.13227513227513227,
                0.15343915343915343,
                0.20105820105820105,
                0.21693121693121692,
                0.25396825396825395,
                0.24867724867724866
            ],
            "weighted": [
                0.13227513227513227,
                0.15343915343915343,
                0.20105820105820105,
                0.21693121693121692,
                0.25396825396825395,
                0.24867724867724866
            ]
        },