{
    "train": {
        "loss": [
            106.57242731750011,
            63.276263646781445,
            51.44946055486798,
            43.84005984291434,
            36.447386007755995,
            30.39707619138062
        ],
        "accuracy": {
            "macro": [
                0.8946014811992474,
                0.9364371801221728,
                0.9478171654991864,
                0.955081487770938,
                0.9626406283167056,
                0.9685252010660629
            ],
            "micro": [
                0.8946014811992475,
                0.9364371801221727,
                0.9478171654991863,
                0.955081487770938,
                0.9626406283167056,
                0.9685252010660629
            ]
        },
        "precision": {
            "macro": [
                0.7643161828682199,
                0.8359286448101858,
                0.8658326751035907,
                0.8812183211058969,
                0.8999953247201579,
                0.9147378351141737
            ],
            "micro": [
                0.7641446267157683,
                0.8360817616273328,
                0.8646087446049916,
                0.8798224959246513,
                0.8987017574847656,
                0.9135416666666667
            ]
        },
        "recall": {
            "macro": [
                0.38034728577956056,
                0.6943336755851527,
                0.7557899834673248,
                0.7968391465787333,
                0.8345995853470611,
                0.86313768121006
            ],
            "micro": [
                0.3801632245169887,
                0.6941870951873411,
                0.7555136508977618,
                0.7965073378699681,
                0.8343035172583422,
                0.8628351233909978
            ]
        },
        "f1": {
            "macro": [
                0.5043932420795663,
                0.7578758580480857,
                0.8064216195192755,
                0.8363710923194608,
                0.8656274961748132,
                0.88775961465623
            ],
            "micro": [
                0.5077299521743965,
                0.7585558143701846,
                0.8063880988842703,
                0.83609449632084,
                0.8653061224489795,
                0.8874646877767003
            ]
        }
    },
    "val": {
        "loss": [
            17.779341958463192,
            15.042536996304989,
            15.114007651805878,
            15.558732159435749,
            15.983910784125328,
            16.59880106151104
        ],
        "accuracy": {
            "macro": [
                0.9319773257752584,
                0.9407421521459535,
                0.9408374219978087,
                0.939551278997761,
                0.940027628257038,
                0.9411708664793025
            ],
            "micro": [
                0.9319773257752584,
                0.9407421521459534,
                0.9408374219978088,
                0.9395512789977611,
                0.940027628257038,
                0.9411708664793026
            ]
        },
        "precision": {
            "macro": [
                0.8193973000978421,
                0.8390327228813853,
                0.8236344779697123,
                0.8162617190101511,
                0.8109070326171862,
                0.8093686323917011
            ],
            "micro": [
                0.8192526401299757,
                0.8335866261398176,
                0.8231617647058823,
                0.8141560798548094,
                0.805331462644686,
                0.8067431352102885
            ],
            "weighted": [
                0.8200134901216072,
                0.8400627686769204,
                0.8259664860835717,
                0.8193776210049547,
                0.8132726233524679,
                0.8118486118823736
            ]
        },
        "recall": {
            "macro": [
                0.6716563678185598,
                0.7310845758399471,
                0.7466353576482943,
                0.7484765893133926,
                0.7658032778707906,
                0.7732486008983008
            ],
            "micro": [
                0.6723333333333333,
                0.7313333333333333,
                0.7463333333333333,
                0.7476666666666667,
                0.7653333333333333,
                0.7736666666666666
            ],
            "weighted": [
                0.6723333333333333,
                0.7313333333333333,
                0.7463333333333333,
                0.7476666666666667,
                0.7653333333333333,
                0.7736666666666666
            ]
        },
        "f1": {
            "macro": [
                0.7364484994467172,
                0.7785220076643835,
                0.7808080223734548,
                0.772096893255584,
                0.7844391482074353,
                0.7888978087348384
            ],
            "micro": [
                0.7385573050164775,
                0.7791193181818181,
                0.7828671328671328,
                0.7794960903562121,
                0.784823107161169,
                0.7898587714820486
            ],
            "weighted": [
                0.7371274012454679,
                0.7791331148077726,
                0.7816805057056712,
                0.7731515524692045,
                0.7853010465457186,
                0.7903577156830442
            ]
        }
    },
    "test": {
        "loss": [
            2.86098051071167,
            2.970001995563507,
            3.2129746675491333,
            3.2981616258621216,
            4.006268501281738,
            3.878667175769806
        ],
        "accuracy": {
            "macro": [
                0.7376847290640394,
                0.7352216748768472,
                0.727832512315271,
                0.727832512315271,
                0.6982758620689654,
                0.7192118226600985
            ],
            "micro": [
                0.7376847290640394,
                0.7352216748768473,
                0.7278325123152709,
                0.7278325123152709,
                0.6982758620689655,
                0.7192118226600985
            ]
        },
        "precision": {
            "macro": [
                0.4131868131868132,
                0.42410714285714285,
                0.34837413226160024,
                0.49350649350649345,
                0.48668714797747054,
                0.6617772108843537
            ],
            "micro": [
                0.2777777777777778,
                0.26785714285714285,
                0.2948717948717949,
                0.3181818181818182,
                0.20833333333333334,
                0.29473684210526313
            ],
            "weighted": [
                0.5957671957671957,
                0.6565806878306878,
                0.534060000811919,
                0.6219336219336219,
                0.6293925774212512,
                0.8237985008818342
            ]
        },
        "recall": {
            "macro": [
                0.0841162933328832,
                0.10571394811026147,
                0.10055760931336968,
                0.12235008974640312,
                0.09807516472263016,
                0.12441052930684268
            ],
            "micro": [
                0.07936507936507936,
                0.07936507936507936,
                0.12169312169312169,
                0.14814814814814814,
                0.10582010582010581,
                0.14814814814814814
            ],
            "weighted": [
                0.07936507936507936,
                0.07936507936507936,
                0.12169312169312169,
                0.14814814814814814,
                0.10582010582010581,
                0.14814814814814814
            ]
        },