{
    "train": {
        "loss": [
            105.7134317457676,
            63.3340063765645,
            51.973250567913055,
            43.824491050094366,
            36.68267586454749,
            30.58526268415153
        ],
        "accuracy": {
            "macro": [
                0.8939227966565856,
                0.9365315219698579,
                0.9466025142102409,
                0.9553880987759146,
                0.9618269298804217,
                0.9684780301422203
            ],
            "micro": [
                0.8939227966565856,
                0.9365315219698578,
                0.9466025142102408,
                0.9553880987759146,
                0.9618269298804217,
                0.9684780301422203
            ]
        },
        "precision": {
            "macro": [
                0.733037190536943,
                0.8331821386400869,
                0.8617082590224809,
                0.884477553318695,
                0.9008631994607924,
                0.9169790018446461
            ],
            "micro": [
                0.7394126738794435,
                0.8324551131928181,
                0.8597972972972973,
                0.8826525971072501,
                0.8989224329860184,
                0.9159605136717044
            ]
        },
        "recall": {
            "macro": [
                0.3988110613413145,
                0.6997393082436829,
                0.7513924682006871,
                0.7956982912727338,
                0.8277734018012202,
                0.8597471549973135
            ],
            "micro": [
                0.39843424668943117,
                0.6994916366021646,
                0.7512299114463759,
                0.795588717612332,
                0.8276484093145293,
                0.8597081010167268
            ]
        },
        "f1": {
            "macro": [
                0.514745783601921,
                0.7596448685733898,
                0.8019759775655386,
                0.8370323032178847,
                0.862128640801392,
                0.8870418858067488
            ],
            "micro": [
                0.5178329815446231,
                0.7602031723400464,
                0.8018554174689306,
                0.836862305403424,
                0.8618143009605123,
                0.8869432813094784
            ]
        }
    },
    "val": {
        "loss": [
            17.509712733328342,
            15.2713543176651,
            15.25493111461401,
            15.144524563103914,
            14.992748707532883,
            16.248817667365074
        ],
        "accuracy": {
            "macro": [
                0.9321678654789691,
                0.9391701995903395,
                0.9401705330348211,
                0.940503977516315,
                0.9427428190349164,
                0.9414090411089412
            ],
            "micro": [
                0.9321678654789691,
                0.9391701995903396,
                0.9401705330348211,
                0.940503977516315,
                0.9427428190349164,
                0.9414090411089411
            ]
        },
        "precision": {
            "macro": [
                0.8141754710268133,
                0.8363822771756098,
                0.8333588084582372,
                0.8171570747761487,
                0.822850716774684,
                0.8143600522635406
            ],
            "micro": [
                0.8185858585858586,
                0.8323053199691596,
                0.8256812243374393,
                0.8108587650816181,
                0.8239106949945985,
                0.8105927744650999
            ],
            "weighted": [
                0.8167039989378374,
                0.8388691422989722,
                0.8346471305011604,
                0.818425879247692,
                0.8243801974287461,
                0.8158287854825653
            ]
        },
        "recall": {
            "macro": [
                0.6734459513474705,
                0.7177690025522802,
                0.7348168641954798,
                0.7601966205888747,
                0.7607956204548719,
                0.7689435755791365
            ],
            "micro": [
                0.6751082972342553,
                0.7194268577140953,
                0.7370876374541819,
                0.7614128623792069,
                0.7624125291569477,
                0.7700766411196268
            ],
            "weighted": [
                0.6751082972342553,
                0.7194268577140953,
                0.7370876374541819,
                0.7614128623792069,
                0.7624125291569477,
                0.7700766411196268
            ]
        },
        "f1": {
            "macro": [
                0.7329851360268614,
                0.7621623412556398,
                0.7700294318241763,
                0.7859320210289275,
                0.7894959433286797,
                0.7894393428618759
            ],
            "micro": [
                0.739956172388605,
                0.7717605004468275,
                0.7788732394366197,
                0.7853583089877986,
                0.791969539633091,
                0.7898154477101845
            ],
            "weighted": [
                0.7351006509293135,
                0.7644879000214888,
                0.7720119592478781,
                0.7872568922774293,
                0.7910790986682488,
                0.7907220033791454
            ]
        }
    },
    "test": {
        "loss": [
            2.8314062356948853,
            3.1273942589759827,
            3.3272367119789124,
            3.6465880274772644,
            2.9493706822395325,
            3.8467918038368225
        ],
        "accuracy": {
            "macro": [
                0.7389162561576355,
                0.7253694581280788,
                0.7253694581280788,
                0.7118226600985222,
                0.7487684729064039,
                0.7229064039408868
            ],
            "micro": [
                0.7389162561576355,
                0.7253694581280788,
                0.7253694581280788,
                0.7118226600985221,
                0.7487684729064039,
                0.7229064039408867
            ]
        },
        "precision": {
            "macro": [
                0.45864661654135336,
                0.4325396825396825,
                0.5012004801920769,
                0.5448179271708683,
                0.623147737355812,
                0.639030612244898
            ],
            "micro": [
                0.2553191489361702,
                0.22580645161290322,
                0.25,
                0.21518987341772153,
                0.4050632911392405,
                0.3125
            ],
            "weighted": [
                0.6970203285992759,
                0.6256613756613757,
                0.6101774042950514,
                0.6661998132586368,
                0.7499396135265701,
                0.7543934240362812
            ]
        },
        "recall": {
            "macro": [
                0.07561429865577331,
                0.0667465662857368,
                0.10233460216179112,
                0.09999388092706066,
                0.1547813873274703,
                0.15949433950586026
            ],
            "micro": [
                0.06349206349206349,
                0.07407407407407407,
                0.08994708994708994,
                0.08994708994708994,
                0.1693121693121693,
                0.15873015873015872
            ],
            "weighted": [
                0.06349206349206349,
                0.07407407407407407,
                0.08994708994708994,
                0.08994708994708994,
                0.1693121693121693,
                0.15873015873015872
            ]
        },