{
    "train": {
        "loss": [
            96.63683412969112,
            54.967443607747555,
            43.04703273624182,
            36.81161590665579,
            31.194973193109035,
            25.39527585171163
        ],
        "accuracy": {
            "macro": [
                0.8860749238447081,
                0.9354130615907198,
                0.948311222200859,
                0.9561782990450554,
                0.9635326539767993,
                0.9693328206114208
            ],
            "micro": [
                0.886074923844708,
                0.9354130615907197,
                0.9483112222008588,
                0.9561782990450555,
                0.9635326539767993,
                0.9693328206114209
            ]
        },
        "precision": {
            "macro": [
                0.7819763759028215,
                0.8579827461424009,
                0.8839680204544501,
                0.8991446756371401,
                0.9179448281194861,
                0.928476439376285
            ],
            "micro": [
                0.7784023164707886,
                0.8557883131201764,
                0.8821176718240186,
                0.8970001023855841,
                0.9166920345002537,
                0.9273180458624127
            ]
        },
        "recall": {
            "macro": [
                0.443140060644859,
                0.7402788644643935,
                0.7994701025854529,
                0.835338697067979,
                0.8614036720264004,
                0.8871718664926801
            ],
            "micro": [
                0.4436893203883495,
                0.7402956604673343,
                0.7991799370649375,
                0.8351763584366063,
                0.8612832491181237,
                0.8869921800495899
            ]
        },
        "f1": {
            "macro": [
                0.5636308468495798,
                0.793868614059332,
                0.8390800984271157,
                0.8655863203497529,
                0.8882541269749669,
                0.9070462536669378
            ],
            "micro": [
                0.5652093253354771,
                0.7938634620301713,
                0.8386031618971383,
                0.8649849434763291,
                0.888124262681872,
                0.9067069604211346
            ]
        }
    },
    "val": {
        "loss": [
            16.997285276651382,
            14.456553615629673,
            13.808233458548784,
            13.455054946243763,
            13.703165650367737,
            16.056674353778362
        ],
        "accuracy": {
            "macro": [
                0.9190976273823415,
                0.9324517049137819,
                0.935304032153507,
                0.9382211850123169,
                0.936665370154285,
                0.933035135485544
            ],
            "micro": [
                0.9190976273823415,
                0.9324517049137819,
                0.9353040321535071,
                0.9382211850123169,
                0.936665370154285,
                0.9330351354855438
            ]
        },
        "precision": {
            "macro": [
                0.8047004430673902,
                0.8311073328329325,
                0.8279587698308332,
                0.8386542767521382,
                0.8245718408788201,
                0.8158749170073687
            ],
            "micro": [
                0.7944839857651246,
                0.8326086956521739,
                0.8268272425249169,
                0.8332647179909428,
                0.8237921234267154,
                0.8124238733252132
            ],
            "weighted": [
                0.8052767424730713,
                0.8313480830566177,
                0.8284077535186675,
                0.8395586003873066,
                0.8250990845356295,
                0.8164955612774136
            ]
        },
        "recall": {
            "macro": [
                0.6945654052521867,
                0.7434191527872894,
                0.7735827093689314,
                0.786803659609983,
                0.788060967163129,
                0.7772063778716921
            ],
            "micro": [
                0.6944012441679627,
                0.744556765163297,
                0.7741057542768274,
                0.7869362363919129,
                0.7888802488335925,
                0.7779937791601866
            ],
            "weighted": [
                0.6944012441679627,
                0.744556765163297,
                0.7741057542768274,
                0.7869362363919129,
                0.7888802488335925,
                0.7779937791601866
            ]
        },
        "f1": {
            "macro": [
                0.7402188098609016,
                0.782803171075508,
                0.7993680848711547,
                0.8103896098121671,
                0.8051208072149336,
                0.7947377498075401
            ],
            "micro": [
                0.7410788381742739,
                0.7861247947454844,
                0.7995983935742972,
                0.8094381123775245,
                0.8059582919563059,
                0.7948361469712015
            ],
            "weighted": [
                0.7403427136294649,
                0.7835817937583825,
                0.7998527669695046,
                0.8108836430218148,
                0.8058096159322475,
                0.7954488286890501
            ]
        }
    },
    "test": {
        "loss": [
            2.7707239985466003,
            2.8201043605804443,
            3.563537299633026,
            3.5202916860580444,
            3.1112293004989624,
            3.473137855529785
        ],
        "accuracy": {
            "macro": [
                0.7241379310344828,
                0.7255747126436782,
                0.7025862068965517,
                0.7097701149425286,
                0.7313218390804598,
                0.728448275862069
            ],
            "micro": [
                0.7241379310344828,
                0.7255747126436781,
                0.7025862068965517,
                0.7097701149425287,
                0.7313218390804598,
                0.728448275862069
            ]
        },
        "precision": {
            "macro": [
                0.2927438307873091,
                0.6638176638176638,
                0.4281375850003301,
                0.6084905660377359,
                0.6866729366729367,
                0.7340543941153697
            ],
            "micro": [
                0.4827586206896552,
                0.4861111111111111,
                0.4,
                0.4329896907216495,
                0.5106382978723404,
                0.5
            ],
            "weighted": [
                0.4067437002219611,
                0.7072310405643738,
                0.46873025304397853,
                0.6381223348878335,
                0.7174450745879316,
                0.772656533254675
            ]
        },
        "recall": {
            "macro": [
                0.21087872700775925,
                0.19418916656819882,
                0.18317521039295234,
                0.230321612378064,
                0.2279610100174616,
                0.22070458663200598
            ],
            "micro": [
                0.2222222222222222,
                0.18518518518518517,
                0.19047619047619047,
                0.2222222222222222,
                0.25396825396825395,
                0.25925925925925924
            ],
            "weighted": [
                0.2222222222222222,
                0.18518518518518517,
                0.19047619047619047,
                0.2222222222222222,
                0.25396825396825395,
                0.25925925925925924
            ]
        },