{
    "train": {
        "loss": [
            103.91092053800821,
            63.79552748054266,
            52.06320918723941,
            44.2953183837235,
            37.57113950699568,
            31.56539555080235
        ],
        "accuracy": {
            "macro": [
                0.8984116400352439,
                0.9356116889549283,
                0.946920917946178,
                0.9552230005424657,
                0.961201915139508,
                0.9676171607820939
            ],
            "micro": [
                0.898411640035244,
                0.9356116889549282,
                0.9469209179461779,
                0.9552230005424657,
                0.961201915139508,
                0.9676171607820939
            ]
        },
        "precision": {
            "macro": [
                0.7790292654454358,
                0.8310080805056285,
                0.8613426092385238,
                0.8836077624819074,
                0.8988214224982511,
                0.9129023262517053
            ],
            "micro": [
                0.7833605220228385,
                0.830958230958231,
                0.8612206572769953,
                0.8827014218009479,
                0.8977221974095578,
                0.9124399825403754
            ]
        },
        "recall": {
            "macro": [
                0.39960499759822454,
                0.6930078119928061,
                0.7519220522563409,
                0.7940869107584546,
                0.824061699148678,
                0.8571343324614091
            ],
            "micro": [
                0.3999666833250042,
                0.6933169331693317,
                0.7521115211152112,
                0.7941779417794178,
                0.8241082410824109,
                0.8570725707257073
            ]
        },
        "f1": {
            "macro": [
                0.525536793698761,
                0.7549514108286726,
                0.8021304490176439,
                0.835938554521305,
                0.8593250613423183,
                0.8838358273179907
            ],
            "micro": [
                0.5295544772827526,
                0.75592311130979,
                0.8029765813088203,
                0.8361030776535588,
                0.8593415989739205,
                0.8838900634249472
            ]
        }
    },
    "val": {
        "loss": [
            18.000880055129528,
            16.091241486370564,
            15.2367925606668,
            15.069760009646416,
            16.270207956433296,
            16.264897231012583
        ],
        "accuracy": {
            "macro": [
                0.9282141666269709,
                0.9369313580717381,
                0.9408374219978087,
                0.9420759300719287,
                0.9379316915162198,
                0.9427904539608442
            ],
            "micro": [
                0.9282141666269709,
                0.9369313580717382,
                0.9408374219978088,
                0.9420759300719287,
                0.9379316915162197,
                0.942790453960844
            ]
        },
        "precision": {
            "macro": [
                0.8029879817335385,
                0.8215006572443624,
                0.8250591821052307,
                0.8233260374638787,
                0.8071236432343063,
                0.8198854737774026
            ],
            "micro": [
                0.7925636007827789,
                0.8144677661169415,
                0.8214024835646457,
                0.8203012912482066,
                0.8022056207755247,
                0.8208051300320627
            ],
            "weighted": [
                0.8016473656015004,
                0.8195392616469808,
                0.8249056934733532,
                0.8225557639466607,
                0.8059881449282366,
                0.8186779113598943
            ]
        },
        "recall": {
            "macro": [
                0.675031136299091,
                0.7236124189549565,
                0.7510748741133304,
                0.7631298557290689,
                0.7527004856175915,
                0.7685695920485924
            ],
            "micro": [
                0.6745502998001333,
                0.723850766155896,
                0.7491672218520986,
                0.7618254497001998,
                0.751165889407062,
                0.7674883411059293
            ],
            "weighted": [
                0.6745502998001333,
                0.723850766155896,
                0.7491672218520986,
                0.7618254497001998,
                0.751165889407062,
                0.7674883411059293
            ]
        },
        "f1": {
            "macro": [
                0.7291141880489409,
                0.7630159323504412,
                0.7843810012102167,
                0.7902462204905779,
                0.7715385835517738,
                0.7927008258807653
            ],
            "micro": [
                0.7288105092675904,
                0.766490299823633,
                0.783623693379791,
                0.7899827288428325,
                0.7758472389471873,
                0.7932518505766913
            ],
            "weighted": [
                0.7282889488995333,
                0.7623018840026416,
                0.7832390803857664,
                0.7891601295478624,
                0.7700749424105933,
                0.7915444015087282
            ]
        }
    },
    "test": {
        "loss": [
            3.135421574115753,
            3.2696865797042847,
            3.162169337272644,
            3.1691839694976807,
            3.4574259519577026,
            3.7877166867256165
        ],
        "accuracy": {
            "macro": [
                0.7167487684729065,
                0.7068965517241379,
                0.7142857142857143,
                0.7290640394088671,
                0.7167487684729065,
                0.730295566502463
            ],
            "micro": [
                0.7167487684729064,
                0.7068965517241379,
                0.7142857142857143,
                0.729064039408867,
                0.7167487684729064,
                0.7302955665024631
            ]
        },
        "precision": {
            "macro": [
                0.28474903474903474,
                0.32588614393125676,
                0.5256132756132756,
                0.6775510204081633,
                0.580532212885154,
                0.6278911564625851
            ],
            "micro": [
                0.2028985507246377,
                0.13432835820895522,
                0.22784810126582278,
                0.2987012987012987,
                0.25301204819277107,
                0.3404255319148936
            ],
            "weighted": [
                0.4730802230802231,
                0.5257667979472491,
                0.7525920581476139,
                0.8485260770975056,
                0.7023290797800601,
                0.7585789871504158
            ]
        },
        "recall": {
            "macro": [
                0.11726113108601588,
                0.03796582321927944,
                0.0868790195979136,
                0.13244437973700646,
                0.08301464920128517,
                0.1446577679872611
            ],
            "micro": [
                0.07407407407407407,
                0.047619047619047616,
                0.09523809523809523,
                0.12169312169312169,
                0.1111111111111111,
                0.1693121693121693
            ],
            "weighted": [
                0.07407407407407407,
                0.047619047619047616,
                0.09523809523809523,
                0.12169312169312169,
                0.1111111111111111,
                0.1693121693121693
            ]
        },