{
    "train": {
        "loss": [
            102.18115843832493,
            61.97556834667921,
            51.32789846509695,
            42.9540740698576,
            36.665804559364915,
            31.69651890732348
        ],
        "accuracy": {
            "macro": [
                0.9007847199895211,
                0.9376348904954535,
                0.947942588246394,
                0.9558679576841882,
                0.9624252573976012,
                0.9678267740680025
            ],
            "micro": [
                0.9007847199895211,
                0.9376348904954536,
                0.9479425882463941,
                0.9558679576841882,
                0.9624252573976012,
                0.9678267740680025
            ]
        },
        "precision": {
            "macro": [
                0.7838231818428526,
                0.83767808956134,
                0.8637297119184162,
                0.8831416277990659,
                0.898765688176703,
                0.9134858178547363
            ],
            "micro": [
                0.7868186787443386,
                0.8373388042203986,
                0.8627377844088027,
                0.8817524841915085,
                0.8971080938106154,
                0.9122104163037799
            ]
        },
        "recall": {
            "macro": [
                0.41940485314862624,
                0.7026963168475159,
                0.7587582800309008,
                0.8005000912601634,
                0.8345185459014439,
                0.8591588314369504
            ],
            "micro": [
                0.419658475635152,
                0.7028866655732328,
                0.7587338035099229,
                0.8004756437592259,
                0.8344267672625881,
                0.8589470231261276
            ]
        },
        "f1": {
            "macro": [
                0.5433699540264977,
                0.76323782148368,
                0.8070972204901417,
                0.8392402636563185,
                0.864886539211653,
                0.8849614824185278
            ],
            "micro": [
                0.5473707083876576,
                0.7642443156486848,
                0.8074002967100096,
                0.8391506189821183,
                0.8646329027872195,
                0.8847778340935969
            ]
        }
    },
    "val": {
        "loss": [
            17.603946924209595,
            15.468366049230099,
            14.954115211963654,
            15.282010361552238,
            15.516826678067446,
            16.35887885093689
        ],
        "accuracy": {
            "macro": [
                0.932,
                0.9374761904761905,
                0.9415238095238097,
                0.9422857142857144,
                0.9407619047619048,
                0.9414285714285714
            ],
            "micro": [
                0.932,
                0.9374761904761905,
                0.9415238095238095,
                0.9422857142857143,
                0.9407619047619048,
                0.9414285714285714
            ]
        },
        "precision": {
            "macro": [
                0.799266896751642,
                0.8289521246428943,
                0.8279394586475555,
                0.8297131518875952,
                0.8133838869210352,
                0.8153649815631867
            ],
            "micro": [
                0.7932960893854749,
                0.8227654698242933,
                0.8261668504226387,
                0.8227027027027027,
                0.8108872393071757,
                0.8072790294627383
            ],
            "weighted": [
                0.7987964153440681,
                0.8284468815636941,
                0.8278601801763842,
                0.829950141827396,
                0.8142168032660999,
                0.81491776433989
            ]
        },
        "recall": {
            "macro": [
                0.7083762323956847,
                0.7161929979582705,
                0.748698071595862,
                0.7601447637444811,
                0.7641437568161674,
                0.7756091519804603
            ],
            "micro": [
                0.7092907092907093,
                0.7172827172827173,
                0.7485847485847485,
                0.7602397602397603,
                0.7639027639027639,
                0.7755577755577756
            ],
            "weighted": [
                0.7092907092907093,
                0.7172827172827173,
                0.7485847485847485,
                0.7602397602397603,
                0.7639027639027639,
                0.7755577755577756
            ]
        },
        "f1": {
            "macro": [
                0.7449642496735758,
                0.7617983669254341,
                0.7837136680960212,
                0.7909376463854071,
                0.7868238756151609,
                0.792672920880535
            ],
            "micro": [
                0.7489451476793249,
                0.7664116705212597,
                0.7854647099930119,
                0.7902388369678088,
                0.7866941015089163,
                0.791100543478261
            ],
            "weighted": [
                0.745232285022471,
                0.7620939265292409,
                0.7835704189802145,
                0.7909988156089349,
                0.7870636246994714,
                0.7924018928966645
            ]
        }
    },
    "test": {
        "loss": [
            3.01053386926651,
            3.1519957780838013,
            3.207260847091675,
            3.651948928833008,
            3.435162663459778,
            4.012463092803955
        ],
        "accuracy": {
            "macro": [
                0.7179802955665026,
                0.7093596059113301,
                0.730295566502463,
                0.7142857142857143,
                0.732758620689655,
                0.7142857142857143
            ],
            "micro": [
                0.7179802955665024,
                0.7093596059113301,
                0.7302955665024631,
                0.7142857142857143,
                0.7327586206896551,
                0.7142857142857143
            ]
        },
        "precision": {
            "macro": [
                0.24633699633699632,
                0.37142857142857144,
                0.6669642857142858,
                0.6789638932496075,
                0.6706632653061224,
                0.7032312925170068
            ],
            "micro": [
                0.22972972972972974,
                0.20253164556962025,
                0.3125,
                0.26373626373626374,
                0.35714285714285715,
                0.29906542056074764
            ],
            "weighted": [
                0.3805114638447971,
                0.5904761904761905,
                0.8052579365079364,
                0.8227513227513228,
                0.8248960695389268,
                0.8503086419753086
            ]
        },
        "recall": {
            "macro": [
                0.12236457858577675,
                0.06437433534207727,
                0.1446476398665339,
                0.1526814902966977,
                0.18997435616099212,
                0.19862264591527265
            ],
            "micro": [
                0.08994708994708994,
                0.08465608465608465,
                0.13227513227513227,
                0.12698412698412698,
                0.18518518518518517,
                0.1693121693121693
            ],
            "weighted": [
                0.08994708994708994,
                0.08465608465608465,
                0.13227513227513227,
                0.12698412698412698,
                0.18518518518518517,
                0.1693121693121693
            ]
        },