{
    "train": {
        "loss": [
            93.96827302873135,
            52.545693915337324,
            44.38605756312609,
            36.97102514654398,
            31.371442826464772,
            26.207801431417465
        ],
        "accuracy": {
            "macro": [
                0.8869713174526009,
                0.9388840816588148,
                0.9475851680928117,
                0.9569913149376662,
                0.9628401115277377,
                0.9686568599173158
            ],
            "micro": [
                0.8869713174526008,
                0.9388840816588149,
                0.9475851680928116,
                0.9569913149376662,
                0.9628401115277377,
                0.9686568599173156
            ]
        },
        "precision": {
            "macro": [
                0.7638431666611085,
                0.86297706289986,
                0.8775800552186017,
                0.9013175278800679,
                0.9119554172769663,
                0.9263291332995828
            ],
            "micro": [
                0.756285670214407,
                0.8601662887377173,
                0.8763435249921736,
                0.8999897425376961,
                0.9114000604777744,
                0.9248157737502489
            ]
        },
        "recall": {
            "macro": [
                0.47603926305129124,
                0.7595813979756926,
                0.8004819005394697,
                0.8370904937261546,
                0.8629316769338095,
                0.8857748320900217
            ],
            "micro": [
                0.47611186638182174,
                0.7597520267048165,
                0.8010301411674933,
                0.8369741486215778,
                0.862621637092158,
                0.8854881769641495
            ]
        },
        "f1": {
            "macro": [
                0.5829571087794112,
                0.8069759070327858,
                0.8364561774363998,
                0.8672195210353649,
                0.8862598515213783,
                0.9051622597264005
            ],
            "micro": [
                0.5843513497407782,
                0.8068469563455891,
                0.8369960631883191,
                0.8673388691182286,
                0.8863402440817528,
                0.9047247929858743
            ]
        }
    },
    "val": {
        "loss": [
            15.885352045297623,
            14.494351457804441,
            13.111278295516968,
            14.625992842018604,
            13.590299624949694,
            14.102716397494078
        ],
        "accuracy": {
            "macro": [
                0.9313115603939864,
                0.9356531881804044,
                0.9421332296526698,
                0.9358475894245722,
                0.9412908242612752,
                0.9421332296526698
            ],
            "micro": [
                0.9313115603939865,
                0.9356531881804043,
                0.9421332296526698,
                0.9358475894245724,
                0.9412908242612753,
                0.9421332296526698
            ]
        },
        "precision": {
            "macro": [
                0.8350421911393132,
                0.8364669217718269,
                0.8526698538002228,
                0.8348471267557834,
                0.8438321547010447,
                0.8431957074290798
            ],
            "micro": [
                0.8288444830582102,
                0.8303384872544922,
                0.8518208455420678,
                0.825925925925926,
                0.8418032786885246,
                0.8418056120374136
            ],
            "weighted": [
                0.8357349092960102,
                0.8372701060814766,
                0.8534382065935692,
                0.8362977925130316,
                0.8447171833887874,
                0.844028788811745
            ]
        },
        "recall": {
            "macro": [
                0.7410524479073959,
                0.7710434094367078,
                0.7900614212056812,
                0.7795516344263712,
                0.7973730009680993,
                0.8036303592006134
            ],
            "micro": [
                0.7412587412587412,
                0.771950271950272,
                0.7905982905982906,
                0.7797202797202797,
                0.797979797979798,
                0.8041958041958042
            ],
            "weighted": [
                0.7412587412587412,
                0.771950271950272,
                0.7905982905982906,
                0.7797202797202797,
                0.797979797979798,
                0.8041958041958042
            ]
        },
        "f1": {
            "macro": [
                0.7830159816293549,
                0.79922122020425,
                0.8199015948888269,
                0.8028308757197381,
                0.8195319508814786,
                0.8223025779496895
            ],
            "micro": [
                0.7826086956521738,
                0.8000805315079524,
                0.8200685069514406,
                0.802158273381295,
                0.8193059433585959,
                0.8225710311941188
            ],
            "weighted": [
                0.7834593807151563,
                0.8000499019656341,
                0.8205512840876966,
                0.8035609275347907,
                0.8202698675216648,
                0.8229956707441564
            ]
        }
    },
    "test": {
        "loss": [
            2.922817826271057,
            3.1560728549957275,
            2.953917980194092,
            3.12866872549057,
            3.4535739421844482,
            3.5137638449668884
        ],
        "accuracy": {
            "macro": [
                0.714080459770115,
                0.7011494252873564,
                0.7227011494252874,
                0.7212643678160919,
                0.7255747126436782,
                0.7212643678160919
            ],
            "micro": [
                0.7140804597701149,
                0.7011494252873564,
                0.7227011494252874,
                0.7212643678160919,
                0.7255747126436781,
                0.7212643678160919
            ]
        },
        "precision": {
            "macro": [
                0.43998581344682575,
                0.43385744234800844,
                0.49624624624624625,
                0.5382154882154883,
                0.5430555555555556,
                0.5302987861811391
            ],
            "micro": [
                0.4375,
                0.39080459770114945,
                0.4777777777777778,
                0.4731182795698925,
                0.49,
                0.4752475247524752
            ],
            "weighted": [
                0.4886326623672725,
                0.4725267046021763,
                0.6097764431097764,
                0.5872481428036983,
                0.6641534391534392,
                0.6521112148563128
            ]
        },
        "recall": {
            "macro": [
                0.20666840626518046,
                0.2138709185080153,
                0.20881090235928945,
                0.23963798298475716,
                0.26019010857720537,
                0.26874105583783003
            ],
            "micro": [
                0.18518518518518517,
                0.17989417989417988,
                0.2275132275132275,
                0.2328042328042328,
                0.25925925925925924,
                0.25396825396825395
            ],
            "weighted": [
                0.18518518518518517,
                0.17989417989417988,
                0.2275132275132275,
                0.2328042328042328,
                0.25925925925925924,
                0.25396825396825395
            ]
        },