{
    "train": {
        "loss": [
            98.0595174729824,
            55.97410732507706,
            45.50291400030255,
            37.86932278983295,
            29.516282841563225,
            26.053221529349685
        ],
        "accuracy": {
            "macro": [
                0.8825588178106164,
                0.934788181759918,
                0.946596808306095,
                0.9561462539255272,
                0.9656956995449594,
                0.9695891815676472
            ],
            "micro": [
                0.8825588178106164,
                0.934788181759918,
                0.9465968083060949,
                0.9561462539255271,
                0.9656956995449593,
                0.9695891815676473
            ]
        },
        "precision": {
            "macro": [
                0.760422531397796,
                0.856831710653184,
                0.8811591028818491,
                0.9007105856114487,
                0.9219757726243082,
                0.9291084498751473
            ],
            "micro": [
                0.7568706794806946,
                0.8542402826855123,
                0.8787333192120313,
                0.8994638069705094,
                0.9208879919273462,
                0.9277240554281727
            ]
        },
        "recall": {
            "macro": [
                0.43621326814269973,
                0.7373824735712261,
                0.7919108955821947,
                0.8319597233020165,
                0.8703957682284926,
                0.8881283577524327
            ],
            "micro": [
                0.43603691112190385,
                0.737745565515926,
                0.7913209346685741,
                0.8319504053409633,
                0.8705523228083564,
                0.8880618379616375
            ]
        },
        "f1": {
            "macro": [
                0.5531300228729829,
                0.7915897343364399,
                0.8336320663766696,
                0.8643965693349193,
                0.8950241421937339,
                0.9077544809085816
            ],
            "micro": [
                0.5533095032663626,
                0.7917306314604442,
                0.8327394991719778,
                0.8643908239607591,
                0.8950129946550287,
                0.9074597757191614
            ]
        }
    },
    "val": {
        "loss": [
            16.86695260182023,
            15.58018958568573,
            14.52298232447356,
            14.23348419368267,
            15.870314730331302,
            15.429277027957141
        ],
        "accuracy": {
            "macro": [
                0.9233761182419292,
                0.9285621677687023,
                0.9352392065344225,
                0.9338130429145598,
                0.9334889148191365,
                0.9394528717749256
            ],
            "micro": [
                0.9233761182419292,
                0.9285621677687022,
                0.9352392065344224,
                0.9338130429145598,
                0.9334889148191365,
                0.9394528717749254
            ]
        },
        "precision": {
            "macro": [
                0.8168102883738456,
                0.8176761528602331,
                0.8302793541404463,
                0.8233861539173989,
                0.8081965706682848,
                0.8334779511622744
            ],
            "micro": [
                0.8045574057843996,
                0.810126582278481,
                0.8240626287597858,
                0.8195302843016069,
                0.8065027755749405,
                0.8305084745762712
            ],
            "weighted": [
                0.8164668766721801,
                0.8169272690993367,
                0.8288205800075846,
                0.8225167212450613,
                0.8071065267350049,
                0.8335457282112665
            ]
        },
        "recall": {
            "macro": [
                0.715082807173428,
                0.7469969804108465,
                0.7773420184715655,
                0.7752092992362979,
                0.7911581698846858,
                0.8018525339193459
            ],
            "micro": [
                0.713841368584759,
                0.7465007776049767,
                0.7776049766718507,
                0.7733281493001555,
                0.7908242612752722,
                0.8001555209953344
            ],
            "weighted": [
                0.713841368584759,
                0.7465007776049767,
                0.7776049766718507,
                0.7733281493001555,
                0.7908242612752722,
                0.8001555209953344
            ]
        },
        "f1": {
            "macro": [
                0.757854542946998,
                0.7774010656220703,
                0.8018920357667598,
                0.795831014472714,
                0.7991952622230324,
                0.8159709435059036
            ],
            "micro": [
                0.7564894932014834,
                0.7770133549170376,
                0.8001600320064013,
                0.795759151830366,
                0.7985865724381626,
                0.815049504950495
            ],
            "weighted": [
                0.7571423911355561,
                0.7768456377874704,
                0.8013013307914917,
                0.7943682208649623,
                0.798482306934238,
                0.815144390622253
            ]
        }
    },
    "test": {
        "loss": [
            2.6876883506774902,
            2.7536381483078003,
            3.2229232788085938,
            2.912742853164673,
            3.5112332701683044,
            3.3564584851264954
        ],
        "accuracy": {
            "macro": [
                0.7198275862068965,
                0.7341954022988507,
                0.7155172413793104,
                0.728448275862069,
                0.7068965517241379,
                0.7341954022988505
            ],
            "micro": [
                0.7198275862068966,
                0.7341954022988506,
                0.7155172413793104,
                0.728448275862069,
                0.7068965517241379,
                0.7341954022988506
            ]
        },
        "precision": {
            "macro": [
                0.31048951048951046,
                0.8218988218988219,
                0.7561640211640211,
                0.7551065162907268,
                0.7488636363636365,
                0.6689900426742531
            ],
            "micro": [
                0.45454545454545453,
                0.5238095238095238,
                0.45161290322580644,
                0.5,
                0.42857142857142855,
                0.5208333333333334
            ],
            "weighted": [
                0.44482924482924485,
                0.8654478654478653,
                0.8098001175778955,
                0.8134075267533915,
                0.8019600769600769,
                0.7343970536952993
            ]
        },
        "recall": {
            "macro": [
                0.15133850617721586,
                0.20311035290874002,
                0.2257474529651949,
                0.22844153307862983,
                0.2530729351293867,
                0.259242437669857
            ],
            "micro": [
                0.15873015873015872,
                0.2328042328042328,
                0.2222222222222222,
                0.21164021164021163,
                0.23809523809523808,
                0.26455026455026454
            ],
            "weighted": [
                0.15873015873015872,
                0.2328042328042328,
                0.2222222222222222,
                0.21164021164021163,
                0.23809523809523808,
                0.26455026455026454
            ]
        },