{
    "train": {
        "loss": [
            94.97509767115116,
            55.40210968255997,
            43.192124113440514,
            37.52491010911763,
            30.61361415684223,
            26.11674334295094
        ],
        "accuracy": {
            "macro": [
                0.8884135472370766,
                0.9345415504919399,
                0.9487389033105792,
                0.9548761337050924,
                0.9638816780437779,
                0.9690734865237317
            ],
            "micro": [
                0.8884135472370767,
                0.9345415504919399,
                0.9487389033105791,
                0.9548761337050925,
                0.9638816780437779,
                0.9690734865237317
            ]
        },
        "precision": {
            "macro": [
                0.7762482493640476,
                0.8497354955218716,
                0.8837980819874605,
                0.8973790448054775,
                0.9178631654948145,
                0.927708494733254
            ],
            "micro": [
                0.7746138996138996,
                0.8461538461538461,
                0.8812761506276151,
                0.8963735923132555,
                0.9157246669358095,
                0.9269679736605807
            ]
        },
        "recall": {
            "macro": [
                0.467260473853149,
                0.746315365583576,
                0.8030049298901578,
                0.8271669599754898,
                0.8649549400691896,
                0.8859064402226683
            ],
            "micro": [
                0.46747572815533983,
                0.7459938954597481,
                0.8032224234912766,
                0.8271522547430642,
                0.8647540983606558,
                0.8857851082085995
            ]
        },
        "f1": {
            "macro": [
                0.582254895750694,
                0.7937055744650491,
                0.8406870832019332,
                0.8604712592479231,
                0.8901300096971457,
                0.9060172736082804
            ],
            "micro": [
                0.5830709614918866,
                0.7929234044710296,
                0.8404409197466209,
                0.8603728679095597,
                0.8895098039215685,
                0.905908736349454
            ]
        }
    },
    "val": {
        "loss": [
            15.879268072545528,
            14.775969289243221,
            14.012567855417728,
            13.452990636229515,
            13.933842211961746,
            14.923805110156536
        ],
        "accuracy": {
            "macro": [
                0.9278771384136858,
                0.9305339554173145,
                0.9366899948159668,
                0.9415500259201659,
                0.9401244167962673,
                0.9391524105754275
            ],
            "micro": [
                0.9278771384136858,
                0.9305339554173147,
                0.9366899948159668,
                0.9415500259201659,
                0.9401244167962675,
                0.9391524105754276
            ]
        },
        "precision": {
            "macro": [
                0.8183966079038422,
                0.8293140439319041,
                0.8372966127706923,
                0.8469305585990242,
                0.8363653772022209,
                0.8293456127538278
            ],
            "micro": [
                0.8134937688010314,
                0.8180661577608143,
                0.8352248844052123,
                0.8458989229494615,
                0.8325262308313156,
                0.8291011688835147
            ],
            "weighted": [
                0.8176221947610677,
                0.8279838416732848,
                0.8373585210548697,
                0.8469278313705146,
                0.8372219640082403,
                0.8294116627423195
            ]
        },
        "recall": {
            "macro": [
                0.7358069230593413,
                0.7496670087884971,
                0.7737457218450662,
                0.7949746676423586,
                0.8040191662370931,
                0.8011662890788013
            ],
            "micro": [
                0.7360031104199067,
                0.75,
                0.7725505443234837,
                0.7939346811819595,
                0.802099533437014,
                0.7997667185069984
            ],
            "weighted": [
                0.7360031104199067,
                0.75,
                0.7725505443234837,
                0.7939346811819595,
                0.802099533437014,
                0.7997667185069984
            ]
        },
        "f1": {
            "macro": [
                0.7735075883688117,
                0.7829896169572822,
                0.8030140712437529,
                0.8194442930596598,
                0.8175088699022391,
                0.8137625190462073
            ],
            "micro": [
                0.7728107777097367,
                0.782555780933063,
                0.8026661280549385,
                0.8190934616927397,
                0.8170297029702971,
                0.8141698001187413
            ],
            "weighted": [
                0.7732379824409318,
                0.7825826002270387,
                0.8024545073831059,
                0.8188822664128318,
                0.8169932617551687,
                0.8130486611207928
            ]
        }
    },
    "test": {
        "loss": [
            2.909830927848816,
            3.2325331568717957,
            3.0358997583389282,
            3.0311888456344604,
            3.1039705872535706,
            3.329248070716858
        ],
        "accuracy": {
            "macro": [
                0.6925287356321839,
                0.6939655172413793,
                0.7270114942528735,
                0.7212643678160919,
                0.7327586206896552,
                0.7442528735632185
            ],
            "micro": [
                0.6925287356321839,
                0.6939655172413793,
                0.7270114942528736,
                0.7212643678160919,
                0.7327586206896551,
                0.7442528735632183
            ]
        },
        "precision": {
            "macro": [
                0.632347670250896,
                0.25525274996910147,
                0.7559884559884561,
                0.7777777777777778,
                0.6957750833719826,
                0.7449235385210996
            ],
            "micro": [
                0.3493975903614458,
                0.37755102040816324,
                0.4943820224719101,
                0.47191011235955055,
                0.5151515151515151,
                0.5555555555555556
            ],
            "weighted": [
                0.6939494794333504,
                0.3565798172768881,
                0.8030967269062508,
                0.818342151675485,
                0.7583311510960089,
                0.8043171469129657
            ]
        },
        "recall": {
            "macro": [
                0.20672477910381137,
                0.2058437381018026,
                0.23880962227736421,
                0.24956231044940722,
                0.28429520002100644,
                0.30024452847033495
            ],
            "micro": [
                0.15343915343915343,
                0.19576719576719576,
                0.2328042328042328,
                0.2222222222222222,
                0.2698412698412698,
                0.291005291005291
            ],
            "weighted": [
                0.15343915343915343,
                0.19576719576719576,
                0.2328042328042328,
                0.2222222222222222,
                0.2698412698412698,
                0.291005291005291
            ]
        },