{
    "train": {
        "loss": [
            72.3738175034523,
            51.65233156085014,
            50.38600471615791,
            47.60122948884964,
            43.566202044487,
            39.58702428638935,
            35.50891570746899,
            32.76927092671394
        ],
        "accuracy": {
            "macro": [
                0.8097911963882619,
                0.8736593736593736,
                0.8743296868296869,
                0.8735789360789362,
                0.8799603174603174,
                0.8889961389961392,
                0.8991044616044616,
                0.9046010296010295
            ],
            "micro": [
                0.8097911963882618,
                0.8736593736593736,
                0.8743296868296868,
                0.8735789360789361,
                0.8799603174603174,
                0.888996138996139,
                0.8991044616044616,
                0.9046010296010296
            ]
        },
        "precision": {
            "macro": [
                0.09005886360365004,
                0.0,
                0.0,
                0.125,
                0.23025634496222733,
                0.372201029658699,
                0.4137605085650616,
                0.5452821323112053
            ],
            "micro": [
                0.1488226059654631,
                0,
                0,
                1.0,
                0.9230769230769231,
                0.8633720930232558,
                0.8296409472880061,
                0.8266360505166476
            ]
        },
        "recall": {
            "macro": [
                0.09302704910764263,
                0.0,
                0.0,
                0.002673985618900873,
                0.032385027199885924,
                0.08607351789142259,
                0.1520854179772804,
                0.21599668357174112
            ],
            "micro": [
                0.10523978685612789,
                0.0,
                0.0,
                0.00296045675618524,
                0.04620320855614973,
                0.12801724137931034,
                0.23476005188067445,
                0.30664395229982966
            ]
        },
        "f1": {
            "macro": [
                0.0810309696427251,
                0.0,
                0.0,
                0.005159906626743362,
                0.051102376308310965,
                0.11929224771154313,
                0.191530112477371,
                0.2702257523591698
            ],
            "micro": [
                0.12329301599687865,
                0,
                0,
                0.0059034366434745945,
                0.08800162965980853,
                0.22297297297297294,
                0.3659646166807077,
                0.4473438956197577
            ]
        }
    },
    "val": {
        "loss": [
            12.02235832810402,
            10.812611311674118,
            10.546799629926682,
            10.001460120081902,
            9.497291266918182,
            9.325515121221542,
            9.323128461837769,
            9.314077943563461
        ],
        "accuracy": {
            "macro": [
                0.898395117540687,
                0.898395117540687,
                0.898395117540687,
                0.898395117540687,
                0.8981690777576853,
                0.8970388788426762,
                0.8946654611211572,
                0.8947784810126582
            ],
            "micro": [
                0.8983951175406871,
                0.8983951175406871,
                0.8983951175406871,
                0.8983951175406871,
                0.8981690777576854,
                0.8970388788426763,
                0.8946654611211573,
                0.8947784810126582
            ]
        },
        "precision": {
            "macro": [
                0.0,
                0.0,
                0.0,
                0.0,
                0.09305555555555556,
                0.1166454081632653,
                0.20968432226031058,
                0.20033532037208507
            ],
            "micro": [
                0,
                0,
                0,
                0,
                0.4666666666666667,
                0.4473684210526316,
                0.4425087108013937,
                0.4463087248322148
            ],
            "weighted": [
                0.0,
                0.0,
                0.0,
                0.0,
                0.1404152762328513,
                0.18419672652153188,
                0.24532693216453272,
                0.29698319271374296
            ]
        },
        "recall": {
            "macro": [
                0.0,
                0.0,
                0.0,
                0.0,
                0.009169533639143732,
                0.0388084197580109,
                0.08793983849650658,
                0.10518896212360036
            ],
            "micro": [
                0.0,
                0.0,
                0.0,
                0.0,
                0.01557285873192436,
                0.05672969966629588,
                0.14126807563959956,
                0.14794215795328142
            ],
            "weighted": [
                0.0,
                0.0,
                0.0,
                0.0,
                0.01557285873192436,
                0.05672969966629588,
                0.14126807563959956,
                0.14794215795328142
            ]
        },
        "f1": {
            "macro": [
                0.0,
                0.0,
                0.0,
                0.0,
                0.01639253262280522,
                0.057020084827288216,
                0.10836602505166128,
                0.12932533026196402
            ],
            "micro": [
                0,
                0,
                0,
                0,
                0.030139935414424113,
                0.10069101678183613,
                0.21416526138279932,
                0.22222222222222224
            ],
            "weighted": [
                0.0,
                0.0,
                0.0,
                0.0,
                0.027639130206465502,
                0.08370494091445808,
                0.1692439553730155,
                0.18443476238156492
            ]
        }
    },
    "test": {
        "loss": [
            2.793832689523697,
            2.5092720091342926,
            2.449644386768341,
            2.334513694047928,
            2.2114574909210205,
            2.2061221599578857,
            2.192632094025612,
            2.1637539863586426
        ],
        "accuracy": {
            "macro": [
                0.8981681034482758,
                0.8981681034482758,
                0.8981681034482758,
                0.8981681034482758,
                0.8970905172413791,
                0.8970905172413791,
                0.8895474137931033,
                0.8949353448275861
            ],
            "micro": [
                0.8981681034482759,
                0.8981681034482759,
                0.8981681034482759,
                0.8981681034482759,
                0.8970905172413793,
                0.8970905172413793,
                0.8895474137931034,
                0.8949353448275862
            ]
        },
        "precision": {
            "macro": [
                0.0,
                0.0,
                0.0,
                0.0,
                0.020833333333333332,
                0.1282051282051282,
                0.09792442100909843,
                0.18331043956043958
            ],
            "micro": [
                0,
                0,
                0,
                0,
                0.25,
                0.46153846153846156,
                0.3888888888888889,
                0.45454545454545453
            ],