{
    "train": {
        "loss": [
            73.64573457837105,
            52.169074326753616,
            50.74242752790451,
            48.6866030395031,
            45.69083812832832,
            42.64890596270561,
            39.775125086307526,
            35.93762983381748
        ],
        "accuracy": {
            "macro": [
                0.7767897470641372,
                0.8748122317596567,
                0.8744098712446353,
                0.874892703862661,
                0.8764216738197427,
                0.8802575107296137,
                0.8880364806866953,
                0.8974248927038627
            ],
            "micro": [
                0.7767897470641373,
                0.8748122317596566,
                0.8744098712446352,
                0.8748927038626609,
                0.8764216738197425,
                0.8802575107296138,
                0.8880364806866953,
                0.8974248927038626
            ]
        },
        "precision": {
            "macro": [
                0.10297279264659591,
                0.0,
                0.0,
                0.0,
                0.10379464285714285,
                0.2154766291996806,
                0.3093620434616272,
                0.4414220166328446
            ],
            "micro": [
                0.12545338169404738,
                0,
                0,
                0,
                0.6666666666666666,
                0.7623318385650224,
                0.787819253438114,
                0.8380660015349194
            ]
        },
        "recall": {
            "macro": [
                0.132990210458995,
                0.0,
                0.0,
                0.0,
                0.004384001357701739,
                0.042532760125794475,
                0.10237792221539946,
                0.15299330327459953
            ],
            "micro": [
                0.1337579617834395,
                0.0,
                0.0,
                0.0,
                0.008214440121054907,
                0.07237122179650915,
                0.1684873949579832,
                0.23209351753453772
            ]
        },
        "f1": {
            "macro": [
                0.09020155817884515,
                0.0,
                0.0,
                0.0,
                0.007997642883627311,
                0.06486060458375631,
                0.12710724242888477,
                0.1802482766116448
            ],
            "micro": [
                0.12947264119784213,
                0,
                0,
                0,
                0.016228913089899637,
                0.13219284603421463,
                0.27760470751124955,
                0.3635153129161119
            ]
        }
    },
    "val": {
        "loss": [
            12.204872608184814,
            10.63671013712883,
            10.52171841263771,
            10.116739943623543,
            9.744627296924591,
            9.567967310547829,
            9.22474068403244,
            9.231369942426682
        ],
        "accuracy": {
            "macro": [
                0.8991425992779783,
                0.8991425992779783,
                0.8991425992779783,
                0.8991425992779783,
                0.8988041516245487,
                0.8986913357400722,
                0.8973375451263538,
                0.8951940433212998
            ],
            "micro": [
                0.8991425992779783,
                0.8991425992779783,
                0.8991425992779783,
                0.8991425992779783,
                0.8988041516245487,
                0.8986913357400722,
                0.8973375451263538,
                0.8951940433212996
            ]
        },
        "precision": {
            "macro": [
                0.0,
                0.0,
                0.0,
                0.0,
                0.0125,
                0.1100061553838278,
                0.08864379084967319,
                0.14534124163879597
            ],
            "micro": [
                0,
                0,
                0,
                0,
                0.2,
                0.489010989010989,
                0.4540229885057471,
                0.4402730375426621
            ],
            "weighted": [
                0.0,
                0.0,
                0.0,
                0.0,
                0.02393736017897092,
                0.17634450014607567,
                0.15757921363922153,
                0.22180688985656885
            ]
        },
        "recall": {
            "macro": [
                0.0,
                0.0,
                0.0,
                0.0,
                0.0005841121495327102,
                0.055867687047890593,
                0.058789622824154744,
                0.07774180298010776
            ],
            "micro": [
                0.0,
                0.0,
                0.0,
                0.0,
                0.0011185682326621924,
                0.09955257270693513,
                0.0883668903803132,
                0.14429530201342283
            ],
            "weighted": [
                0.0,
                0.0,
                0.0,
                0.0,
                0.0011185682326621924,
                0.09955257270693511,
                0.0883668903803132,
                0.14429530201342283
            ]
        },
        "f1": {
            "macro": [
                0.0,
                0.0,
                0.0,
                0.0,
                0.0011160714285714285,
                0.07301914614936822,
                0.0681133382746286,
                0.08675683732486794
            ],
            "micro": [
                0,
                0,
                0,
                0,
                0.002224694104560623,
                0.1654275092936803,
                0.14794007490636704,
                0.21735467565290648
            ],
            "weighted": [
                0.0,
                0.0,
                0.0,
                0.0,
                0.0021372643016938316,
                0.1247546144051732,
                0.11031236209846297,
                0.15182699626644974
            ]
        }
    },
    "test": {
        "loss": [
            2.814505457878113,
            2.4833761155605316,
            2.463746726512909,
            2.349452257156372,
            2.2852600514888763,
            2.212759494781494,
            2.160218521952629,
            2.1338020116090775
        ],
        "accuracy": {
            "macro": [
                0.8981681034482758,
                0.8981681034482758,
                0.8981681034482758,
                0.8981681034482758,
                0.8976293103448274,
                0.8992456896551724,
                0.896551724137931,
                0.896551724137931
            ],
            "micro": [
                0.8981681034482759,
                0.8981681034482759,
                0.8981681034482759,
                0.8981681034482759,
                0.8976293103448276,
                0.8992456896551724,
                0.896551724137931,
                0.896551724137931
            ]
        },
        "precision": {
            "macro": [
                0.0,
                0.0,
                0.0,
                0.0,
                0.020833333333333332,
                0.12607758620689655,
                0.08049242424242424,
                0.1801215277777778
            ],
            "micro": [
                0,
                0,
                0,
                0,
                0.3333333333333333,
                0.5277777777777778,
                0.45454545454545453,
                0.4727272727272727
            ],