{
    "train": {
        "loss": [
            72.94189292192459,
            52.20788833498955,
            49.49288535118103,
            46.24522277712822,
            43.3122336268425,
            40.56342005729675,
            37.053386971354485,
            34.48575395345688,
            31.689693048596382,
            28.750459656119347,
            25.640061505138874,
            23.309149086475372,
            20.604902289807796,
            18.983739763498306,
            16.256991416215897,
            14.520640544593334
        ],
        "accuracy": {
            "macro": [
                0.8077574525745258,
                0.873631974248927,
                0.8749731759656653,
                0.8767972103004292,
                0.8807671673819744,
                0.8855150214592274,
                0.8914163090128754,
                0.8961909871244633,
                0.9032725321888412,
                0.912392703862661,
                0.9229345493562233,
                0.9327521459227468,
                0.9428916309012876,
                0.9504291845493562,
                0.9574034334763948,
                0.9620976394849783
            ],
            "micro": [
                0.8077574525745257,
                0.873631974248927,
                0.8749731759656653,
                0.8767972103004292,
                0.8807671673819742,
                0.8855150214592274,
                0.8914163090128755,
                0.8961909871244635,
                0.9032725321888412,
                0.9123927038626609,
                0.9229345493562232,
                0.9327521459227468,
                0.9428916309012876,
                0.9504291845493562,
                0.9574034334763949,
                0.9620976394849785
            ]
        },
        "precision": {
            "macro": [
                0.08836912385750514,
                0.0,
                0.0,
                0.08881578947368421,
                0.1541698962203867,
                0.2190338335803689,
                0.3139730312194052,
                0.5715389758813564,
                0.6962950463730357,
                0.7579870607347514,
                0.7874182012885373,
                0.8184993121717868,
                0.8388615227301429,
                0.8827077327283712,
                0.8912725955137043,
                0.9019315550245556
            ],
            "micro": [
                0.12972972972972974,
                0,
                0,
                0.8636363636363636,
                0.8395061728395061,
                0.8435828877005348,
                0.82,
                0.8151840490797546,
                0.8384253819036428,
                0.8373112518265953,
                0.8584686774941995,
                0.8628532046864231,
                0.8803522623747343,
                0.8975274725274726,
                0.9061007957559681,
                0.9115838031778575
            ]
        },
        "recall": {
            "macro": [
                0.08618045696621372,
                0.0,
                0.0,
                0.0063715127983894155,
                0.04294075541103558,
                0.0880751101457957,
                0.11443350454344037,
                0.15726129652875565,
                0.23359898936440085,
                0.3129332418547585,
                0.4055971272415402,
                0.49875896388265334,
                0.5952328210837445,
                0.6658842266337037,
                0.7237740737062236,
                0.7500666605743511
            ],
            "micro": [
                0.09105110466413747,
                0.0,
                0.0,
                0.008216216216216217,
                0.05830653804930332,
                0.13195315767461313,
                0.16731099656357387,
                0.22655583972719523,
                0.29991593106347203,
                0.36959793592775747,
                0.46964247937381004,
                0.542813787123347,
                0.6255934397928355,
                0.6889498102066639,
                0.7346236559139785,
                0.7690810810810811
            ]
        },
        "f1": {
            "macro": [
                0.06923828808184464,
                0.0,
                0.0,
                0.011608833700417858,
                0.05587841125149613,
                0.10812603380236491,
                0.13866397339934994,
                0.19241522342384387,
                0.2982162012657754,
                0.3790450317315195,
                0.47986747129052715,
                0.5771850798484394,
                0.6718701569525645,
                0.7329496525520547,
                0.7787796157989447,
                0.8041063014280557
            ],
            "micro": [
                0.10700236034618411,
                0,
                0,
                0.016277575497965303,
                0.10903988775305673,
                0.22820976491862568,
                0.277916518016411,
                0.3545697131420948,
                0.4417956656346749,
                0.5128281622911695,
                0.6071379734718995,
                0.6664005322687957,
                0.7314242462470039,
                0.7795275590551181,
                0.8114014251781473,
                0.8342910754075289
            ]
        }
    },
    "val": {
        "loss": [
            12.291325896978378,
            10.786296665668488,
            10.208866536617279,
            9.68570739030838,
            9.36204119026661,
            9.103124901652336,
            8.760551452636719,
            8.671314030885696,
            8.617079690098763,
            8.77075931429863,
            8.858850851655006,
            9.02766828238964,
            9.120025604963303,
            9.323412328958511,
            10.026304706931114,
            10.252852126955986
        ],
        "accuracy": {
            "macro": [
                0.8991425992779783,
                0.8991425992779783,
                0.8991425992779783,
                0.8992554151624549,
                0.8998194945848376,
                0.8985785198555957,
                0.898014440433213,
                0.8986913357400722,
                0.8957581227436823,
                0.8931633574007222,
                0.8941787003610109,
                0.8940658844765345,
                0.8888763537906138,
                0.8900045126353792,
                0.88639440433213,
                0.8842509025270758
            ],
            "micro": [
                0.8991425992779783,
                0.8991425992779783,
                0.8991425992779783,
                0.8992554151624549,
                0.8998194945848376,
                0.8985785198555957,
                0.898014440433213,
                0.8986913357400722,
                0.8957581227436823,
                0.8931633574007221,
                0.8941787003610109,
                0.8940658844765343,
                0.8888763537906137,
                0.890004512635379,
                0.88639440433213,
                0.8842509025270758
            ]
        },
        "precision": {
            "macro": [
                0.0,
                0.0,
                0.0,
                0.0625,
                0.09414202508960573,
                0.14845345890949088,
                0.19240560471216328,
                0.27509272665522666,
                0.4958764237305971,
                0.4376839860682429,
                0.3736417291487665,
                0.37347140154082187,
                0.43037037143745416,
                0.4221480429642069,
                0.40602064676071453,
                0.442993021532536
            ],