{
    "train": {
        "loss": [
            71.05436062812805,
            51.147549629211426,
            49.41010743379593,
            47.16490989923477,
            44.03237983584404,
            40.46449290215969,
            37.30774275958538,
            33.60583961009979,
            30.18972823023796,
            27.080513909459114,
            24.264282658696175,
            21.997300818562508,
            18.93578526377678,
            16.932404227554798,
            14.567192792892456,
            12.874675210565329
        ],
        "accuracy": {
            "macro": [
                0.8344060523938572,
                0.8768776824034336,
                0.8779774678111587,
                0.8763412017167382,
                0.8772800429184551,
                0.8842811158798284,
                0.8908530042918457,
                0.8975321888412018,
                0.9064377682403432,
                0.9167113733905581,
                0.927843347639485,
                0.9380364806866953,
                0.9498390557939913,
                0.9573497854077252,
                0.9658530042918456,
                0.9687499999999999
            ],
            "micro": [
                0.8344060523938572,
                0.8768776824034334,
                0.8779774678111588,
                0.8763412017167382,
                0.877280042918455,
                0.8842811158798283,
                0.8908530042918454,
                0.8975321888412017,
                0.9064377682403434,
                0.916711373390558,
                0.927843347639485,
                0.9380364806866953,
                0.9498390557939914,
                0.9573497854077253,
                0.9658530042918455,
                0.96875
            ]
        },
        "precision": {
            "macro": [
                0.0731908848762886,
                0.0,
                0.0,
                0.0,
                0.24940904337061387,
                0.3283868839676644,
                0.3372995167333364,
                0.5791876813783455,
                0.6943882302785973,
                0.8428737696580622,
                0.8582898065675085,
                0.8634040669859326,
                0.884049819093678,
                0.9023100021676295,
                0.9227257462709983,
                0.9200167910292343
            ],
            "micro": [
                0.14739336492890995,
                0,
                0,
                0,
                0.7486631016042781,
                0.7433628318584071,
                0.75,
                0.7640891218872871,
                0.7903139968068121,
                0.8182604932929468,
                0.835799859055673,
                0.8617683686176837,
                0.8883234379417585,
                0.8931912681912682,
                0.916789035731767,
                0.9104865375531412
            ]
        },
        "recall": {
            "macro": [
                0.06236607631995852,
                0.0,
                0.0,
                0.0,
                0.02052834035394912,
                0.07904686059414448,
                0.13381655845861165,
                0.18592219476134655,
                0.24865359213080085,
                0.3488006598104221,
                0.4641191197245139,
                0.5637468911487887,
                0.6495012766841548,
                0.7340200561180912,
                0.7931312137650234,
                0.8267581643170419
            ],
            "micro": [
                0.07103700319780722,
                0.0,
                0.0,
                0.0,
                0.029991431019708654,
                0.10852713178294573,
                0.18657198192382182,
                0.2520536100302637,
                0.32430661716531994,
                0.413243006993007,
                0.516100957354221,
                0.5973241260250324,
                0.6805284816980723,
                0.7445840554592721,
                0.8005984184654841,
                0.8306399482870072
            ]
        },
        "f1": {
            "macro": [
                0.05910336633972652,
                0.0,
                0.0,
                0.0,
                0.036564000557761114,
                0.11616248873888604,
                0.1831103508047497,
                0.23661378767936395,
                0.31270144746065087,
                0.4376753914725291,
                0.5596691321154923,
                0.6602002605423118,
                0.7373430757130259,
                0.8034221428273405,
                0.8496451444755534,
                0.8690622826736312
            ],
            "micro": [
                0.09586929716399506,
                0,
                0,
                0,
                0.05767250257466529,
                0.18940248027057496,
                0.29881095984835426,
                0.3790637191157347,
                0.45989470424279955,
                0.5491505735443589,
                0.6381490449287059,
                0.7055824624012235,
                0.7706647044395388,
                0.8121455576559546,
                0.8547632629777525,
                0.8687323943661971
            ]
        }
    },
    "val": {
        "loss": [
            12.488221853971481,
            11.179599523544312,
            10.91095831990242,
            10.316910803318024,
            9.95626649260521,
            9.603570982813835,
            9.326913550496101,
            9.254351899027824,
            9.096356078982353,
            9.455409094691277,
            9.38511773943901,
            9.371677845716476,
            10.206571534276009,
            10.224600240588188,
            10.799135118722916,
            11.40454962849617
        ],
        "accuracy": {
            "macro": [
                0.8928249097472925,
                0.8928249097472925,
                0.8928249097472925,
                0.8928249097472925,
                0.8921480144404332,
                0.889778880866426,
                0.8915839350180506,
                0.8904557761732852,
                0.8901173285198556,
                0.8893276173285198,
                0.8865072202166066,
                0.8826714801444043,
                0.884702166064982,
                0.8876353790613719,
                0.8815433212996391,
                0.8808664259927798
            ],
            "micro": [
                0.8928249097472925,
                0.8928249097472925,
                0.8928249097472925,
                0.8928249097472925,
                0.8921480144404332,
                0.889778880866426,
                0.8915839350180506,
                0.8904557761732852,
                0.8901173285198556,
                0.8893276173285198,
                0.8865072202166066,
                0.8826714801444043,
                0.884702166064982,
                0.8876353790613718,
                0.881543321299639,
                0.8808664259927798
            ]
        },
        "precision": {
            "macro": [
                0.0,
                0.0,
                0.0,
                0.0,
                0.08020833333333333,
                0.14229011361140198,
                0.16560080544455544,
                0.24125875218804702,
                0.35534818555536984,
                0.3922617163714182,
                0.4504359670202888,
                0.44594033094785207,
                0.43069001879396007,
                0.4677130961026262,
                0.4297167425006299,
                0.42042545696763967
            ],