{
    "train": {
        "loss": [
            72.32182827591896,
            51.90097278356552,
            50.02172631025314,
            47.198006719350815,
            43.76997934281826,
            39.625914841890335,
            35.96683728694916,
            33.14579774439335,
            30.05568589270115,
            27.54432325065136,
            24.317694820463657,
            22.403044618666172,
            19.5686147660017,
            17.572427988052368,
            15.584348633885384,
            14.04373575001955
        ],
        "accuracy": {
            "macro": [
                0.8154909706546276,
                0.8742492492492493,
                0.8747854997854998,
                0.8758311883311881,
                0.8776812526812526,
                0.8863685113685114,
                0.8944658944658943,
                0.900954525954526,
                0.9078989703989705,
                0.9160499785499786,
                0.928437365937366,
                0.9363738738738739,
                0.9461872586872586,
                0.9531317031317031,
                0.9595130845130847,
                0.9646342771342772
            ],
            "micro": [
                0.8154909706546275,
                0.8742492492492493,
                0.8747854997854998,
                0.8758311883311883,
                0.8776812526812526,
                0.8863685113685114,
                0.8944658944658944,
                0.900954525954526,
                0.9078989703989704,
                0.9160499785499786,
                0.9284373659373659,
                0.9363738738738738,
                0.9461872586872587,
                0.9531317031317031,
                0.9595130845130845,
                0.9646342771342772
            ]
        },
        "precision": {
            "macro": [
                0.05792437642724747,
                0.0,
                0.0,
                0.0625,
                0.2703550170068027,
                0.25808706559828226,
                0.5265486783616722,
                0.5480686761107555,
                0.7035254903038605,
                0.744048707726053,
                0.827617125915827,
                0.8287340479550318,
                0.9027345915030269,
                0.8959102407887567,
                0.9112985754625528,
                0.9187950881303552
            ],
            "micro": [
                0.1301394351090454,
                0,
                0,
                1.0,
                0.7956989247311828,
                0.8174061433447098,
                0.8039747064137308,
                0.8240620957309185,
                0.8319827120475418,
                0.8455650607834309,
                0.8770864946889226,
                0.8887394957983193,
                0.8970856102003643,
                0.9032979318054779,
                0.9070496083550914,
                0.9146462147451756
            ]
        },
        "recall": {
            "macro": [
                0.08217225606057268,
                0.0,
                0.0,
                0.001466275659824047,
                0.0240524251016972,
                0.06867495785032267,
                0.13780928649402738,
                0.21749808425216996,
                0.28002297717135466,
                0.37088425225471783,
                0.47370271854299756,
                0.5520044559250471,
                0.6339624783018301,
                0.6835687952417032,
                0.7481138367995984,
                0.7961605474756195
            ],
            "micro": [
                0.0814317673378076,
                0.0,
                0.0,
                0.0017245095925846087,
                0.031678082191780824,
                0.10390455531453362,
                0.19310045563028858,
                0.2712947189097104,
                0.330188679245283,
                0.4024860694384912,
                0.4964569465321022,
                0.5642338881775502,
                0.6391953277092797,
                0.6974536037980147,
                0.750648228176318,
                0.7914793406122886
            ]
        },
        "f1": {
            "macro": [
                0.05189725480089223,
                0.0,
                0.0,
                0.0028653295128939827,
                0.03914883980577411,
                0.09664780305115646,
                0.1785419095409601,
                0.26889308723435534,
                0.34409613360569324,
                0.4540412378210658,
                0.5660443463040294,
                0.6406995893440495,
                0.716461769266232,
                0.7581469019942013,
                0.8104672027598699,
                0.8499222238978934
            ],
            "micro": [
                0.1001788908765653,
                0,
                0,
                0.0034430815579944048,
                0.06093042404281598,
                0.18437259430331024,
                0.311406578026592,
                0.4082024991989747,
                0.4727551803530314,
                0.5453753448526208,
                0.634032634032634,
                0.6902493147108733,
                0.7464948844259189,
                0.7871407696054555,
                0.8214707968786947,
                0.8486170090669116
            ]
        }
    },
    "val": {
        "loss": [
            12.165622115135193,
            10.848410099744797,
            10.461803197860718,
            9.999105483293533,
            9.471148759126663,
            9.262366101145744,
            9.12256421148777,
            9.042971789836884,
            9.041250884532928,
            9.158908665180206,
            9.436684533953667,
            9.913001418113708,
            10.135233536362648,
            10.71480417251587,
            10.927746549248695,
            11.120663419365883
        ],
        "accuracy": {
            "macro": [
                0.898395117540687,
                0.898395117540687,
                0.898395117540687,
                0.8986211573236889,
                0.897264918625678,
                0.8941003616636527,
                0.8970388788426763,
                0.8947784810126581,
                0.8966998191681737,
                0.896134719710669,
                0.8912748643761301,
                0.8909358047016276,
                0.8832504520795659,
                0.8853978300180831,
                0.8826853526220616,
                0.8850587703435805
            ],
            "micro": [
                0.8983951175406871,
                0.8983951175406871,
                0.8983951175406871,
                0.898621157323689,
                0.8972649186256781,
                0.8941003616636528,
                0.8970388788426763,
                0.8947784810126582,
                0.8966998191681737,
                0.896134719710669,
                0.8912748643761302,
                0.8909358047016275,
                0.883250452079566,
                0.8853978300180831,
                0.8826853526220615,
                0.8850587703435805
            ]
        },
        "precision": {
            "macro": [
                0.0,
                0.0,
                0.0,
                0.0625,
                0.07702205882352942,
                0.09274454099821747,
                0.19260628918495298,
                0.2379492902930403,
                0.37111951604139104,
                0.3120317155535772,
                0.3677255202526942,
                0.4090774803376236,
                0.3760128034930691,
                0.43602362591134175,
                0.41793193593842093,
                0.42910588409668105
            ],