{
    "train": {
        "loss": [
            70.56182044744492,
            51.364450454711914,
            50.00299996137619,
            47.16994109749794,
            43.44668760895729,
            39.63212865591049,
            35.835966408252716,
            32.49311678111553,
            29.30127541720867,
            26.540802225470543,
            23.512299567461014,
            22.18755879998207,
            19.640154518187046,
            17.216328762471676,
            15.219397731125355,
            13.346981886774302
        ],
        "accuracy": {
            "macro": [
                0.8202348690153569,
                0.8746244635193132,
                0.8755901287553648,
                0.8754291845493563,
                0.8786748927038626,
                0.8829667381974249,
                0.8907725321888411,
                0.8994635193133047,
                0.9098980686695282,
                0.9203594420600857,
                0.9319206008583691,
                0.934898068669528,
                0.9457886266094422,
                0.9537285407725321,
                0.9605150214592274,
                0.9659334763948498
            ],
            "micro": [
                0.8202348690153568,
                0.8746244635193133,
                0.8755901287553648,
                0.8754291845493563,
                0.8786748927038627,
                0.8829667381974249,
                0.8907725321888412,
                0.8994635193133047,
                0.9098980686695279,
                0.9203594420600858,
                0.9319206008583691,
                0.9348980686695278,
                0.9457886266094421,
                0.9537285407725322,
                0.9605150214592275,
                0.9659334763948498
            ]
        },
        "precision": {
            "macro": [
                0.11022279629064442,
                0.0,
                0.0,
                0.057692307692307696,
                0.11678832116788321,
                0.3907035303124182,
                0.4804579738046247,
                0.529111152484027,
                0.72550945926653,
                0.768006589034364,
                0.8174545057920788,
                0.8423678164447499,
                0.8712509678978599,
                0.8842498545331062,
                0.9074080514839971,
                0.9125906209664981
            ],
            "micro": [
                0.11899133175728921,
                0,
                0,
                0.9230769230769231,
                0.8705035971223022,
                0.8670360110803325,
                0.8578371810449574,
                0.8043326345213138,
                0.8130750605326876,
                0.8311057108140948,
                0.858273381294964,
                0.85728,
                0.8803927402558762,
                0.8841006423982869,
                0.9073832507174537,
                0.9084158415841584
            ]
        },
        "recall": {
            "macro": [
                0.07910828451031934,
                0.0,
                0.0,
                0.002054794520547945,
                0.022055468835186026,
                0.054853239880095515,
                0.11838352882653178,
                0.20334980473607467,
                0.3139363518901056,
                0.41166140437288845,
                0.503505801501815,
                0.5599547919468474,
                0.6539849360180053,
                0.7266330138173521,
                0.7660796662814267,
                0.809089827609927
            ],
            "micro": [
                0.06811005863779883,
                0.0,
                0.0,
                0.0025778732545649837,
                0.026156506701253784,
                0.06763180639585134,
                0.15146964170778804,
                0.24918813596016454,
                0.3609200343938091,
                0.4456993918331885,
                0.5267108167770419,
                0.5748927038626609,
                0.6463521188291831,
                0.7188248095756257,
                0.7569096844396083,
                0.8030634573304157
            ]
        },
        "f1": {
            "macro": [
                0.06834806779404722,
                0.0,
                0.0,
                0.003968253968253968,
                0.03160657629662254,
                0.07502549117749195,
                0.16516691988936205,
                0.26368907461198726,
                0.3843962056692497,
                0.49142327711214,
                0.5804749039947646,
                0.6381787575391515,
                0.7270967183511879,
                0.7829457676957555,
                0.8200086865915772,
                0.8509410238284121
            ],
            "micro": [
                0.08663224325874928,
                0,
                0,
                0.0051413881748071984,
                0.050786988457502624,
                0.12547604730406894,
                0.2574762946754194,
                0.380495867768595,
                0.4999255620068483,
                0.5802346953202319,
                0.6528043775649794,
                0.6882466281310211,
                0.7454339337448042,
                0.7929420237666547,
                0.825344091124822,
                0.8524970963995354
            ]
        }
    },
    "val": {
        "loss": [
            11.687607079744339,
            10.879461824893951,
            10.524831175804138,
            10.04071681201458,
            9.632639691233635,
            9.150377064943314,
            9.046813786029816,
            9.079269647598267,
            8.915920093655586,
            9.09185516834259,
            9.173390284180641,
            9.32994270324707,
            9.57979866862297,
            9.873422294855118,
            10.126508712768555,
            10.54105581343174
        ],
        "accuracy": {
            "macro": [
                0.8958709386281589,
                0.8958709386281589,
                0.8958709386281589,
                0.896096570397112,
                0.8967734657039712,
                0.8955324909747293,
                0.8935018050541517,
                0.8938402527075813,
                0.8921480144404333,
                0.8900045126353792,
                0.8860559566787004,
                0.8889891696750903,
                0.8868456678700362,
                0.8885379061371842,
                0.883235559566787,
                0.8803023465703971
            ],
            "micro": [
                0.8958709386281588,
                0.8958709386281588,
                0.8958709386281588,
                0.8960965703971119,
                0.8967734657039711,
                0.8955324909747292,
                0.8935018050541517,
                0.8938402527075813,
                0.8921480144404332,
                0.890004512635379,
                0.8860559566787004,
                0.8889891696750902,
                0.886845667870036,
                0.8885379061371841,
                0.883235559566787,
                0.8803023465703971
            ]
        },
        "precision": {
            "macro": [
                0.0,
                0.0,
                0.0,
                0.0375,
                0.046875,
                0.1046875,
                0.2856313143711268,
                0.3971742207955444,
                0.3832729742844874,
                0.4398411777058486,
                0.40032336897649834,
                0.46745540828890686,
                0.4162828855473748,
                0.45580427294776266,
                0.41254736454194557,
                0.41979134754433634
            ],