{
    "train": {
        "loss": [
            74.87526765465736,
            51.35517975687981,
            49.372956454753876,
            45.88960403203964,
            42.96438118815422,
            39.45699194073677,
            36.72537797689438,
            32.89434950053692,
            30.35693308711052,
            27.21827882528305,
            24.438635237514973,
            21.809710271656513,
            19.17855216562748,
            17.33403070271015,
            15.053458645939827,
            12.35332241654396
        ],
        "accuracy": {
            "macro": [
                0.7904627539503387,
                0.8771450021450021,
                0.8765283140283141,
                0.877895752895753,
                0.876126126126126,
                0.880845130845131,
                0.886958386958387,
                0.8991848991848991,
                0.9036894036894035,
                0.9159695409695409,
                0.9273916773916775,
                0.9391623766623767,
                0.9476619476619477,
                0.9548477048477048,
                0.96265015015015,
                0.9711229086229085
            ],
            "micro": [
                0.7904627539503386,
                0.8771450021450021,
                0.876528314028314,
                0.877895752895753,
                0.8761261261261262,
                0.8808451308451308,
                0.8869583869583869,
                0.8991848991848992,
                0.9036894036894036,
                0.915969540969541,
                0.9273916773916774,
                0.9391623766623767,
                0.9476619476619477,
                0.9548477048477049,
                0.9626501501501501,
                0.9711229086229086
            ]
        },
        "precision": {
            "macro": [
                0.08058925790686373,
                0.0,
                0.0,
                0.020833333333333332,
                0.1906317591925018,
                0.28492306694553887,
                0.38400768873095775,
                0.636155572026793,
                0.6891332171957995,
                0.7270655656564408,
                0.8342064079039488,
                0.8516957744490609,
                0.8717323233747111,
                0.8946730300608873,
                0.9095537805027123,
                0.9269552081475976
            ],
            "micro": [
                0.09753483386923902,
                0,
                0,
                0.3333333333333333,
                0.673469387755102,
                0.7760252365930599,
                0.7640320733104238,
                0.8182546036829463,
                0.8054380664652568,
                0.8392193308550185,
                0.8525714285714285,
                0.8712621970412339,
                0.8782383419689119,
                0.89453125,
                0.907430264132313,
                0.9227789881384653
            ]
        },
        "recall": {
            "macro": [
                0.10063294142726238,
                0.0,
                0.0,
                0.00012626262626262626,
                0.009277426172861277,
                0.03465663615287297,
                0.10263267301023885,
                0.17221252042174737,
                0.2370172459194232,
                0.3502866403299003,
                0.46430645836631274,
                0.5748228901198305,
                0.6573383632878665,
                0.7162004845264872,
                0.7763500418879706,
                0.8283915072305676
            ],
            "micro": [
                0.08231569425599276,
                0.0,
                0.0,
                0.00021963540522732265,
                0.014181349376880103,
                0.05325828101320632,
                0.1426127859739149,
                0.22436882546652032,
                0.2895937432109494,
                0.3931214627775359,
                0.49089712656284273,
                0.5980985306828004,
                0.6661572052401746,
                0.7286805260924905,
                0.7831273966766085,
                0.8341356673960613
            ]
        },
        "f1": {
            "macro": [
                0.06769153441859625,
                0.0,
                0.0,
                0.000251004016064257,
                0.01677631518220962,
                0.057623221339753804,
                0.1459196037928144,
                0.2282084902030887,
                0.3053624525496254,
                0.4398006312329871,
                0.5508390954861464,
                0.6615851764690331,
                0.7353000749782902,
                0.7821378834946286,
                0.8320501976096517,
                0.8724250348931782
            ],
            "micro": [
                0.0892813343144469,
                0,
                0,
                0.0004389815627743635,
                0.02777777777777778,
                0.09967585089141005,
                0.24036036036036038,
                0.352170916609235,
                0.42601470118248647,
                0.5354284020160094,
                0.6230512249443206,
                0.7092889173606661,
                0.7576359572883039,
                0.8031330371755904,
                0.8407089765580331,
                0.8762211240087346
            ]
        }
    },
    "val": {
        "loss": [
            12.594873517751694,
            10.764416575431824,
            10.300147652626038,
            9.771667703986168,
            9.500206664204597,
            9.249902546405792,
            9.01060737669468,
            8.883962720632553,
            8.669819608330727,
            8.73891395330429,
            9.015350013971329,
            9.287587434053421,
            9.423286586999893,
            9.589477494359016,
            10.000859379768372,
            10.722341194748878
        ],
        "accuracy": {
            "macro": [
                0.8973779385171792,
                0.8973779385171792,
                0.8973779385171792,
                0.8973779385171792,
                0.8973779385171792,
                0.8968128390596746,
                0.8963607594936709,
                0.8959086799276673,
                0.896360759493671,
                0.8931962025316456,
                0.8913878842676312,
                0.8902576853526221,
                0.8885623869801085,
                0.8893535262206148,
                0.8860759493670884,
                0.8863019891500903
            ],
            "micro": [
                0.8973779385171791,
                0.8973779385171791,
                0.8973779385171791,
                0.8973779385171791,
                0.8973779385171791,
                0.8968128390596745,
                0.8963607594936709,
                0.8959086799276673,
                0.8963607594936709,
                0.8931962025316456,
                0.891387884267631,
                0.8902576853526221,
                0.8885623869801085,
                0.8893535262206148,
                0.8860759493670886,
                0.8863019891500904
            ]
        },
        "precision": {
            "macro": [
                0.0,
                0.0,
                0.0,
                0.0,
                0.125,
                0.13299052138337852,
                0.15829869204869204,
                0.23568787883046194,
                0.3368692649381126,
                0.31456781779593523,
                0.3950926726897691,
                0.40555591874100155,
                0.40464382633089613,
                0.47673562757352084,
                0.4130860670552333,
                0.4184548704783158
            ],