{
    "train": {
        "loss": [
            71.00801113247871,
            52.33602476119995,
            49.67787438631058,
            46.463885337114334,
            42.80631658434868,
            39.19865684211254,
            35.89660595357418,
            31.913924977183342
        ],
        "accuracy": {
            "macro": [
                0.8447516930022574,
                0.873927498927499,
                0.8766623766623767,
                0.877788502788503,
                0.8828560703560704,
                0.8884598884598885,
                0.8919723294723296,
                0.902134277134277
            ],
            "micro": [
                0.8447516930022574,
                0.8739274989274989,
                0.8766623766623767,
                0.8777885027885027,
                0.8828560703560704,
                0.8884598884598884,
                0.8919723294723295,
                0.9021342771342772
            ]
        },
        "precision": {
            "macro": [
                0.10250744776866222,
                0.0,
                0.0,
                0.09037162162162163,
                0.16020487360627692,
                0.26699881496794675,
                0.39688918327610384,
                0.5468975119316849
            ],
            "micro": [
                0.1343381389252949,
                0,
                0,
                0.9230769230769231,
                0.8700564971751412,
                0.8260292164674635,
                0.7805325987144169,
                0.8117489986648865
            ]
        },
        "recall": {
            "macro": [
                0.05016088279984962,
                0.0,
                0.0,
                0.006423880351520279,
                0.05038318186484583,
                0.09048250693173314,
                0.1260428561710382,
                0.2050088980141507
            ],
            "micro": [
                0.046739626082991335,
                0.0,
                0.0,
                0.007841428882596384,
                0.0665083135391924,
                0.133734680713825,
                0.18318965517241378,
                0.26527050610820246
            ]
        },
        "f1": {
            "macro": [
                0.03927169483132525,
                0.0,
                0.0,
                0.011625569694174203,
                0.0645059333608877,
                0.11145896179893597,
                0.1589187386305623,
                0.2632226045818659
            ],
            "micro": [
                0.06935047361299053,
                0,
                0,
                0.015550755939524838,
                0.12357071213640922,
                0.23019985196151002,
                0.29673590504451036,
                0.399868464320947
            ]
        }
    },
    "val": {
        "loss": [
            12.504539787769318,
            10.974213361740112,
            10.52662006020546,
            9.81290578842163,
            9.401627480983734,
            9.211607530713081,
            8.907569617033005,
            8.710027754306793
        ],
        "accuracy": {
            "macro": [
                0.8973779385171792,
                0.8973779385171792,
                0.8973779385171792,
                0.8970388788426764,
                0.8980560578661845,
                0.8988471971066909,
                0.8992992766726944,
                0.8980560578661845
            ],
            "micro": [
                0.8973779385171791,
                0.8973779385171791,
                0.8973779385171791,
                0.8970388788426763,
                0.8980560578661845,
                0.8988471971066908,
                0.8992992766726944,
                0.8980560578661845
            ]
        },
        "precision": {
            "macro": [
                0.0,
                0.0,
                0.0,
                0.017857142857142856,
                0.10022681451612903,
                0.12143640350877193,
                0.176922123015873,
                0.3078487157817023
            ],
            "micro": [
                0,
                0,
                0,
                0.2857142857142857,
                0.5576923076923077,
                0.5380116959064327,
                0.542713567839196,
                0.5111111111111111
            ],
            "weighted": [
                0.0,
                0.0,
                0.0,
                0.013530522341095027,
                0.2124653616597982,
                0.2051646185949455,
                0.312838481574715,
                0.34902828392224966
            ]
        },
        "recall": {
            "macro": [
                0.0,
                0.0,
                0.0,
                0.0029069767441860465,
                0.028129777709031075,
                0.04038817414735407,
                0.06585238630832266,
                0.09272286987596143
            ],
            "micro": [
                0.0,
                0.0,
                0.0,
                0.0022026431718061676,
                0.031938325991189426,
                0.1013215859030837,
                0.11894273127753303,
                0.15198237885462554
            ],
            "weighted": [
                0.0,
                0.0,
                0.0,
                0.0022026431718061676,
                0.031938325991189426,
                0.1013215859030837,
                0.11894273127753303,
                0.15198237885462554
            ]
        },
        "f1": {
            "macro": [
                0.0,
                0.0,
                0.0,
                0.005,
                0.03607231180760592,
                0.0524004372207965,
                0.08431655693370547,
                0.1253718474257334
            ],
            "micro": [
                0,
                0,
                0,
                0.004371584699453552,
                0.060416666666666674,
                0.17052826691380907,
                0.19512195121951215,
                0.23429541595925296
            ],
            "weighted": [
                0.0,
                0.0,
                0.0,
                0.003788546255506608,
                0.04696998853516085,
                0.11924366496710795,
                0.15664707529650146,
                0.19642092772496675
            ]
        }
    },
    "test": {
        "loss": [
            2.844025284051895,
            2.5206026136875153,
            2.4321635365486145,
            2.3052483797073364,
            2.255633443593979,
            2.1576620638370514,
            2.0855680406093597,
            2.047332301735878
        ],
        "accuracy": {
            "macro": [
                0.8981681034482758,
                0.8981681034482758,
                0.8981681034482758,
                0.8981681034482758,
                0.8976293103448276,
                0.8992456896551724,
                0.9019396551724137,
                0.8976293103448274
            ],
            "micro": [
                0.8981681034482759,
                0.8981681034482759,
                0.8981681034482759,
                0.8981681034482759,
                0.8976293103448276,
                0.8992456896551724,
                0.9019396551724138,
                0.8976293103448276
            ]
        },
        "precision": {
            "macro": [
                0.0,
                0.0,
                0.0,
                0.0,
                0.0625,
                0.064453125,
                0.19780701754385965,
                0.211566091954023
            ],
            "micro": [
                0,
                0,
                0,
                0,
                0.42857142857142855,
                0.5294117647058824,
                0.5945945945945946,
                0.4918032786885246
            ],