{
    "train": {
        "loss": [
            74.73707664012909,
            51.49240925908089,
            49.84007701277733,
            48.39278307557106,
            45.51751321554184,
            42.285830438137054,
            39.14256989955902,
            36.31635561585426
        ],
        "accuracy": {
            "macro": [
                0.8279697380307136,
                0.8769581545064378,
                0.8763143776824034,
                0.8771459227467812,
                0.8776287553648069,
                0.8810354077253219,
                0.8868293991416311,
                0.8929184549356223
            ],
            "micro": [
                0.8279697380307136,
                0.8769581545064378,
                0.8763143776824034,
                0.8771459227467812,
                0.8776287553648069,
                0.8810354077253219,
                0.886829399141631,
                0.8929184549356223
            ]
        },
        "precision": {
            "macro": [
                0.08239809562018814,
                0.0,
                0.0,
                0.0,
                0.16287878787878787,
                0.2679864856390317,
                0.324726343208188,
                0.46731138139074363
            ],
            "micro": [
                0.11974694984184366,
                0,
                0,
                0,
                0.6486486486486487,
                0.8211009174311926,
                0.7990506329113924,
                0.7719449225473322
            ]
        },
        "recall": {
            "macro": [
                0.06709911875086952,
                0.0,
                0.0,
                0.0,
                0.0037587167658803796,
                0.02763422989791243,
                0.07779649593401057,
                0.1408219205286349
            ],
            "micro": [
                0.060077080027204716,
                0.0,
                0.0,
                0.0,
                0.005248195932648152,
                0.03912568306010929,
                0.10985425277354796,
                0.1939878892733564
            ]
        },
        "f1": {
            "macro": [
                0.053423631996226184,
                0.0,
                0.0,
                0.0,
                0.00719385426694703,
                0.045810096849501984,
                0.11179323317044572,
                0.1875473154172356
            ],
            "micro": [
                0.08001207729468598,
                0,
                0,
                0,
                0.010412147505422993,
                0.07469225954517003,
                0.19315356664754255,
                0.3100587625302454
            ]
        }
    },
    "val": {
        "loss": [
            13.071017026901245,
            11.230291813611984,
            11.047866582870483,
            10.591903060674667,
            10.164423167705536,
            9.890060067176819,
            9.910703957080841,
            9.442266777157784
        ],
        "accuracy": {
            "macro": [
                0.8928249097472925,
                0.8928249097472925,
                0.8928249097472925,
                0.8928249097472925,
                0.8928249097472925,
                0.892937725631769,
                0.8898916967509025,
                0.8901173285198556
            ],
            "micro": [
                0.8928249097472925,
                0.8928249097472925,
                0.8928249097472925,
                0.8928249097472925,
                0.8928249097472925,
                0.892937725631769,
                0.8898916967509025,
                0.8901173285198556
            ]
        },
        "precision": {
            "macro": [
                0.0,
                0.0,
                0.0,
                0.0,
                0.0,
                0.08333333333333333,
                0.1656579794079794,
                0.21345095876345876
            ],
            "micro": [
                0,
                0,
                0,
                0,
                0,
                0.6,
                0.42934782608695654,
                0.4552238805970149
            ],
            "weighted": [
                0.0,
                0.0,
                0.0,
                0.0,
                0.0,
                0.16666666666666666,
                0.22733284562758246,
                0.32793521682995364
            ]
        },
        "recall": {
            "macro": [
                0.0,
                0.0,
                0.0,
                0.0,
                0.0,
                0.0015953126812855319,
                0.05610841501070574,
                0.07221892798943139
            ],
            "micro": [
                0.0,
                0.0,
                0.0,
                0.0,
                0.0,
                0.003157894736842105,
                0.08315789473684211,
                0.12842105263157894
            ],
            "weighted": [
                0.0,
                0.0,
                0.0,
                0.0,
                0.0,
                0.003157894736842105,
                0.08315789473684211,
                0.12842105263157894
            ]
        },
        "f1": {
            "macro": [
                0.0,
                0.0,
                0.0,
                0.0,
                0.0,
                0.0031305903398926656,
                0.06651022801563695,
                0.09395662627364157
            ],
            "micro": [
                0,
                0,
                0,
                0,
                0,
                0.006282722513089005,
                0.13932980599647268,
                0.20032840722495895
            ],
            "weighted": [
                0.0,
                0.0,
                0.0,
                0.0,
                0.0,
                0.006198098107522833,
                0.09858239803739381,
                0.1596353817731258
            ]
        }
    },
    "test": {
        "loss": [
            2.9644297659397125,
            2.530038058757782,
            2.4825040698051453,
            2.387037217617035,
            2.3070717453956604,
            2.222430258989334,
            2.224735915660858,
            2.136810451745987
        ],
        "accuracy": {
            "macro": [
                0.8981681034482758,
                0.8981681034482758,
                0.8981681034482758,
                0.8981681034482758,
                0.8981681034482758,
                0.8981681034482758,
                0.890625,
                0.8960129310344825
            ],
            "micro": [
                0.8981681034482759,
                0.8981681034482759,
                0.8981681034482759,
                0.8981681034482759,
                0.8981681034482759,
                0.8981681034482759,
                0.890625,
                0.8960129310344828
            ]
        },
        "precision": {
            "macro": [
                0.0,
                0.0,
                0.0,
                0.0,
                0.0,
                0.0,
                0.05208333333333333,
                0.21173076923076922
            ],
            "micro": [
                0,
                0,
                0,
                0,
                0,
                0,
                0.26666666666666666,
                0.45652173913043476
            ],
            "weighted": [
                0.0,
                0.0,
                0.0,
                0.0,
                0.0,
                0.0,
                0.06790123456790123,
                0.33336589336589334
            ]
        },