{
    "train": {
        "loss": [
            71.97613087296486,
            51.927299708127975,
            49.909987688064575,
            46.92873555421829,
            43.319634795188904,
            40.02746596932411,
            35.46308933198452,
            33.03329448401928
        ],
        "accuracy": {
            "macro": [
                0.8010670731707317,
                0.8732832618025751,
                0.8764484978540772,
                0.8771995708154505,
                0.880337982832618,
                0.8892972103004292,
                0.8988465665236051,
                0.9036480686695276
            ],
            "micro": [
                0.8010670731707317,
                0.8732832618025751,
                0.8764484978540773,
                0.8771995708154506,
                0.880337982832618,
                0.8892972103004292,
                0.8988465665236052,
                0.9036480686695278
            ]
        },
        "precision": {
            "macro": [
                0.10057774394495417,
                0.0,
                0.0,
                0.0875,
                0.21195481927710844,
                0.28283104204870246,
                0.4862639925553833,
                0.5454865179286925
            ],
            "micro": [
                0.13083849184018007,
                0,
                0,
                0.6379310344827587,
                0.7631578947368421,
                0.8948948948948949,
                0.8851485148514852,
                0.8519781718963165
            ]
        },
        "recall": {
            "macro": [
                0.09606224404570803,
                0.0,
                0.0,
                0.005707506837441655,
                0.038143780512770155,
                0.09314094715312934,
                0.1415707695190299,
                0.22546641400840928
            ],
            "micro": [
                0.10513226316979425,
                0.0,
                0.0,
                0.00805398345668263,
                0.05020558320709803,
                0.12808940468514937,
                0.19652670916684986,
                0.27011245674740486
            ]
        },
        "f1": {
            "macro": [
                0.08252833124486543,
                0.0,
                0.0,
                0.010710905228068912,
                0.05485538468279511,
                0.11811603330451736,
                0.1757489669748319,
                0.27170428465958846
            ],
            "micro": [
                0.11658518239939826,
                0,
                0,
                0.01590713671539123,
                0.09421319796954315,
                0.22410227486369622,
                0.32164058283864005,
                0.41018062397372745
            ]
        }
    },
    "val": {
        "loss": [
            12.209077298641205,
            11.062493026256561,
            10.778154700994492,
            10.160521179437637,
            9.728111624717712,
            9.56272006034851,
            9.43909852206707,
            9.568574041128159
        ],
        "accuracy": {
            "macro": [
                0.8958709386281589,
                0.8958709386281589,
                0.8958709386281589,
                0.8959837545126355,
                0.8950812274368232,
                0.8941787003610109,
                0.8912454873646211,
                0.891019855595668
            ],
            "micro": [
                0.8958709386281588,
                0.8958709386281588,
                0.8958709386281588,
                0.8959837545126353,
                0.8950812274368231,
                0.8941787003610109,
                0.891245487364621,
                0.8910198555956679
            ]
        },
        "precision": {
            "macro": [
                0.0,
                0.0,
                0.0,
                0.07366071428571429,
                0.06570512820512821,
                0.08030184202059201,
                0.09164502471274923,
                0.16324204166946102
            ],
            "micro": [
                0,
                0,
                0,
                0.5454545454545454,
                0.4222222222222222,
                0.43243243243243246,
                0.42704626334519574,
                0.41825095057034223
            ],
            "weighted": [
                0.0,
                0.0,
                0.0,
                0.09135582727132023,
                0.08167347278939911,
                0.13629734052269263,
                0.15460128641404913,
                0.16851191755081596
            ]
        },
        "recall": {
            "macro": [
                0.0,
                0.0,
                0.0,
                0.005755649717514124,
                0.013500470809792844,
                0.04189114205004035,
                0.07505338646758139,
                0.10977869746523025
            ],
            "micro": [
                0.0,
                0.0,
                0.0,
                0.0065005417118093175,
                0.020585048754062838,
                0.05200433369447454,
                0.13001083423618634,
                0.11917659804983749
            ],
            "weighted": [
                0.0,
                0.0,
                0.0,
                0.0065005417118093175,
                0.020585048754062838,
                0.05200433369447454,
                0.13001083423618634,
                0.11917659804983749
            ]
        },
        "f1": {
            "macro": [
                0.0,
                0.0,
                0.0,
                0.010653061224489797,
                0.021746596727863117,
                0.05154344512195122,
                0.08240675582843948,
                0.11865223830326804
            ],
            "micro": [
                0,
                0,
                0,
                0.012847965738758028,
                0.03925619834710744,
                0.09284332688588008,
                0.19933554817275745,
                0.18549747048903878
            ],
            "weighted": [
                0.0,
                0.0,
                0.0,
                0.012106396621487166,
                0.03207648345617411,
                0.07033995719155457,
                0.1410998628494736,
                0.12777048587149467
            ]
        }
    },
    "test": {
        "loss": [
            2.7742524445056915,
            2.5541337728500366,
            2.486378103494644,
            2.343440979719162,
            2.2513122856616974,
            2.2170092165470123,
            2.1872854828834534,
            2.2395914047956467
        ],
        "accuracy": {
            "macro": [
                0.8981681034482758,
                0.8981681034482758,
                0.8981681034482758,
                0.8970905172413792,
                0.8981681034482758,
                0.8970905172413792,
                0.8992456896551724,
                0.8943965517241379
            ],
            "micro": [
                0.8981681034482759,
                0.8981681034482759,
                0.8981681034482759,
                0.8970905172413793,
                0.8981681034482759,
                0.8970905172413793,
                0.8992456896551724,
                0.8943965517241379
            ]
        },
        "precision": {
            "macro": [
                0.0,
                0.0,
                0.0,
                0.0,
                0.0875,
                0.0859375,
                0.093359375,
                0.1802884615384615
            ],
            "micro": [
                0,
                0,
                0,
                0.0,
                0.5,
                0.45454545454545453,
                0.5185185185185185,
                0.4339622641509434
            ],