{
    "train": {
        "loss": [
            112.19230271875858,
            65.33368945121765,
            52.83867172151804,
            44.32886039465666,
            37.98296447470784,
            30.629955222830176
        ],
        "accuracy": {
            "macro": [
                0.887362179410854,
                0.9331352154531948,
                0.9450930446472795,
                0.9549399749994104,
                0.9609070968654921,
                0.9682539682539683
            ],
            "micro": [
                0.8873621794108542,
                0.9331352154531947,
                0.9450930446472794,
                0.9549399749994104,
                0.9609070968654921,
                0.9682539682539683
            ]
        },
        "precision": {
            "macro": [
                0.7362997953004816,
                0.8230362684592126,
                0.8582015177476198,
                0.883501649804544,
                0.8970670716029944,
                0.9161735844974906
            ],
            "micro": [
                0.7410139992432841,
                0.8228311405678108,
                0.8573594919912805,
                0.8823959094229364,
                0.8958110516934046,
                0.9151742814711278
            ]
        },
        "recall": {
            "macro": [
                0.32648343069891056,
                0.6820495041372283,
                0.741859712430683,
                0.7926646103108513,
                0.8243447420349327,
                0.859192089419418
            ],
            "micro": [
                0.326199200532978,
                0.6819709764696237,
                0.7416577847011561,
                0.792325981798803,
                0.8240550955152907,
                0.858899729441666
            ]
        },
        "f1": {
            "macro": [
                0.44991112355891055,
                0.7452620402708413,
                0.7951278129280807,
                0.8351298200011886,
                0.8587334588888111,
                0.8864635487469847
            ],
            "micro": [
                0.4529894761188852,
                0.7458083026988254,
                0.7953226657288553,
                0.8349388742494277,
                0.8584361788444294,
                0.8861444763999322
            ]
        }
    },
    "val": {
        "loss": [
            18.201704129576683,
            15.983531229197979,
            15.016554452478886,
            16.489930421113968,
            16.323322292417288,
            18.088571839034557
        ],
        "accuracy": {
            "macro": [
                0.9269756585528509,
                0.937264802553232,
                0.9411232315533749,
                0.9363121040346781,
                0.9380745962940028,
                0.9349783261087028
            ],
            "micro": [
                0.9269756585528509,
                0.9372648025532321,
                0.941123231553375,
                0.9363121040346782,
                0.9380745962940028,
                0.9349783261087029
            ]
        },
        "precision": {
            "macro": [
                0.7995839065401568,
                0.820410049784907,
                0.8318691967007948,
                0.8017504722756554,
                0.799099928015754,
                0.7897264616633665
            ],
            "micro": [
                0.7990216061964941,
                0.8122448979591836,
                0.8288590604026845,
                0.7958022056207755,
                0.8005657708628006,
                0.7885633603953406
            ],
            "weighted": [
                0.8017319947054606,
                0.8220509941224621,
                0.8327175191151728,
                0.8041950252592411,
                0.8018119055691769,
                0.7931621666376144
            ]
        },
        "recall": {
            "macro": [
                0.6539741170784753,
                0.7303123802733588,
                0.7401155455072208,
                0.7468062690101126,
                0.7546141993570271,
                0.7453047920512662
            ],
            "micro": [
                0.6533333333333333,
                0.7296666666666667,
                0.741,
                0.7456666666666667,
                0.7546666666666667,
                0.7446666666666667
            ],
            "weighted": [
                0.6533333333333333,
                0.7296666666666667,
                0.741,
                0.7456666666666667,
                0.7546666666666667,
                0.7446666666666667
            ]
        },
        "f1": {
            "macro": [
                0.7165630565912942,
                0.7682908878028899,
                0.7810604975162831,
                0.7686223223662366,
                0.7741731127333804,
                0.7614699723160062
            ],
            "micro": [
                0.7188703465982027,
                0.7687445127304653,
                0.7824709609292503,
                0.7699191189124075,
                0.7769389155799589,
                0.7659866278073032
            ],
            "weighted": [
                0.7170548739932995,
                0.7686943393995642,
                0.7819814089359637,
                0.7691697541836642,
                0.7755212791080883,
                0.762827095560905
            ]
        }
    },
    "test": {
        "loss": [
            2.8857908844947815,
            3.679909408092499,
            3.3595228791236877,
            4.008586525917053,
            3.6425392627716064,
            3.871054768562317
        ],
        "accuracy": {
            "macro": [
                0.7204433497536946,
                0.6884236453201972,
                0.7118226600985222,
                0.6982758620689655,
                0.7327586206896551,
                0.7266009852216749
            ],
            "micro": [
                0.7204433497536946,
                0.6884236453201971,
                0.7118226600985221,
                0.6982758620689655,
                0.7327586206896551,
                0.7266009852216748
            ]
        },
        "precision": {
            "macro": [
                0.21598639455782312,
                0.24489795918367346,
                0.38177339901477836,
                0.34865424430641817,
                0.49092970521541945,
                0.4362637362637363
            ],
            "micro": [
                0.1935483870967742,
                0.11904761904761904,
                0.2077922077922078,
                0.1956521739130435,
                0.34782608695652173,
                0.31868131868131866
            ],
            "weighted": [
                0.40028974552784075,
                0.4300831443688587,
                0.5700602079912425,
                0.5177823786519439,
                0.6120349374317628,
                0.5396418396418396
            ]
        },
        "recall": {
            "macro": [
                0.07315879205280128,
                0.08202652442283778,
                0.09053864722067487,
                0.08453829836318316,
                0.15361327740359995,
                0.11314362800537915
            ],
            "micro": [
                0.06349206349206349,
                0.05291005291005291,
                0.08465608465608465,
                0.09523809523809523,
                0.1693121693121693,
                0.15343915343915343
            ],
            "weighted": [
                0.06349206349206349,
                0.05291005291005291,
                0.08465608465608465,
                0.09523809523809523,
                0.1693121693121693,
                0.15343915343915343
            ]
        },