{
    "train": {
        "loss": [
            105.1604613661766,
            62.5117250084877,
            51.142806965857744,
            43.06750030815601,
            36.9691044036299,
            30.018477227538824
        ],
        "accuracy": {
            "macro": [
                0.8924731182795699,
                0.9361842648394285,
                0.9486737979266666,
                0.9559151325022703,
                0.9618355721715749,
                0.9694189241782736
            ],
            "micro": [
                0.8924731182795699,
                0.9361842648394287,
                0.9486737979266667,
                0.9559151325022703,
                0.9618355721715748,
                0.9694189241782737
            ]
        },
        "precision": {
            "macro": [
                0.7320179441135852,
                0.8322409694457702,
                0.8680397514198221,
                0.88443636716375,
                0.8987053998660539,
                0.9186772237184707
            ],
            "micro": [
                0.7234490010515248,
                0.8317519319182236,
                0.8670660924920427,
                0.8830404058706287,
                0.8973562810503903,
                0.9177617265686189
            ]
        },
        "recall": {
            "macro": [
                0.4009882714571327,
                0.6971520639909413,
                0.759520884804534,
                0.7993641731592955,
                0.8296255216436002,
                0.8650149539907696
            ],
            "micro": [
                0.40116618075801747,
                0.6973101525340332,
                0.759553878956864,
                0.7993275381335083,
                0.8295063145809415,
                0.8648515663441037
            ]
        },
        "f1": {
            "macro": [
                0.5105041377709215,
                0.7578780725011798,
                0.809523840271703,
                0.8391637177748873,
                0.8622515004723338,
                0.8905867759061762
            ],
            "micro": [
                0.5161290322580645,
                0.7586206896551724,
                0.8097569505158245,
                0.8391012396694214,
                0.8620983550669052,
                0.8905214270635423
            ]
        }
    },
    "val": {
        "loss": [
            18.059642761945724,
            15.633106507360935,
            15.321602039039135,
            15.877588525414467,
            15.992784030735493,
            17.517763301730156
        ],
        "accuracy": {
            "macro": [
                0.9282380952380952,
                0.9379999999999998,
                0.9407142857142857,
                0.9405238095238094,
                0.9413809523809523,
                0.9384761904761904
            ],
            "micro": [
                0.9282380952380952,
                0.938,
                0.9407142857142857,
                0.9405238095238095,
                0.9413809523809524,
                0.9384761904761905
            ]
        },
        "precision": {
            "macro": [
                0.7931733261114882,
                0.8276634660314235,
                0.820345678228363,
                0.8203877111628058,
                0.8190477865919542,
                0.806686005167838
            ],
            "micro": [
                0.781203007518797,
                0.8232611174458381,
                0.8194040697674418,
                0.8114346590909091,
                0.8153024911032029,
                0.7983955354028601
            ],
            "weighted": [
                0.7924247627362351,
                0.8264426199767928,
                0.8205469077809462,
                0.8207240845148097,
                0.8184102694688363,
                0.8074807246196796
            ]
        },
        "recall": {
            "macro": [
                0.6908051471864786,
                0.7199755438273889,
                0.7506041887845462,
                0.7615837071630065,
                0.7625332849776846,
                0.762874334932827
            ],
            "micro": [
                0.691974691974692,
                0.7212787212787213,
                0.7509157509157509,
                0.7609057609057609,
                0.7629037629037629,
                0.7622377622377622
            ],
            "weighted": [
                0.691974691974692,
                0.7212787212787213,
                0.7509157509157509,
                0.7609057609057609,
                0.7629037629037629,
                0.7622377622377622
            ]
        },
        "f1": {
            "macro": [
                0.7335584823978918,
                0.7649970378881241,
                0.7824578510599671,
                0.7875328353795741,
                0.7885432163313117,
                0.7815509968908129
            ],
            "micro": [
                0.7338866325269291,
                0.7689030883919062,
                0.7836663770634231,
                0.7853583089877986,
                0.7882332702563221,
                0.7798977853492334
            ],
            "weighted": [
                0.7336797049342648,
                0.7651540316432169,
                0.7826857634640346,
                0.7873007429404494,
                0.7884236659411201,
                0.7815308114472762
            ]
        }
    },
    "test": {
        "loss": [
            3.2930222749710083,
            3.3437222242355347,
            3.27046400308609,
            3.700416922569275,
            3.718726098537445,
            3.9198672771453857
        ],
        "accuracy": {
            "macro": [
                0.689655172413793,
                0.7290640394088671,
                0.7216748768472907,
                0.7093596059113301,
                0.7266009852216749,
                0.730295566502463
            ],
            "micro": [
                0.6896551724137931,
                0.729064039408867,
                0.7216748768472906,
                0.7093596059113301,
                0.7266009852216748,
                0.7302955665024631
            ]
        },
        "precision": {
            "macro": [
                0.19788359788359786,
                0.3841991341991342,
                0.6642316017316017,
                0.5247252747252747,
                0.486863711001642,
                0.654040404040404
            ],
            "micro": [
                0.12941176470588237,
                0.3037974683544304,
                0.2823529411764706,
                0.25263157894736843,
                0.3263157894736842,
                0.33695652173913043
            ],
            "weighted": [
                0.31115030374289626,
                0.4627625460958794,
                0.8006353214686548,
                0.640652557319224,
                0.569512862616311,
                0.7937443215220993
            ]
        },
        "recall": {
            "macro": [
                0.07557266082611705,
                0.11809283266656538,
                0.13330977138580827,
                0.15309336720627043,
                0.14970944953663848,
                0.17598854678347767
            ],
            "micro": [
                0.0582010582010582,
                0.12698412698412698,
                0.12698412698412698,
                0.12698412698412698,
                0.164021164021164,
                0.164021164021164
            ],
            "weighted": [
                0.0582010582010582,
                0.12698412698412698,
                0.12698412698412698,
                0.12698412698412698,
                0.164021164021164,
                0.164021164021164
            ]
        },