{
    "train": {
        "loss": [
            105.72426435351372,
            65.35577693581581,
            53.75710201635957,
            45.83758606761694,
            38.56434326805174,
            33.137428627349436
        ],
        "accuracy": {
            "macro": [
                0.8945093416211195,
                0.9333183946409406,
                0.9449705747072211,
                0.9526718637591254,
                0.960408533924591,
                0.9657392883678692
            ],
            "micro": [
                0.8945093416211196,
                0.9333183946409407,
                0.9449705747072212,
                0.9526718637591254,
                0.960408533924591,
                0.9657392883678693
            ]
        },
        "precision": {
            "macro": [
                0.760672518677748,
                0.8234119790434596,
                0.8562290822570793,
                0.8761904031724014,
                0.895845361847349,
                0.9100141564623421
            ],
            "micro": [
                0.763611995309097,
                0.823140005928268,
                0.8557119909288482,
                0.8752522472940745,
                0.8949061662198391,
                0.9093232287627776
            ]
        },
        "recall": {
            "macro": [
                0.37947709843556526,
                0.6827640149098438,
                0.7424229486220927,
                0.7823693763256016,
                0.8212539936992117,
                0.8463126585955202
            ],
            "micro": [
                0.37964351157754456,
                0.6831488314883148,
                0.74259942599426,
                0.7824518245182451,
                0.8211562115621156,
                0.8461664616646166
            ]
        },
        "f1": {
            "macro": [
                0.5012967008175672,
                0.7457859027226732,
                0.794621541288328,
                0.8260024479349413,
                0.8564716539197994,
                0.8765122331546155
            ],
            "micro": [
                0.5071488178025034,
                0.7466391826492202,
                0.7951532180173851,
                0.8262544919253584,
                0.8564464400256575,
                0.8766087584419997
            ]
        }
    },
    "val": {
        "loss": [
            16.950207591056824,
            14.6220758035779,
            13.917213018983603,
            14.248774915933609,
            14.630781587213278,
            14.768995527178049
        ],
        "accuracy": {
            "macro": [
                0.9342380952380952,
                0.9429523809523811,
                0.9444285714285715,
                0.9446666666666667,
                0.945190476190476,
                0.9444285714285714
            ],
            "micro": [
                0.9342380952380952,
                0.942952380952381,
                0.9444285714285714,
                0.9446666666666667,
                0.9451904761904761,
                0.9444285714285714
            ]
        },
        "precision": {
            "macro": [
                0.8122226493415815,
                0.8476707766230213,
                0.8435394203377192,
                0.8317699866609851,
                0.8320543878091547,
                0.8220837158733821
            ],
            "micro": [
                0.8005190952910641,
                0.8469230769230769,
                0.843761708505058,
                0.829512893982808,
                0.8323159784560143,
                0.8215913073957238
            ],
            "weighted": [
                0.811160519755179,
                0.8476711950907483,
                0.8433314594192638,
                0.8318548066309267,
                0.8318208803092035,
                0.8225458299626744
            ]
        },
        "recall": {
            "macro": [
                0.7197744073506701,
                0.7354816305392339,
                0.7515469499206644,
                0.7728259885288903,
                0.773468517593702,
                0.7822804975502902
            ],
            "micro": [
                0.7191872085276483,
                0.7335109926715523,
                0.7501665556295802,
                0.7714856762158561,
                0.7721518987341772,
                0.7808127914723517
            ],
            "weighted": [
                0.7191872085276483,
                0.7335109926715523,
                0.7501665556295802,
                0.7714856762158561,
                0.7721518987341772,
                0.7808127914723517
            ]
        },
        "f1": {
            "macro": [
                0.7580227963987685,
                0.779995914727386,
                0.7926815407768018,
                0.7979737895150546,
                0.797887804170724,
                0.799599059692839
            ],
            "micro": [
                0.7576767854009476,
                0.7861478043555873,
                0.7942161876212308,
                0.7994477045219192,
                0.8011059270779332,
                0.8006831767719899
            ],
            "weighted": [
                0.7572506772009312,
                0.778657179248307,
                0.7917781501016313,
                0.7972226329525443,
                0.7969833622055836,
                0.7990096704428018
            ]
        }
    },
    "test": {
        "loss": [
            3.214935064315796,
            2.9514054656028748,
            3.4922212958335876,
            3.4747748970985413,
            3.437889039516449,
            3.802432954311371
        ],
        "accuracy": {
            "macro": [
                0.6970443349753694,
                0.7352216748768472,
                0.7142857142857143,
                0.7167487684729064,
                0.7179802955665024,
                0.7130541871921182
            ],
            "micro": [
                0.6970443349753694,
                0.7352216748768473,
                0.7142857142857143,
                0.7167487684729064,
                0.7179802955665024,
                0.7130541871921182
            ]
        },
        "precision": {
            "macro": [
                0.146031746031746,
                0.2178932178932179,
                0.5261904761904762,
                0.5251322751322751,
                0.7125850340136054,
                0.4788006111535523
            ],
            "micro": [
                0.14814814814814814,
                0.2903225806451613,
                0.2345679012345679,
                0.24691358024691357,
                0.25,
                0.26595744680851063
            ],
            "weighted": [
                0.2819517930629042,
                0.3261717706162151,
                0.6422398589065256,
                0.6329120125416422,
                0.8642605190224238,
                0.5772783861019155
            ]
        },
        "recall": {
            "macro": [
                0.09698238269666841,
                0.1048485564614597,
                0.11963118167035217,
                0.1218987553664973,
                0.11329210344187303,
                0.13791806631668382
            ],
            "micro": [
                0.06349206349206349,
                0.09523809523809523,
                0.10052910052910052,
                0.10582010582010581,
                0.10582010582010581,
                0.13227513227513227
            ],
            "weighted": [
                0.06349206349206349,
                0.09523809523809523,
                0.10052910052910052,
                0.10582010582010581,
                0.10582010582010581,
                0.13227513227513227
            ]
        },