{
    "train": {
        "loss": [
            105.64034592360258,
            63.90587177872658,
            52.27738532423973,
            44.37047626450658,
            37.94345999136567,
            31.796280736103654
        ],
        "accuracy": {
            "macro": [
                0.8942799990474603,
                0.9347272341328806,
                0.947086016179627,
                0.954208825679851,
                0.961072195098941,
                0.966968560579259
            ],
            "micro": [
                0.8942799990474603,
                0.9347272341328805,
                0.9470860161796268,
                0.954208825679851,
                0.961072195098941,
                0.966968560579259
            ]
        },
        "precision": {
            "macro": [
                0.7484237882133399,
                0.8285408039522674,
                0.8621339168553402,
                0.8801891257836806,
                0.8969787205549464,
                0.9110730444227142
            ],
            "micro": [
                0.7517308001932056,
                0.8296376955058404,
                0.8616063051229124,
                0.8793355239138372,
                0.8960634128963306,
                0.9099319252923721
            ]
        },
        "recall": {
            "macro": [
                0.38849156911143823,
                0.6869031863340591,
                0.752769839534645,
                0.7898874706753858,
                0.8249786377985134,
                0.8550289442491916
            ],
            "micro": [
                0.3888888888888889,
                0.6872488724887249,
                0.7530135301353014,
                0.7899958999589995,
                0.8250102501025011,
                0.854940549405494
            ]
        },
        "f1": {
            "macro": [
                0.5072329603772145,
                0.7500198887098711,
                0.8031487296314582,
                0.8320507619642074,
                0.859136765641969,
                0.8817268905661125
            ],
            "micro": [
                0.5125981226327058,
                0.7517603265013231,
                0.8036581630420513,
                0.8322750637121507,
                0.8590701447295395,
                0.8815795036570414
            ]
        }
    },
    "val": {
        "loss": [
            17.345440201461315,
            15.314570426940918,
            14.514098562300205,
            15.274802848696709,
            15.100476920604706,
            16.077993348240852
        ],
        "accuracy": {
            "macro": [
                0.9336445481827277,
                0.9393131043681227,
                0.9434097079979039,
                0.9398370885533273,
                0.9432191682941935,
                0.9386938503310628
            ],
            "micro": [
                0.9336445481827276,
                0.9393131043681227,
                0.943409707997904,
                0.9398370885533273,
                0.9432191682941933,
                0.9386938503310628
            ]
        },
        "precision": {
            "macro": [
                0.8183921100692306,
                0.8294554717124772,
                0.83845580635221,
                0.8236051950458058,
                0.8236360114373038,
                0.8082430512935852
            ],
            "micro": [
                0.8143806174286831,
                0.8226288274831964,
                0.8364243323442137,
                0.8181485547017929,
                0.8168767507002801,
                0.803325079589671
            ],
            "weighted": [
                0.8178426491644287,
                0.8281591366690042,
                0.8371389703391334,
                0.8236077057387597,
                0.8222019146084361,
                0.8068115529671741
            ]
        },
        "recall": {
            "macro": [
                0.6957916860398715,
                0.7346731461167726,
                0.7520379601978365,
                0.7464481288183541,
                0.7780507956909071,
                0.7579025574628614
            ],
            "micro": [
                0.6942038640906063,
                0.7338441039307129,
                0.751165889407062,
                0.7448367754830113,
                0.7771485676215856,
                0.7564956695536309
            ],
            "weighted": [
                0.6942038640906063,
                0.7338441039307129,
                0.751165889407062,
                0.7448367754830113,
                0.7771485676215856,
                0.7564956695536309
            ]
        },
        "f1": {
            "macro": [
                0.7488414635821959,
                0.7774116485208763,
                0.7918255964896875,
                0.7808923030546591,
                0.7989697668989455,
                0.7798836308782416
            ],
            "micro": [
                0.7495054846250675,
                0.7757042253521127,
                0.7915057915057915,
                0.7797733217088055,
                0.796517582792762,
                0.7792074112197632
            ],
            "weighted": [
                0.7476423672001878,
                0.7763695668044378,
                0.7907336794260957,
                0.7800725522361827,
                0.7978142221073866,
                0.7784149562450663
            ]
        }
    },
    "test": {
        "loss": [
            3.0464107990264893,
            3.2606289386749268,
            3.1391348838806152,
            3.0068705081939697,
            3.4907265305519104,
            3.6961581110954285
        ],
        "accuracy": {
            "macro": [
                0.7130541871921182,
                0.70935960591133,
                0.7241379310344828,
                0.7438423645320197,
                0.7229064039408867,
                0.7155172413793104
            ],
            "micro": [
                0.7130541871921182,
                0.7093596059113301,
                0.7241379310344828,
                0.7438423645320197,
                0.7229064039408867,
                0.7155172413793104
            ]
        },
        "precision": {
            "macro": [
                0.24654377880184333,
                0.27300824175824173,
                0.3652709359605911,
                0.3476547440565431,
                0.7020408163265307,
                0.5105552342394448
            ],
            "micro": [
                0.16666666666666666,
                0.21686746987951808,
                0.23880597014925373,
                0.37333333333333335,
                0.3,
                0.2765957446808511
            ],
            "weighted": [
                0.34621949138078173,
                0.4098366910866911,
                0.5224320379492793,
                0.5249692614010454,
                0.8497354497354497,
                0.6166109718741297
            ]
        },
        "recall": {
            "macro": [
                0.09301553541184877,
                0.1065478300501342,
                0.09744602555662464,
                0.1144702711522988,
                0.1617101472516219,
                0.12689754561874378
            ],
            "micro": [
                0.0582010582010582,
                0.09523809523809523,
                0.08465608465608465,
                0.14814814814814814,
                0.14285714285714285,
                0.13756613756613756
            ],
            "weighted": [
                0.0582010582010582,
                0.09523809523809523,
                0.08465608465608465,
                0.14814814814814814,
                0.14285714285714285,
                0.13756613756613756
            ]
        },