{
    "train": {
        "loss": [
            101.56393942981958,
            56.212142661213875,
            45.72829971835017,
            36.68544450774789,
            30.437763450667262,
            25.63204688951373
        ],
        "accuracy": {
            "macro": [
                0.8752066115702478,
                0.9340768515847836,
                0.9458705893664071,
                0.9568150498349519,
                0.963945774444765,
                0.9691375829247186
            ],
            "micro": [
                0.8752066115702479,
                0.9340768515847835,
                0.9458705893664071,
                0.9568150498349518,
                0.9639457744447649,
                0.9691375829247187
            ]
        },
        "precision": {
            "macro": [
                0.7146412094882663,
                0.8528045474002536,
                0.8754717422564515,
                0.8993954094948272,
                0.9191479901176395,
                0.9271184937653992
            ],
            "micro": [
                0.715068038499834,
                0.8479020979020979,
                0.8740779768177028,
                0.8980364082634485,
                0.9177234452673227,
                0.9264793783622236
            ]
        },
        "recall": {
            "macro": [
                0.4186526729256055,
                0.7404790215046622,
                0.7908411819574847,
                0.8378889508278058,
                0.8626020434773544,
                0.886751744811444
            ],
            "micro": [
                0.41863402312251047,
                0.7403167334478153,
                0.7916587134949418,
                0.837961637560836,
                0.86275631855031,
                0.8867276887871853
            ]
        },
        "f1": {
            "macro": [
                0.5274514013431896,
                0.7910980773823321,
                0.8301940082383855,
                0.867052211403826,
                0.8893778595941514,
                0.9060538239179757
            ],
            "micro": [
                0.5280960843188921,
                0.7904655189976572,
                0.8308293269230769,
                0.86695956953152,
                0.8893914069413037,
                0.9061677871967261
            ]
        }
    },
    "val": {
        "loss": [
            16.558811761438847,
            14.025363575667143,
            13.334485467523336,
            13.49056165292859,
            13.7020847145468,
            14.25657744705677
        ],
        "accuracy": {
            "macro": [
                0.9245723172628303,
                0.9363659927423535,
                0.9398652151373769,
                0.9409020217729394,
                0.9403188180404355,
                0.9387636080870917
            ],
            "micro": [
                0.9245723172628305,
                0.9363659927423535,
                0.9398652151373769,
                0.9409020217729394,
                0.9403188180404355,
                0.9387636080870918
            ]
        },
        "precision": {
            "macro": [
                0.8228243523957595,
                0.8513575858817025,
                0.8481605718052007,
                0.851528962879676,
                0.8433744133071194,
                0.8324897151347951
            ],
            "micro": [
                0.7994902293967715,
                0.8454861111111112,
                0.8478444632290786,
                0.8433884297520661,
                0.8334005647438483,
                0.8312322082147214
            ],
            "weighted": [
                0.8238779891844766,
                0.8529494239794156,
                0.8486771545122238,
                0.8527670744400357,
                0.8445403835249203,
                0.8337518066434009
            ]
        },
        "recall": {
            "macro": [
                0.7317345294121888,
                0.7575200228418576,
                0.7782771351918066,
                0.7928579499281553,
                0.8021732712997985,
                0.7937018813405272
            ],
            "micro": [
                0.7311577311577312,
                0.7567987567987567,
                0.7793317793317793,
                0.7929292929292929,
                0.8026418026418026,
                0.7940947940947941
            ],
            "weighted": [
                0.7311577311577312,
                0.7567987567987567,
                0.7793317793317793,
                0.7929292929292929,
                0.8026418026418026,
                0.7940947940947941
            ]
        },
        "f1": {
            "macro": [
                0.7651188480061303,
                0.7991565430506391,
                0.8111933358373182,
                0.8180622762995272,
                0.8186963838476364,
                0.81185279444006
            ],
            "micro": [
                0.7637987012987013,
                0.7986879868798687,
                0.8121457489878542,
                0.8173808570284341,
                0.8177320403720562,
                0.8122392211404729
            ],
            "weighted": [
                0.7654829504625587,
                0.7994422805959023,
                0.8120036868799609,
                0.8186642924331062,
                0.8195025567227225,
                0.8126519708646219
            ]
        }
    },
    "test": {
        "loss": [
            3.215682864189148,
            2.9271069169044495,
            3.048148274421692,
            3.309261679649353,
            3.756799638271332,
            3.4266438484191895
        ],
        "accuracy": {
            "macro": [
                0.6623563218390803,
                0.7112068965517241,
                0.7212643678160919,
                0.6925287356321839,
                0.6997126436781609,
                0.7083333333333334
            ],
            "micro": [
                0.6623563218390804,
                0.7112068965517241,
                0.7212643678160919,
                0.6925287356321839,
                0.6997126436781609,
                0.7083333333333334
            ]
        },
        "precision": {
            "macro": [
                0.4696061140505585,
                0.45162835249042144,
                0.5707602339181287,
                0.679342820300267,
                0.7282169990503324,
                0.6786195286195286
            ],
            "micro": [
                0.2553191489361702,
                0.4268292682926829,
                0.4742268041237113,
                0.35294117647058826,
                0.4,
                0.42391304347826086
            ],
            "weighted": [
                0.6131556600692403,
                0.5840327190901904,
                0.6013366750208855,
                0.7119929209594862,
                0.7849662340403082,
                0.7087969643525197
            ]
        },
        "recall": {
            "macro": [
                0.2088069636456733,
                0.18430160043063268,
                0.2029396753187076,
                0.20219394554071976,
                0.2503474273635564,
                0.22811987146664567
            ],
            "micro": [
                0.12698412698412698,
                0.18518518518518517,
                0.24338624338624337,
                0.15873015873015872,
                0.21164021164021163,
                0.20634920634920634
            ],
            "weighted": [
                0.12698412698412698,
                0.18518518518518517,
                0.24338624338624337,
                0.15873015873015872,
                0.21164021164021163,
                0.20634920634920634
            ]
        },