{
    "train": {
        "loss": [
            109.77983702719212,
            64.84703571349382,
            52.321623139083385,
            43.88738354668021,
            36.263754146173596,
            30.803464146330953
        ],
        "accuracy": {
            "macro": [
                0.8868144690781797,
                0.9346210995542349,
                0.9470152597938631,
                0.9564258591004505,
                0.9636076322554777,
                0.968843604802
            ],
            "micro": [
                0.8868144690781797,
                0.9346210995542348,
                0.947015259793863,
                0.9564258591004505,
                0.9636076322554777,
                0.968843604802
            ]
        },
        "precision": {
            "macro": [
                0.6972551608158124,
                0.8286144577759414,
                0.8612128682134795,
                0.8869443875134537,
                0.9055438519451836,
                0.9183377517341754
            ],
            "micro": [
                0.6986497220015886,
                0.8275556430963167,
                0.8589803336750862,
                0.8852533309163418,
                0.9038836673169002,
                0.9172781271837875
            ]
        },
        "recall": {
            "macro": [
                0.36622736309214055,
                0.6892799471685084,
                0.75583650601566,
                0.8009653014846041,
                0.8359406541084292,
                0.8611563411764939
            ],
            "micro": [
                0.36628633297243274,
                0.6889963922597573,
                0.755657592653329,
                0.8008363397835356,
                0.8358478189570351,
                0.8610200065595277
            ]
        },
        "f1": {
            "macro": [
                0.47716732011309493,
                0.7516818836668094,
                0.8043421277897528,
                0.8411429810189238,
                0.8688354339211891,
                0.8884045038726166
            ],
            "micro": [
                0.48060321276363244,
                0.7519463087248321,
                0.8040130861504908,
                0.8409315941280298,
                0.8685354008690466,
                0.888259177804094
            ]
        }
    },
    "val": {
        "loss": [
            17.84870035201311,
            15.294615261256695,
            14.483997657895088,
            14.807448655366898,
            15.314796030521393,
            16.409791067242622
        ],
        "accuracy": {
            "macro": [
                0.9294526747010909,
                0.9408850569237365,
                0.9425999142571333,
                0.9405039775163149,
                0.9424570094793502,
                0.9410279617015195
            ],
            "micro": [
                0.9294526747010908,
                0.9408850569237365,
                0.9425999142571333,
                0.940503977516315,
                0.9424570094793503,
                0.9410279617015196
            ]
        },
        "precision": {
            "macro": [
                0.7963792093062968,
                0.8342978757352567,
                0.8359361850741098,
                0.8145619819071092,
                0.8268917053016566,
                0.80864300571787
            ],
            "micro": [
                0.7987421383647799,
                0.8295880149812734,
                0.8316100443131462,
                0.813528990694345,
                0.8228303925099028,
                0.8076788830715532
            ],
            "weighted": [
                0.7991953422656513,
                0.8353290191146303,
                0.8377475696254532,
                0.8163540213018242,
                0.8284298267486407,
                0.8091779743065426
            ]
        },
        "recall": {
            "macro": [
                0.6754264165451961,
                0.735523714557546,
                0.7490998047392194,
                0.7565218062804389,
                0.760719725215039,
                0.7698288962207028
            ],
            "micro": [
                0.6771076307897368,
                0.7380873042319227,
                0.7504165278240587,
                0.7574141952682439,
                0.7614128623792069,
                0.7710763078973676
            ],
            "weighted": [
                0.6771076307897368,
                0.7380873042319227,
                0.7504165278240587,
                0.7574141952682439,
                0.7614128623792069,
                0.7710763078973676
            ]
        },
        "f1": {
            "macro": [
                0.7249600015619319,
                0.7798275134927677,
                0.7888119075169918,
                0.7839016765197188,
                0.7906719458444582,
                0.7878919870034224
            ],
            "micro": [
                0.7329125338142471,
                0.7811673426203491,
                0.788929760028026,
                0.7844693701466782,
                0.7909311180339217,
                0.7889532901466075
            ],
            "weighted": [
                0.7272646143211551,
                0.7818193674250858,
                0.7903570697195874,
                0.7852215643213798,
                0.7917438725285187,
                0.7887694162290506
            ]
        }
    },
    "test": {
        "loss": [
            2.9991995692253113,
            3.165484070777893,
            3.3490597009658813,
            2.8878331780433655,
            3.197945773601532,
            3.661686599254608
        ],
        "accuracy": {
            "macro": [
                0.7204433497536946,
                0.7241379310344829,
                0.7266009852216747,
                0.7500000000000001,
                0.7450738916256158,
                0.727832512315271
            ],
            "micro": [
                0.7204433497536946,
                0.7241379310344828,
                0.7266009852216748,
                0.75,
                0.7450738916256158,
                0.7278325123152709
            ]
        },
        "precision": {
            "macro": [
                0.25155279503105593,
                0.26031746031746034,
                0.40816326530612246,
                0.5252009894867038,
                0.6895604395604397,
                0.6132653061224491
            ],
            "micro": [
                0.21212121212121213,
                0.26666666666666666,
                0.2676056338028169,
                0.4125,
                0.3875,
                0.336734693877551
            ],
            "weighted": [
                0.43328732459167246,
                0.4470311581422692,
                0.6111111111111112,
                0.6515895920657825,
                0.8548026048026048,
                0.7498488284202571
            ]
        },
        "recall": {
            "macro": [
                0.08875609797268783,
                0.13958801055575248,
                0.1304130585236576,
                0.15787271484276091,
                0.17780260574039378,
                0.1554003983727486
            ],
            "micro": [
                0.07407407407407407,
                0.10582010582010581,
                0.10052910052910052,
                0.1746031746031746,
                0.164021164021164,
                0.1746031746031746
            ],
            "weighted": [
                0.07407407407407407,
                0.10582010582010581,
                0.10052910052910052,
                0.1746031746031746,
                0.164021164021164,
                0.1746031746031746
            ]
        },