{
    "train": {
        "loss": [
            95.20592707395554,
            54.98300939053297,
            42.17656672745943,
            36.98012080416083,
            31.597580133005977,
            26.80643199570477
        ],
        "accuracy": {
            "macro": [
                0.8879058915030139,
                0.9350445427161445,
                0.9502339293725565,
                0.9554572838556687,
                0.9624591424726016,
                0.9684996475036852
            ],
            "micro": [
                0.8879058915030138,
                0.9350445427161443,
                0.9502339293725566,
                0.9554572838556687,
                0.9624591424726014,
                0.9684996475036852
            ]
        },
        "precision": {
            "macro": [
                0.777494347539735,
                0.8522705960637968,
                0.8873229202272706,
                0.9004808297072563,
                0.9172586430872038,
                0.9284608609800853
            ],
            "micro": [
                0.7742564602632862,
                0.8502562983967717,
                0.8848680780060486,
                0.8985717242806872,
                0.9157905481269777,
                0.9274824473420261
            ]
        },
        "recall": {
            "macro": [
                0.46358183323109214,
                0.7439349481821581,
                0.8093025276710816,
                0.8285814287024463,
                0.8552285656575371,
                0.8818570971578228
            ],
            "micro": [
                0.46283882250072866,
                0.7441061372530304,
                0.8090969772098789,
                0.8282770463651975,
                0.8552907530981888,
                0.8815061963775024
            ]
        },
        "f1": {
            "macro": [
                0.5789171190085394,
                0.7937588312497365,
                0.8458349350857759,
                0.8623987284848421,
                0.884507101766201,
                0.9042661552119284
            ],
            "micro": [
                0.5793506019700839,
                0.7936475618446502,
                0.845287905957362,
                0.8619936457505957,
                0.8845073199585942,
                0.9039100684261975
            ]
        }
    },
    "val": {
        "loss": [
            16.54690433293581,
            14.065053153783083,
            13.561205484904349,
            13.57311748713255,
            15.432479551061988,
            15.068685034289956
        ],
        "accuracy": {
            "macro": [
                0.9211072215739661,
                0.9347854272008297,
                0.937248800726047,
                0.9406197329184494,
                0.9327758330092054,
                0.9369246726306236
            ],
            "micro": [
                0.9211072215739661,
                0.9347854272008298,
                0.9372488007260469,
                0.9406197329184494,
                0.9327758330092052,
                0.9369246726306236
            ]
        },
        "precision": {
            "macro": [
                0.8056436289269194,
                0.8303096852511552,
                0.844402267716847,
                0.8494031409058657,
                0.8213162521832748,
                0.8253887794884451
            ],
            "micro": [
                0.8042209250112259,
                0.8259783513738551,
                0.8383966244725738,
                0.845575959933222,
                0.8151950718685832,
                0.8248679398618448
            ],
            "weighted": [
                0.805191196767003,
                0.8295123949067729,
                0.8434331114448603,
                0.848213849188051,
                0.8208111051117342,
                0.8246663561673151
            ]
        },
        "recall": {
            "macro": [
                0.6970822438139592,
                0.7720781217352141,
                0.7730166608346581,
                0.788412598836032,
                0.7737906310781676,
                0.7904846447369126
            ],
            "micro": [
                0.6963452566096423,
                0.7713841368584758,
                0.7725505443234837,
                0.7877138413685848,
                0.7717729393468118,
                0.7892690513219285
            ],
            "weighted": [
                0.6963452566096423,
                0.7713841368584758,
                0.7725505443234837,
                0.7877138413685848,
                0.7717729393468118,
                0.7892690513219285
            ]
        },
        "f1": {
            "macro": [
                0.7436888587899667,
                0.7991531220921564,
                0.8062334223411236,
                0.8165652955798971,
                0.7921576942246392,
                0.8074672514172153
            ],
            "micro": [
                0.7464055011460722,
                0.7977482911137916,
                0.8041278834479968,
                0.8156199677938808,
                0.79288995406431,
                0.8066759388038943
            ],
            "weighted": [
                0.7431320441441791,
                0.7983983187840262,
                0.8055193276900089,
                0.8156607742871618,
                0.7907852479988008,
                0.806488393231283
            ]
        }
    },
    "test": {
        "loss": [
            2.696743965148926,
            3.0101646780967712,
            3.2844770550727844,
            3.2948485612869263,
            2.8674721717834473,
            3.5722790360450745
        ],
        "accuracy": {
            "macro": [
                0.7341954022988505,
                0.7241379310344827,
                0.6882183908045977,
                0.714080459770115,
                0.7586206896551725,
                0.7327586206896551
            ],
            "micro": [
                0.7341954022988506,
                0.7241379310344828,
                0.6882183908045977,
                0.7140804597701149,
                0.7586206896551724,
                0.7327586206896551
            ]
        },
        "precision": {
            "macro": [
                0.43706896551724145,
                0.609514830445063,
                0.7538231780167264,
                0.7651573787409701,
                0.7799589102780593,
                0.7551759834368531
            ],
            "micro": [
                0.5256410256410257,
                0.48314606741573035,
                0.34444444444444444,
                0.4431818181818182,
                0.6082474226804123,
                0.5161290322580645
            ],
            "weighted": [
                0.5618591497901843,
                0.6520483464005059,
                0.8015190305512885,
                0.8116717447212802,
                0.8148518929505084,
                0.8100222375584694
            ]
        },
        "recall": {
            "macro": [
                0.1826893536570956,
                0.2186984684968556,
                0.2042841716228813,
                0.23706600299342231,
                0.2623157830819121,
                0.2641264425538619
            ],
            "micro": [
                0.21693121693121692,
                0.2275132275132275,
                0.164021164021164,
                0.20634920634920634,
                0.31216931216931215,
                0.25396825396825395
            ],
            "weighted": [
                0.21693121693121692,
                0.2275132275132275,
                0.164021164021164,
                0.20634920634920634,
                0.31216931216931215,
                0.25396825396825395
            ]
        },