{
    "train": {
        "loss": [
            96.59574164450169,
            54.21781820803881,
            43.71959808468819,
            36.941904589533806,
            30.12899280525744,
            26.015733354724944
        ],
        "accuracy": {
            "macro": [
                0.8854105904465617,
                0.9371915657245401,
                0.9484874703582644,
                0.9566429532782156,
                0.96446196244312,
                0.9696212266871754
            ],
            "micro": [
                0.8854105904465617,
                0.9371915657245401,
                0.9484874703582644,
                0.9566429532782157,
                0.9644619624431199,
                0.9696212266871755
            ]
        },
        "precision": {
            "macro": [
                0.7634470454969099,
                0.8602175037940373,
                0.884202288812265,
                0.9024740992865815,
                0.9172984366365151,
                0.9289182768823755
            ],
            "micro": [
                0.7608554763447829,
                0.8582814717763948,
                0.8828610555145897,
                0.9012281969243472,
                0.9165994352561517,
                0.9279378052426991
            ]
        },
        "recall": {
            "macro": [
                0.4552605941188459,
                0.7498361586674717,
                0.7998251850441364,
                0.8333039102808574,
                0.8678928053121783,
                0.8883061434175258
            ],
            "micro": [
                0.45627671978235523,
                0.7498807593246208,
                0.7994086226631056,
                0.8331266100562923,
                0.8672709923664123,
                0.8881045502241725
            ]
        },
        "f1": {
            "macro": [
                0.5675164442082722,
                0.8005115276374989,
                0.8392995269133262,
                0.8659886383549394,
                0.8913892490238836,
                0.907875749244781
            ],
            "micro": [
                0.5704567541302235,
                0.8004276550249465,
                0.8390649246633628,
                0.8658403569657908,
                0.8912531868993921,
                0.9075843244297134
            ]
        }
    },
    "val": {
        "loss": [
            17.050302602350712,
            14.378584615886211,
            13.96734520047903,
            13.906749054789543,
            14.934692818671465,
            15.88951788470149
        ],
        "accuracy": {
            "macro": [
                0.9214961752884739,
                0.9377674056787243,
                0.9383508362504863,
                0.9419162453001425,
                0.9355633346298458,
                0.9371839751069624
            ],
            "micro": [
                0.921496175288474,
                0.9377674056787242,
                0.9383508362504862,
                0.9419162453001426,
                0.9355633346298458,
                0.9371839751069623
            ]
        },
        "precision": {
            "macro": [
                0.8073994529230095,
                0.8471455233489277,
                0.8419495836835539,
                0.8515853281626016,
                0.8264940794446319,
                0.8238160801380201
            ],
            "micro": [
                0.7985107314936487,
                0.840793918918919,
                0.8425495989869143,
                0.8452674897119341,
                0.819838056680162,
                0.8255578093306288
            ],
            "weighted": [
                0.8089059527783906,
                0.848635450190462,
                0.8430629079246886,
                0.8528479039035743,
                0.8287932213736654,
                0.8241140407537085
            ]
        },
        "recall": {
            "macro": [
                0.7072222673494116,
                0.773101376296263,
                0.7743247103705461,
                0.7974822550362427,
                0.7873549503338944,
                0.7889613758236916
            ],
            "micro": [
                0.7082362082362083,
                0.7735042735042735,
                0.7754467754467754,
                0.797979797979798,
                0.7867132867132867,
                0.7905982905982906
            ],
            "weighted": [
                0.7082362082362083,
                0.7735042735042735,
                0.7754467754467754,
                0.797979797979798,
                0.7867132867132867,
                0.7905982905982906
            ]
        },
        "f1": {
            "macro": [
                0.7495319696418227,
                0.8068417681497065,
                0.8056739242515588,
                0.8219990373565166,
                0.8020195457491682,
                0.804884922161652
            ],
            "micro": [
                0.7506691373275685,
                0.8057466612707406,
                0.8076067165688853,
                0.8209432454036771,
                0.8029341792228389,
                0.8076999404643778
            ],
            "weighted": [
                0.7507400440083001,
                0.8077843455032316,
                0.8067906829752497,
                0.8229137477927472,
                0.8026588743277469,
                0.805899759024822
            ]
        }
    },
    "test": {
        "loss": [
            2.734923481941223,
            3.2984049916267395,
            3.045719861984253,
            3.8108232021331787,
            3.542369842529297,
            3.619487941265106
        ],
        "accuracy": {
            "macro": [
                0.7140804597701149,
                0.7169540229885057,
                0.7198275862068965,
                0.7040229885057472,
                0.7255747126436782,
                0.7112068965517241
            ],
            "micro": [
                0.7140804597701149,
                0.7169540229885057,
                0.7198275862068966,
                0.7040229885057471,
                0.7255747126436781,
                0.7112068965517241
            ]
        },
        "precision": {
            "macro": [
                0.5989906832298136,
                0.4252622377622377,
                0.6063988095238095,
                0.798941798941799,
                0.6980683090705487,
                0.6456228956228957
            ],
            "micro": [
                0.4342105263157895,
                0.46226415094339623,
                0.4642857142857143,
                0.4158415841584158,
                0.49019607843137253,
                0.43023255813953487
            ],
            "weighted": [
                0.6575429688783726,
                0.45532708032708036,
                0.6572420634920635,
                0.8444612412866381,
                0.762820170994863,
                0.7209929987707767
            ]
        },
        "recall": {
            "macro": [
                0.17966458571297284,
                0.24022624627463338,
                0.19553760158598865,
                0.25708000183806634,
                0.2504354740241837,
                0.19584219543896964
            ],
            "micro": [
                0.1746031746031746,
                0.25925925925925924,
                0.20634920634920634,
                0.2222222222222222,
                0.26455026455026454,
                0.19576719576719576
            ],
            "weighted": [
                0.1746031746031746,
                0.25925925925925924,
                0.20634920634920634,
                0.2222222222222222,
                0.26455026455026454,
                0.19576719576719576
            ]
        },