{
    "train": {
        "loss": [
            95.676848359406,
            55.00835083425045,
            43.79010623320937,
            36.475265331566334,
            30.922881303355098,
            24.14439183101058
        ],
        "accuracy": {
            "macro": [
                0.8885864281547735,
                0.9355252195090689,
                0.9482951996410947,
                0.9562904569634045,
                0.9635486765365636,
                0.9720566557713259
            ],
            "micro": [
                0.8885864281547735,
                0.9355252195090688,
                0.9482951996410947,
                0.9562904569634044,
                0.9635486765365635,
                0.972056655771326
            ]
        },
        "precision": {
            "macro": [
                0.78550302281927,
                0.8576397767959002,
                0.8860659017419499,
                0.9010771021085279,
                0.9172507343406363,
                0.9374128063883393
            ],
            "micro": [
                0.7809117743522467,
                0.8544956140350877,
                0.88426514188903,
                0.8994338651569738,
                0.916083916083916,
                0.936963036963037
            ]
        },
        "recall": {
            "macro": [
                0.46266175419758754,
                0.7427292735825551,
                0.796655400909091,
                0.8330543599225453,
                0.8622852697755802,
                0.8939154892456216
            ],
            "micro": [
                0.46224034168122696,
                0.7428979980934223,
                0.7964711492608488,
                0.833063209076175,
                0.8620064848369254,
                0.8939191765154403
            ]
        },
        "f1": {
            "macro": [
                0.5789452953598168,
                0.7946897858317871,
                0.8380934812994187,
                0.8650974382389732,
                0.8885916595134106,
                0.9148925265381692
            ],
            "micro": [
                0.5807317073170731,
                0.7947985721570627,
                0.8380751668422901,
                0.8649772322312412,
                0.8882228664079005,
                0.9149351282801678
            ]
        }
    },
    "val": {
        "loss": [
            15.944038793444633,
            13.87431038916111,
            13.190389536321163,
            13.449570499360561,
            14.165485341101885,
            14.684942655265331
        ],
        "accuracy": {
            "macro": [
                0.9281732140541942,
                0.9356929858680151,
                0.9388694412031636,
                0.9385453131077401,
                0.9382211850123167,
                0.9401659535848568
            ],
            "micro": [
                0.9281732140541942,
                0.9356929858680151,
                0.9388694412031635,
                0.9385453131077401,
                0.9382211850123169,
                0.9401659535848568
            ]
        },
        "precision": {
            "macro": [
                0.8301540032231941,
                0.8469554686469621,
                0.8456083965632879,
                0.8382690082548808,
                0.8442214817510189,
                0.8385881487255343
            ],
            "micro": [
                0.8199300699300699,
                0.841991341991342,
                0.8461538461538461,
                0.834156378600823,
                0.8411293721028235,
                0.8358452138492871
            ],
            "weighted": [
                0.8310343194500359,
                0.8479273852193833,
                0.8462533833269184,
                0.8385740296140828,
                0.8445030780920882,
                0.8396013403635839
            ]
        },
        "recall": {
            "macro": [
                0.7296207467567415,
                0.7560839759867566,
                0.7735460086803405,
                0.7868789297815831,
                0.7748642088971733,
                0.7975347264996601
            ],
            "micro": [
                0.7293934681181959,
                0.7562208398133748,
                0.7741057542768274,
                0.7881026438569206,
                0.776049766718507,
                0.7978227060653188
            ],
            "weighted": [
                0.7293934681181959,
                0.7562208398133748,
                0.7741057542768274,
                0.7881026438569206,
                0.776049766718507,
                0.7978227060653188
            ]
        },
        "f1": {
            "macro": [
                0.7727894039373365,
                0.7977807044639356,
                0.8070832509320479,
                0.8084048532462546,
                0.8046481106601447,
                0.8157669530891694
            ],
            "micro": [
                0.7720164609053498,
                0.7968045882834904,
                0.8085279187817258,
                0.8104758096761294,
                0.8072800808897876,
                0.816391485975731
            ],
            "weighted": [
                0.7730749549377728,
                0.7983157522854697,
                0.807684276142898,
                0.809224999823714,
                0.8054595792284825,
                0.8163961062681921
            ]
        }
    },
    "test": {
        "loss": [
            3.0949848294258118,
            3.1319700479507446,
            3.0555429458618164,
            3.2583131194114685,
            2.8706573843955994,
            3.690263569355011
        ],
        "accuracy": {
            "macro": [
                0.6896551724137931,
                0.7083333333333334,
                0.7097701149425287,
                0.7456896551724137,
                0.75,
                0.7198275862068965
            ],
            "micro": [
                0.6896551724137931,
                0.7083333333333334,
                0.7097701149425287,
                0.7456896551724138,
                0.75,
                0.7198275862068966
            ]
        },
        "precision": {
            "macro": [
                0.3111518111518112,
                0.6490079365079365,
                0.7768462138953942,
                0.607784558013391,
                0.7425229741019215,
                0.6992010405053883
            ],
            "micro": [
                0.3411764705882353,
                0.4186046511627907,
                0.43564356435643564,
                0.56,
                0.5882352941176471,
                0.47058823529411764
            ],
            "weighted": [
                0.45889618905491913,
                0.7175799949609474,
                0.8299002515395959,
                0.6357311690390764,
                0.7961941891766453,
                0.7503488996242619
            ]
        },
        "recall": {
            "macro": [
                0.2132222616093584,
                0.21458776438615149,
                0.25500684351490804,
                0.2810128566176953,
                0.2558523540378379,
                0.28612670185250827
            ],
            "micro": [
                0.15343915343915343,
                0.19047619047619047,
                0.2328042328042328,
                0.2962962962962963,
                0.26455026455026454,
                0.25396825396825395
            ],
            "weighted": [
                0.15343915343915343,
                0.19047619047619047,
                0.2328042328042328,
                0.2962962962962963,
                0.26455026455026454,
                0.25396825396825395
            ]
        },