{
    "train": {
        "loss": [
            97.96446687728167,
            56.738392390310764,
            44.34715707600117,
            37.298648074269295,
            32.800951233133674,
            27.446756847202778
        ],
        "accuracy": {
            "macro": [
                0.8827742667314858,
                0.9340768515847834,
                0.9480658911002148,
                0.955821555619652,
                0.9617344486107106,
                0.9675992693010288
            ],
            "micro": [
                0.882774266731486,
                0.9340768515847835,
                0.9480658911002148,
                0.955821555619652,
                0.9617344486107106,
                0.9675992693010288
            ]
        },
        "precision": {
            "macro": [
                0.7578496339388204,
                0.853319847958789,
                0.8852430180679556,
                0.9032605292788141,
                0.9154222436447857,
                0.9262456590901075
            ],
            "micro": [
                0.7515578878320761,
                0.8495720868992759,
                0.8816038728688698,
                0.9002899150962932,
                0.9133585059699969,
                0.9252862020486041
            ]
        },
        "recall": {
            "macro": [
                0.4441283198024486,
                0.7378222185587328,
                0.7984007209946163,
                0.829270632475048,
                0.8533446494268321,
                0.8783550731328545
            ],
            "micro": [
                0.4448650747427684,
                0.7384131222582491,
                0.7983417516439532,
                0.8289636762322433,
                0.8532748593764896,
                0.8781929088829584
            ]
        },
        "f1": {
            "macro": [
                0.5577739697476173,
                0.790073437375685,
                0.83850407073596,
                0.8637177383001537,
                0.882539251687667,
                0.9012258724620796
            ],
            "micro": [
                0.5589024390243903,
                0.7901020408163266,
                0.8379094773693425,
                0.8631558048344666,
                0.882294952681388,
                0.9011246943765282
            ]
        }
    },
    "val": {
        "loss": [
            16.99645236879587,
            14.769560858607292,
            13.382584411650896,
            14.778000134974718,
            14.366005852818489,
            14.79558677971363
        ],
        "accuracy": {
            "macro": [
                0.9228227060653188,
                0.9318947641264904,
                0.9405780196993261,
                0.9361715914981857,
                0.9372083981337479,
                0.9379212026956972
            ],
            "micro": [
                0.9228227060653188,
                0.9318947641264904,
                0.9405780196993261,
                0.9361715914981856,
                0.937208398133748,
                0.9379212026956972
            ]
        },
        "precision": {
            "macro": [
                0.8104136412031941,
                0.8262158145725933,
                0.852305850024892,
                0.837862230689642,
                0.8300736127146439,
                0.8266132018765785
            ],
            "micro": [
                0.8053958425475454,
                0.8172715894868585,
                0.8426501035196687,
                0.8293897882938979,
                0.8259455063033754,
                0.8238362760834671
            ],
            "weighted": [
                0.8114072403635476,
                0.8253036245772298,
                0.8515318585040562,
                0.8370953998068323,
                0.829673767100058,
                0.8262698237256854
            ]
        },
        "recall": {
            "macro": [
                0.7100948341838205,
                0.7612519837695628,
                0.7912228769855999,
                0.7771274182247506,
                0.7908836689427677,
                0.7983803417641532
            ],
            "micro": [
                0.7080093312597201,
                0.7616640746500778,
                0.7912130637636081,
                0.7768273716951789,
                0.7896578538102644,
                0.7982115085536547
            ],
            "weighted": [
                0.7080093312597201,
                0.7616640746500778,
                0.7912130637636081,
                0.7768273716951789,
                0.7896578538102644,
                0.7982115085536547
            ]
        },
        "f1": {
            "macro": [
                0.7538914981685538,
                0.7888529992900336,
                0.8181129018296107,
                0.8021737394719645,
                0.8082925255392525,
                0.8114169739518822
            ],
            "micro": [
                0.7535692116697704,
                0.788488629502918,
                0.8161219169841588,
                0.8022485444689822,
                0.8073941562313655,
                0.8108214849921013
            ],
            "weighted": [
                0.753142581409777,
                0.788646419532475,
                0.81767435593718,
                0.8017003108312545,
                0.807455580097147,
                0.811178315600014
            ]
        }
    },
    "test": {
        "loss": [
            2.8359568119049072,
            3.0386666655540466,
            3.3344717621803284,
            3.204817235469818,
            3.273034930229187,
            3.687822639942169
        ],
        "accuracy": {
            "macro": [
                0.7155172413793104,
                0.6968390804597702,
                0.6839080459770114,
                0.7126436781609194,
                0.7399425287356322,
                0.7298850574712644
            ],
            "micro": [
                0.7155172413793104,
                0.6968390804597702,
                0.6839080459770115,
                0.7126436781609196,
                0.7399425287356322,
                0.7298850574712644
            ]
        },
        "precision": {
            "macro": [
                0.4531533281533282,
                0.4596590909090909,
                0.6130501443001443,
                0.6380952380952382,
                0.7933747412008282,
                0.7642381259402536
            ],
            "micro": [
                0.4262295081967213,
                0.3625,
                0.32967032967032966,
                0.43820224719101125,
                0.5416666666666666,
                0.504950495049505
            ],
            "weighted": [
                0.602526074748297,
                0.5972402597402597,
                0.7476193339288577,
                0.7760393046107332,
                0.842163725393539,
                0.7988053449046356
            ]
        },
        "recall": {
            "macro": [
                0.163971273648693,
                0.17750863234734204,
                0.1996166318746964,
                0.2352370449144643,
                0.28244006590780785,
                0.2814304423175391
            ],
            "micro": [
                0.13756613756613756,
                0.15343915343915343,
                0.15873015873015872,
                0.20634920634920634,
                0.2751322751322751,
                0.2698412698412698
            ],
            "weighted": [
                0.13756613756613756,
                0.15343915343915343,
                0.15873015873015872,
                0.20634920634920634,
                0.2751322751322751,
                0.2698412698412698
            ]
        },