{
    "train": {
        "loss": [
            1752.5519245583564
        ],
        "accuracy": {
            "macro": [
                0.9582886773546776
            ],
            "micro": [
                0.9582886773546774
            ]
        },
        "precision": {
            "macro": [
                0.9082491353594989
            ],
            "micro": [
                0.906508300843964
            ]
        },
        "recall": {
            "macro": [
                0.8368347858177283
            ],
            "micro": [
                0.836888649190348
            ]
        },
        "f1": {
            "macro": [
                0.8704332996977923
            ],
            "micro": [
                0.8703084026368311
            ]
        }
    },
    "val": {
        "loss": [
            351.86427458992694
        ],
        "accuracy": {
            "macro": [
                0.9668510160323821
            ],
            "micro": [
                0.966851016032382
            ]
        },
        "precision": {
            "macro": [
                0.778314235499915
            ],
            "micro": [
                0.8802682550316022
            ],
            "weighted": [
                0.8956836097846458
            ]
        },
        "recall": {
            "macro": [
                0.9056800422567988
            ],
            "micro": [
                0.9273651305064917
            ],
            "weighted": [
                0.9273651305064917
            ]
        },
        "f1": {
            "macro": [
                0.8309141544233155
            ],
            "micro": [
                0.903203151412364
            ],
            "weighted": [
                0.9080486507424158
            ]
        }
    },
    "test": {
        "loss": [
            1.225283145904541
        ],
        "accuracy": {
            "macro": [
                0.7557471264367815
            ],
            "micro": [
                0.7557471264367817
            ]
        },
        "precision": {
            "macro": [
                0.7366799519644265
            ],
            "micro": [
                0.5683453237410072
            ],
            "weighted": [
                0.840235447757145
            ]
        },
        "recall": {
            "macro": [
                0.41680279845602425
            ],
            "micro": [
                0.41798941798941797
            ],
            "weighted": [
                0.41798941798941797
            ]
        },
        "f1": {
            "macro": [
                0.4412403312403312
            ],
            "micro": [
                0.4817073170731707
            ],
            "weighted": [
                0.5091795114017336
            ]
        }
    }
}