{
    "train": {
        "loss": [
            1746.7659771814942
        ],
        "accuracy": {
            "macro": [
                0.9584383169613245
            ],
            "micro": [
                0.9584383169613244
            ]
        },
        "precision": {
            "macro": [
                0.9084335884264737
            ],
            "micro": [
                0.9066509503279526
            ]
        },
        "recall": {
            "macro": [
                0.8377154054424384
            ],
            "micro": [
                0.8377335072366207
            ]
        },
        "f1": {
            "macro": [
                0.8710006948172997
            ],
            "micro": [
                0.8708308276468746
            ]
        }
    },
    "val": {
        "loss": [
            352.17089835344814
        ],
        "accuracy": {
            "macro": [
                0.9661590362185626
            ],
            "micro": [
                0.9661590362185626
            ]
        },
        "precision": {
            "macro": [
                0.7698895146028835
            ],
            "micro": [
                0.8761802015755329
            ],
            "weighted": [
                0.8913263330847718
            ]
        },
        "recall": {
            "macro": [
                0.9097209681428877
            ],
            "micro": [
                0.9282654137501198
            ],
            "weighted": [
                0.9282654137501198
            ]
        },
        "f1": {
            "macro": [
                0.8269684703574952
            ],
            "micro": [
                0.9014710894330746
            ],
            "weighted": [
                0.9064053031067886
            ]
        }
    },
    "test": {
        "loss": [
            0.9807510673999786
        ],
        "accuracy": {
            "macro": [
                0.7931034482758621
            ],
            "micro": [
                0.7931034482758621
            ]
        },
        "precision": {
            "macro": [
                0.7197161835748792
            ],
            "micro": [
                0.6530612244897959
            ],
            "weighted": [
                0.7776483781918565
            ]
        },
        "recall": {
            "macro": [
                0.5108871788307272
            ],
            "micro": [
                0.5079365079365079
            ],
            "weighted": [
                0.5079365079365079
            ]
        },
        "f1": {
            "macro": [
                0.5212128339321322
            ],
            "micro": [
                0.5714285714285714
            ],
            "weighted": [
                0.5680454264692639
            ]
        }
    }
}