{
    "train": {
        "loss": [
            1744.0548045467585
        ],
        "accuracy": {
            "macro": [
                0.9584004173119202
            ],
            "micro": [
                0.9584004173119202
            ]
        },
        "precision": {
            "macro": [
                0.9089146062986523
            ],
            "micro": [
                0.9072020926217259
            ]
        },
        "recall": {
            "macro": [
                0.836844757219294
            ],
            "micro": [
                0.836902120238975
            ]
        },
        "f1": {
            "macro": [
                0.8707741520616131
            ],
            "micro": [
                0.8706353086035424
            ]
        }
    },
    "val": {
        "loss": [
            342.47210792964324
        ],
        "accuracy": {
            "macro": [
                0.9666400570060806
            ],
            "micro": [
                0.9666400570060806
            ]
        },
        "precision": {
            "macro": [
                0.7779613059205297
            ],
            "micro": [
                0.8857781263410232
            ],
            "weighted": [
                0.8991443418702161
            ]
        },
        "recall": {
            "macro": [
                0.8899914226426612
            ],
            "micro": [
                0.918390438674885
            ],
            "weighted": [
                0.918390438674885
            ]
        },
        "f1": {
            "macro": [
                0.8225212377523006
            ],
            "micro": [
                0.9017895309707684
            ],
            "weighted": [
                0.9063074903775349
            ]
        }
    },
    "test": {
        "loss": [
            0.9268656075000763
        ],
        "accuracy": {
            "macro": [
                0.8045977011494254
            ],
            "micro": [
                0.8045977011494253
            ]
        },
        "precision": {
            "macro": [
                0.805123243302591
            ],
            "micro": [
                0.712
            ],
            "weighted": [
                0.8477003907257531
            ]
        },
        "recall": {
            "macro": [
                0.45771955046148594
            ],
            "micro": [
                0.4708994708994709
            ],
            "weighted": [
                0.4708994708994709
            ]
        },
        "f1": {
            "macro": [
                0.4808691155441185
            ],
            "micro": [
                0.5668789808917196
            ],
            "weighted": [
                0.5306610128827669
            ]
        }
    }
}