{
    "train": {
        "loss": [
            1753.7365356180817
        ],
        "accuracy": {
            "macro": [
                0.9582373048967626
            ],
            "micro": [
                0.9582373048967626
            ]
        },
        "precision": {
            "macro": [
                0.9080509774076221
            ],
            "micro": [
                0.9062997467672693
            ]
        },
        "recall": {
            "macro": [
                0.8367623211470971
            ],
            "micro": [
                0.8367768476495935
            ]
        },
        "f1": {
            "macro": [
                0.8703069445292796
            ],
            "micro": [
                0.870151831026392
            ]
        }
    },
    "val": {
        "loss": [
            352.8703916941304
        ],
        "accuracy": {
            "macro": [
                0.9668396294604763
            ],
            "micro": [
                0.9668396294604763
            ]
        },
        "precision": {
            "macro": [
                0.7767523710454376
            ],
            "micro": [
                0.8784530987303611
            ],
            "weighted": [
                0.8935007362857079
            ]
        },
        "recall": {
            "macro": [
                0.910485665305886
            ],
            "micro": [
                0.9298291368630985
            ],
            "weighted": [
                0.9298291368630985
            ]
        },
        "f1": {
            "macro": [
                0.8324730747682194
            ],
            "micro": [
                0.9034112822538424
            ],
            "weighted": [
                0.9081796114898877
            ]
        }
    },
    "test": {
        "loss": [
            1.167929232120514
        ],
        "accuracy": {
            "macro": [
                0.771551724137931
            ],
            "micro": [
                0.771551724137931
            ]
        },
        "precision": {
            "macro": [
                0.7420473226075943
            ],
            "micro": [
                0.6013513513513513
            ],
            "weighted": [
                0.8175630448368745
            ]
        },
        "recall": {
            "macro": [
                0.47282706093189963
            ],
            "micro": [
                0.4708994708994709
            ],
            "weighted": [
                0.4708994708994709
            ]
        },
        "f1": {
            "macro": [
                0.46412698412698417
            ],
            "micro": [
                0.5281899109792284
            ],
            "weighted": [
                0.5363248509280255
            ]
        }
    }
}