{
    "train": {
        "loss": [
            1767.4284361191094
        ],
        "accuracy": {
            "macro": [
                0.9578840949876243
            ],
            "micro": [
                0.9578840949876243
            ]
        },
        "precision": {
            "macro": [
                0.9072291764582004
            ],
            "micro": [
                0.90546108757472
            ]
        },
        "recall": {
            "macro": [
                0.8353950754162573
            ],
            "micro": [
                0.8354053242613214
            ]
        },
        "f1": {
            "macro": [
                0.8691948841598736
            ],
            "micro": [
                0.869023617583139
            ]
        }
    },
    "val": {
        "loss": [
            352.0987011139514
        ],
        "accuracy": {
            "macro": [
                0.9662625308954698
            ],
            "micro": [
                0.9662625308954697
            ]
        },
        "precision": {
            "macro": [
                0.779133452802169
            ],
            "micro": [
                0.882715095311695
            ],
            "weighted": [
                0.8982338735135181
            ]
        },
        "recall": {
            "macro": [
                0.9014498615577423
            ],
            "micro": [
                0.9199512159575978
            ],
            "weighted": [
                0.9199512159575978
            ]
        },
        "f1": {
            "macro": [
                0.8295624533328336
            ],
            "micro": [
                0.9009485784469304
            ],
            "weighted": [
                0.905912830943028
            ]
        }
    },
    "test": {
        "loss": [
            0.97756028175354
        ],
        "accuracy": {
            "macro": [
                0.7974137931034483
            ],
            "micro": [
                0.7974137931034483
            ]
        },
        "precision": {
            "macro": [
                0.7808469004775435
            ],
            "micro": [
                0.6764705882352942
            ],
            "weighted": [
                0.8275531480729839
            ]
        },
        "recall": {
            "macro": [
                0.49093332742526297
            ],
            "micro": [
                0.48677248677248675
            ],
            "weighted": [
                0.48677248677248675
            ]
        },
        "f1": {
            "macro": [
                0.5007540218066534
            ],
            "micro": [
                0.5661538461538461
            ],
            "weighted": [
                0.556050348364467
            ]
        }
    }
}