{
    "train": {
        "loss": [
            1212.8500595623627
        ],
        "accuracy": {
            "macro": [
                0.971301468247276
            ],
            "micro": [
                0.971301468247276
            ]
        },
        "precision": {
            "macro": [
                0.8608704583915046
            ],
            "micro": [
                0.9270345328320705
            ]
        },
        "recall": {
            "macro": [
                0.6948296863419097
            ],
            "micro": [
                0.867624931118596
            ]
        },
        "f1": {
            "macro": [
                0.7536948833324003
            ],
            "micro": [
                0.8963463975749495
            ]
        }
    },
    "val": {
        "loss": [
            271.9723791361321
        ],
        "accuracy": {
            "macro": [
                0.9740261720100508
            ],
            "micro": [
                0.9740261720100507
            ]
        },
        "precision": {
            "macro": [
                0.7845756335958015
            ],
            "micro": [
                0.8954894437311692
            ],
            "weighted": [
                0.8983277570711558
            ]
        },
        "recall": {
            "macro": [
                0.8281025298871317
            ],
            "micro": [
                0.9265483390873068
            ],
            "weighted": [
                0.9265483390873068
            ]
        },
        "f1": {
            "macro": [
                0.8051216037470968
            ],
            "micro": [
                0.9107541726998237
            ],
            "weighted": [
                0.9118160530390034
            ]
        }
    },
    "test": {
        "loss": [
            1.1422100067138672
        ],
        "accuracy": {
            "macro": [
                0.7463054187192117
            ],
            "micro": [
                0.7463054187192119
            ]
        },
        "precision": {
            "macro": [
                0.5917582417582418
            ],
            "micro": [
                0.4260869565217391
            ],
            "weighted": [
                0.7734228734228735
            ]
        },
        "recall": {
            "macro": [
                0.2819805962087068
            ],
            "micro": [
                0.25925925925925924
            ],
            "weighted": [
                0.25925925925925924
            ]
        },
        "f1": {
            "macro": [
                0.278750926604273
            ],
            "micro": [
                0.3223684210526315
            ],
            "weighted": [
                0.3272120247540241
            ]
        }
    }
}