{
    "train": {
        "loss": [
            1209.4585104131256
        ],
        "accuracy": {
            "macro": [
                0.9713003793358921
            ],
            "micro": [
                0.971300379335892
            ]
        },
        "precision": {
            "macro": [
                0.8499003468741627
            ],
            "micro": [
                0.926852696064231
            ]
        },
        "recall": {
            "macro": [
                0.6942618376626964
            ],
            "micro": [
                0.8678214029093643
            ]
        },
        "f1": {
            "macro": [
                0.7515382493298726
            ],
            "micro": [
                0.8963662064870773
            ]
        }
    },
    "val": {
        "loss": [
            265.4109913032735
        ],
        "accuracy": {
            "macro": [
                0.9744464922047482
            ],
            "micro": [
                0.9744464922047482
            ]
        },
        "precision": {
            "macro": [
                0.7884514600148105
            ],
            "micro": [
                0.8978745062459199
            ],
            "weighted": [
                0.9005509236417654
            ]
        },
        "recall": {
            "macro": [
                0.8251526310951027
            ],
            "micro": [
                0.9267428271238832
            ],
            "weighted": [
                0.9267428271238832
            ]
        },
        "f1": {
            "macro": [
                0.8057258326623125
            ],
            "micro": [
                0.9120802955258996
            ],
            "weighted": [
                0.9129166237627175
            ]
        }
    },
    "test": {
        "loss": [
            1.1705885231494904
        ],
        "accuracy": {
            "macro": [
                0.7352216748768473
            ],
            "micro": [
                0.7352216748768473
            ]
        },
        "precision": {
            "macro": [
                0.6135338345864662
            ],
            "micro": [
                0.39166666666666666
            ],
            "weighted": [
                0.8128575406770895
            ]
        },
        "recall": {
            "macro": [
                0.29212341677779463
            ],
            "micro": [
                0.24867724867724866
            ],
            "weighted": [
                0.24867724867724866
            ]
        },
        "f1": {
            "macro": [
                0.2779224873766208
            ],
            "micro": [
                0.3042071197411003
            ],
            "weighted": [
                0.29486502015999544
            ]
        }
    }
}