{
    "train": {
        "loss": [
            1197.4479142650962
        ],
        "accuracy": {
            "macro": [
                0.9715620993142575
            ],
            "micro": [
                0.9715620993142574
            ]
        },
        "precision": {
            "macro": [
                0.8659514986913369
            ],
            "micro": [
                0.9282754298376897
            ]
        },
        "recall": {
            "macro": [
                0.698008071583231
            ],
            "micro": [
                0.8682620769200023
            ]
        },
        "f1": {
            "macro": [
                0.757569342879816
            ],
            "micro": [
                0.8972663800593703
            ]
        }
    },
    "val": {
        "loss": [
            262.7608949490823
        ],
        "accuracy": {
            "macro": [
                0.975075434120505
            ],
            "micro": [
                0.9750754341205051
            ]
        },
        "precision": {
            "macro": [
                0.805549028339245
            ],
            "micro": [
                0.9039532657007351
            ],
            "weighted": [
                0.903499661269834
            ]
        },
        "recall": {
            "macro": [
                0.8086459937833351
            ],
            "micro": [
                0.9238510451966645
            ],
            "weighted": [
                0.9238510451966645
            ]
        },
        "f1": {
            "macro": [
                0.8064315450799845
            ],
            "micro": [
                0.913793850192358
            ],
            "weighted": [
                0.9133898135273134
            ]
        }
    },
    "test": {
        "loss": [
            1.0305920243263245
        ],
        "accuracy": {
            "macro": [
                0.7660098522167488
            ],
            "micro": [
                0.7660098522167488
            ]
        },
        "precision": {
            "macro": [
                0.5967532467532467
            ],
            "micro": [
                0.4954128440366973
            ],
            "weighted": [
                0.7670835337502003
            ]
        },
        "recall": {
            "macro": [
                0.2666274905330205
            ],
            "micro": [
                0.2857142857142857
            ],
            "weighted": [
                0.2857142857142857
            ]
        },
        "f1": {
            "macro": [
                0.2986544287560952
            ],
            "micro": [
                0.3624161073825503
            ],
            "weighted": [
                0.377284593900602
            ]
        }
    }
}