{
    "train": {
        "loss": [
            1204.3883377257735
        ],
        "accuracy": {
            "macro": [
                0.9713267854369537
            ],
            "micro": [
                0.9713267854369536
            ]
        },
        "precision": {
            "macro": [
                0.8598228033892168
            ],
            "micro": [
                0.926331442027588
            ]
        },
        "recall": {
            "macro": [
                0.6962858129712058
            ],
            "micro": [
                0.8685867053453481
            ]
        },
        "f1": {
            "macro": [
                0.7544093828644602
            ],
            "micro": [
                0.8965302138887715
            ]
        }
    },
    "val": {
        "loss": [
            263.3552516209311
        ],
        "accuracy": {
            "macro": [
                0.9748809682609253
            ],
            "micro": [
                0.9748809682609252
            ]
        },
        "precision": {
            "macro": [
                0.7907251585835136
            ],
            "micro": [
                0.9043732170328439
            ],
            "weighted": [
                0.9059717822144299
            ]
        },
        "recall": {
            "macro": [
                0.8209657673323638
            ],
            "micro": [
                0.9218735726683109
            ],
            "weighted": [
                0.9218735726683109
            ]
        },
        "f1": {
            "macro": [
                0.8052799286780054
            ],
            "micro": [
                0.9130395446149205
            ],
            "weighted": [
                0.913582768694025
            ]
        }
    },
    "test": {
        "loss": [
            1.0164896845817566
        ],
        "accuracy": {
            "macro": [
                0.7635467980295567
            ],
            "micro": [
                0.7635467980295566
            ]
        },
        "precision": {
            "macro": [
                0.6124279975343806
            ],
            "micro": [
                0.48672566371681414
            ],
            "weighted": [
                0.7635744082552594
            ]
        },
        "recall": {
            "macro": [
                0.2716815634442362
            ],
            "micro": [
                0.291005291005291
            ],
            "weighted": [
                0.291005291005291
            ]
        },
        "f1": {
            "macro": [
                0.3152086332882909
            ],
            "micro": [
                0.36423841059602646
            ],
            "weighted": [
                0.3878183614338107
            ]
        }
    }
}