{
    "train": {
        "loss": [
            1204.7839379012585
        ],
        "accuracy": {
            "macro": [
                0.9712984737409701
            ],
            "micro": [
                0.97129847374097
            ]
        },
        "precision": {
            "macro": [
                0.8556649804636954
            ],
            "micro": [
                0.9265809206690382
            ]
        },
        "recall": {
            "macro": [
                0.6978854064447207
            ],
            "micro": [
                0.8681095505564512
            ]
        },
        "f1": {
            "macro": [
                0.7554917849149048
            ],
            "micro": [
                0.8963927312177923
            ]
        }
    },
    "val": {
        "loss": [
            280.92426854593214
        ],
        "accuracy": {
            "macro": [
                0.9732922450379622
            ],
            "micro": [
                0.9732922450379622
            ]
        },
        "precision": {
            "macro": [
                0.7578836831338608
            ],
            "micro": [
                0.8880399636693914
            ],
            "weighted": [
                0.8964070707186124
            ]
        },
        "recall": {
            "macro": [
                0.8505924234931691
            ],
            "micro": [
                0.9305706780370807
            ],
            "weighted": [
                0.9305706780370807
            ]
        },
        "f1": {
            "macro": [
                0.7988701749681517
            ],
            "micro": [
                0.908808001189768
            ],
            "weighted": [
                0.9115899634372128
            ]
        }
    },
    "test": {
        "loss": [
            1.1946609914302826
        ],
        "accuracy": {
            "macro": [
                0.7401477832512314
            ],
            "micro": [
                0.7401477832512315
            ]
        },
        "precision": {
            "macro": [
                0.564984035572271
            ],
            "micro": [
                0.41911764705882354
            ],
            "weighted": [
                0.7577288361602087
            ]
        },
        "recall": {
            "macro": [
                0.30419508167204024
            ],
            "micro": [
                0.30158730158730157
            ],
            "weighted": [
                0.30158730158730157
            ]
        },
        "f1": {
            "macro": [
                0.3056535796731875
            ],
            "micro": [
                0.3507692307692308
            ],
            "weighted": [
                0.3799360995620981
            ]
        }
    }
}