{
    "train": {
        "loss": [
            60.574449717998505,
            42.273009553551674,
            33.90350121259689,
            28.38681399822235,
            22.65891206264496,
            18.35817164927721,
            14.378443721681833,
            11.443054147064686
        ],
        "accuracy": {
            "macro": [
                0.7954574783843077,
                0.8703862660944207,
                0.8998160637645617,
                0.9165542611894543,
                0.9347026364193747,
                0.9475168608215819,
                0.9614960147148989,
                0.9681177191906806
            ],
            "micro": [
                0.7954574783843077,
                0.8703862660944206,
                0.8998160637645616,
                0.9165542611894544,
                0.9347026364193746,
                0.9475168608215818,
                0.9614960147148989,
                0.9681177191906806
            ]
        },
        "precision": {
            "macro": [
                0.32379843682539944,
                0.6361878322126006,
                0.6817489257780057,
                0.7125307962000366,
                0.7459397506924691,
                0.7720192663540397,
                0.7940730160669425,
                0.8033198319930518
            ],
            "micro": [
                0.598422090729783,
                0.7750788643533123,
                0.8228803716608595,
                0.8478684870437447,
                0.8831275720164609,
                0.9067750677506775,
                0.9308964781216649,
                0.9415343915343916
            ]
        },
        "recall": {
            "macro": [
                0.22006691178423057,
                0.42166821023263507,
                0.5390975519989237,
                0.6154332963173234,
                0.6704623224303985,
                0.7169060595093745,
                0.7612825844535592,
                0.7763819022954598
            ],
            "micro": [
                0.41346415917143636,
                0.6368584758942457,
                0.7345775012960083,
                0.7887506480041472,
                0.8343701399688958,
                0.8672887506480041,
                0.9043545878693624,
                0.9224987039917055
            ]
        },
        "f1": {
            "macro": [
                0.2408243964269937,
                0.46531736148750674,
                0.5882769806457784,
                0.6557815839989453,
                0.7043812493466307,
                0.7428898380599367,
                0.7769590583128017,
                0.7894649636060785
            ],
            "micro": [
                0.48903932946486145,
                0.699203187250996,
                0.7762256915913448,
                0.8172418423526251,
                0.8580567772890842,
                0.8865924748277689,
                0.9174336050486458,
                0.9319193506153444
            ]
        }
    },
    "val": {
        "loss": [
            11.633738964796066,
            10.497415512800217,
            11.101892232894897,
            10.992709159851074,
            11.054052829742432,
            11.506068959832191,
            12.154876738786697,
            12.563273832201958
        ],
        "accuracy": {
            "macro": [
                0.8612686952037132,
                0.8762248581743165,
                0.8684889118102114,
                0.8751933986591026,
                0.8790613718411553,
                0.8800928313563693,
                0.8782877772047447,
                0.8772563176895307
            ],
            "micro": [
                0.8612686952037133,
                0.8762248581743166,
                0.8684889118102115,
                0.8751933986591026,
                0.8790613718411552,
                0.8800928313563693,
                0.8782877772047447,
                0.8772563176895307
            ]
        },
        "precision": {
            "macro": [
                0.41986991692607223,
                0.6486053364667322,
                0.586658197996884,
                0.5675757257311786,
                0.5947896822606203,
                0.5915333369770144,
                0.5614118006432794,
                0.5882564232453774
            ],
            "micro": [
                0.7566433566433567,
                0.7353266888150609,
                0.7112299465240641,
                0.7305585980284776,
                0.7632850241545893,
                0.7582159624413145,
                0.7340540540540541,
                0.7514654161781946
            ]
        },
        "recall": {
            "macro": [
                0.3763528138528139,
                0.4976608380877983,
                0.5163733777858375,
                0.5225619271973999,
                0.5162858953389968,
                0.5469238451532356,
                0.5638744065637191,
                0.525068149269277
            ],
            "micro": [
                0.5977900552486188,
                0.7337016574585635,
                0.7348066298342542,
                0.7370165745856354,
                0.6983425414364641,
                0.7138121546961326,
                0.7502762430939226,
                0.7082872928176795
            ]
        },
        "f1": {
            "macro": [
                0.39583983636652365,
                0.5009978770072036,
                0.5077311998191321,
                0.5236915860730454,
                0.548897713712902,
                0.5668591663887036,
                0.5603292518607925,
                0.5525593402530272
            ],
            "micro": [
                0.6679012345679013,
                0.7345132743362832,
                0.7228260869565217,
                0.733773377337734,
                0.7293710328909405,
                0.7353443369379624,
                0.7420765027322405,
                0.7292377701934015
            ]
        }
    },
    "test": {
        "loss": [
            2.8908687233924866,
            2.588418260216713,
            2.7650153934955597,
            2.8645699620246887,
            2.755772978067398,
            2.7960086911916733,
            3.094651013612747,
            3.196943551301956
        ],
        "accuracy": {
            "macro": [
                0.832512315270936,
                0.8608374384236452,
                0.8460591133004927,
                0.8583743842364532,
                0.8571428571428573,
                0.8633004926108375,
                0.8620689655172413,
                0.8657635467980295
            ],
            "micro": [
                0.8325123152709359,
                0.8608374384236454,
                0.8460591133004927,
                0.8583743842364532,
                0.8571428571428571,
                0.8633004926108374,
                0.8620689655172413,
                0.8657635467980296
            ]
        },
        "precision": {
            "macro": [
                0.3934446505875077,
                0.6483128553090042,
                0.6394994739032087,
                0.6745431231355344,
                0.6252164502164502,
                0.5997954778196714,
                0.5849425139121932,
                0.633722316331012
            ],
            "micro": [
                0.6853146853146853,
                0.6919191919191919,
                0.6666666666666666,
                0.7078651685393258,
                0.7085714285714285,
                0.7142857142857143,
                0.7015706806282722,
                0.7380952380952381
            ]
        },