{
    "train": {
        "loss": [
            63.18406283855438,
            45.32097125053406,
            37.12462951242924,
            29.845180213451385,
            24.15776725113392,
            19.105681143701077,
            15.936482451856136,
            11.456949405372143
        ],
        "accuracy": {
            "macro": [
                0.7884888372693251,
                0.8600245248313918,
                0.889209074187615,
                0.913979153893317,
                0.9316983445738811,
                0.9453096259963213,
                0.9551808706315145,
                0.9700797057020233
            ],
            "micro": [
                0.7884888372693251,
                0.8600245248313918,
                0.889209074187615,
                0.913979153893317,
                0.931698344573881,
                0.9453096259963213,
                0.9551808706315144,
                0.9700797057020233
            ]
        },
        "precision": {
            "macro": [
                0.4182939934790374,
                0.5132474552673073,
                0.6351690213180825,
                0.7109425440280143,
                0.7330124385323736,
                0.7677558695042713,
                0.7813053464391447,
                0.8070181622767507
            ],
            "micro": [
                0.5822354441138972,
                0.7463154593916588,
                0.8032592592592592,
                0.843181181741809,
                0.8749315818281336,
                0.9044238121245222,
                0.9189696807083445,
                0.9461823966065748
            ]
        },
        "recall": {
            "macro": [
                0.17783340662635055,
                0.39524335971223745,
                0.4872746336047707,
                0.5962286297935534,
                0.6578998556273916,
                0.7095150600610686,
                0.7372813494643748,
                0.7786840938785533
            ],
            "micro": [
                0.373806275579809,
                0.6175402179553711,
                0.703425012973534,
                0.7812662169174883,
                0.82952776336274,
                0.8593668915412558,
                0.8886870783601453,
                0.9260508562532433
            ]
        },
        "f1": {
            "macro": [
                0.1893266415775638,
                0.4282514362702146,
                0.5264559626504007,
                0.6384299368462971,
                0.6910149072683714,
                0.7369398884214283,
                0.7582809933589051,
                0.7924290117978765
            ],
            "micro": [
                0.45530076437354605,
                0.6758483600738322,
                0.7500345829298659,
                0.811043771043771,
                0.8516249334043687,
                0.8813198509845663,
                0.9035747262894077,
                0.936008392341988
            ]
        }
    },
    "val": {
        "loss": [
            12.610866606235504,
            10.662354871630669,
            10.342100843787193,
            10.088347777724266,
            10.688869446516037,
            10.851880341768265,
            11.749619454145432,
            12.505761846899986
        ],
        "accuracy": {
            "macro": [
                0.8450232078390921,
                0.8715832903558535,
                0.8710675605982466,
                0.8816400206291902,
                0.873388344507478,
                0.8775141825683342,
                0.8731304796286745,
                0.8746776689014956
            ],
            "micro": [
                0.8450232078390923,
                0.8715832903558536,
                0.8710675605982465,
                0.8816400206291903,
                0.873388344507478,
                0.8775141825683342,
                0.8731304796286746,
                0.8746776689014956
            ]
        },
        "precision": {
            "macro": [
                0.4145276772818782,
                0.5551097790099805,
                0.5765067910498257,
                0.6258442972175823,
                0.5964887033953723,
                0.606093070453649,
                0.5914123570511922,
                0.592993020928073
            ],
            "micro": [
                0.735474006116208,
                0.783448275862069,
                0.752157829839704,
                0.7737226277372263,
                0.754257907542579,
                0.752913752913753,
                0.7432905484247374,
                0.7433831990794016
            ]
        },
        "recall": {
            "macro": [
                0.3358802470646439,
                0.41746568295525044,
                0.5032428129833653,
                0.5152738040705072,
                0.5412063832485624,
                0.5628408103292805,
                0.5559782989317716,
                0.5502759537268629
            ],
            "micro": [
                0.5291529152915292,
                0.6248624862486248,
                0.671067106710671,
                0.6996699669966997,
                0.682068206820682,
                0.7106710671067107,
                0.7007700770077008,
                0.7106710671067107
            ]
        },
        "f1": {
            "macro": [
                0.35368565337714025,
                0.46822240270148746,
                0.5335525123263957,
                0.5563256907604017,
                0.5634928800958662,
                0.5798379628152999,
                0.5677220284832457,
                0.5668314709061291
            ],
            "micro": [
                0.615483045425464,
                0.6952264381884945,
                0.7093023255813953,
                0.7348353552859619,
                0.7163489312536107,
                0.7311827956989249,
                0.7214043035107588,
                0.7266591676040495
            ]
        }
    },
    "test": {
        "loss": [
            3.0990897119045258,
            2.6659361124038696,
            2.4435547590255737,
            2.6110575646162033,
            2.3951037228107452,
            2.56689590215683,
            2.696958839893341,
            2.787604436278343
        ],
        "accuracy": {
            "macro": [
                0.8214285714285715,
                0.8620689655172414,
                0.8706896551724138,
                0.8719211822660099,
                0.8719211822660099,
                0.8756157635467979,
                0.873152709359606,
                0.8694581280788177
            ],
            "micro": [
                0.8214285714285714,
                0.8620689655172413,
                0.8706896551724138,
                0.8719211822660099,
                0.8719211822660099,
                0.875615763546798,
                0.8731527093596059,
                0.8694581280788177
            ]
        },
        "precision": {
            "macro": [
                0.392942425508215,
                0.5656952821614476,
                0.6526035868893011,
                0.7046235160730959,
                0.6575979357260145,
                0.661659717650501,
                0.6416642348412073,
                0.6726400349936856
            ],
            "micro": [
                0.6746031746031746,
                0.7583892617449665,
                0.7530120481927711,
                0.7544910179640718,
                0.7544910179640718,
                0.7619047619047619,
                0.75,
                0.7292817679558011
            ]
        },