{
    "train": {
        "loss": [
            59.518021404743195,
            42.9175086915493,
            34.177679896354675,
            28.14520339667797,
            23.03589455783367,
            18.142112117260695,
            14.270628921687603,
            11.49714288674295
        ],
        "accuracy": {
            "macro": [
                0.8057400838439214,
                0.8708708708708708,
                0.8986333272047557,
                0.9177544891830606,
                0.9343016485873629,
                0.9512165226450942,
                0.9614512471655329,
                0.9703376846233989
            ],
            "micro": [
                0.8057400838439213,
                0.8708708708708709,
                0.8986333272047557,
                0.9177544891830606,
                0.9343016485873629,
                0.951216522645094,
                0.9614512471655329,
                0.9703376846233989
            ]
        },
        "precision": {
            "macro": [
                0.3432715281413539,
                0.5375961150573707,
                0.6833701141585956,
                0.7037318394318649,
                0.7364074738950032,
                0.7787779038637807,
                0.7954750100204004,
                0.808681204878256
            ],
            "micro": [
                0.6357615894039735,
                0.7687952186222082,
                0.8205812574139977,
                0.8524216524216525,
                0.8825989960959286,
                0.9146073585941791,
                0.9319598807264842,
                0.9495412844036697
            ]
        },
        "recall": {
            "macro": [
                0.2060914683874773,
                0.41515668849687615,
                0.5201785225741107,
                0.6013114811220109,
                0.6624666023332585,
                0.7182574366934784,
                0.7531461795968614,
                0.7716722228804972
            ],
            "micro": [
                0.3970223325062035,
                0.640461215932914,
                0.725104821802935,
                0.7840670859538784,
                0.8294025157232704,
                0.8729035639412998,
                0.9009433962264151,
                0.9221698113207547
            ]
        },
        "f1": {
            "macro": [
                0.23549851252318302,
                0.44896968948042415,
                0.5659324771418455,
                0.6430791576078511,
                0.6960999420006587,
                0.7463292586637218,
                0.7734392608829543,
                0.7894801315900108
            ],
            "micro": [
                0.4887983706720978,
                0.6987848463187992,
                0.7698942682248191,
                0.816816816816817,
                0.8551742772223724,
                0.8932689729149906,
                0.9161892071952031,
                0.9356554107950014
            ]
        }
    },
    "val": {
        "loss": [
            11.630916118621826,
            10.30554287135601,
            10.681396648287773,
            10.753486424684525,
            10.116390615701675,
            11.511705726385117,
            11.900029703974724,
            12.079339876770973
        ],
        "accuracy": {
            "macro": [
                0.8610178248514595,
                0.8723843967966933,
                0.8700594161715319,
                0.8713510720743994,
                0.886850942908809,
                0.8772926892275896,
                0.8778093515887367,
                0.8798760010333248
            ],
            "micro": [
                0.8610178248514596,
                0.8723843967966933,
                0.8700594161715319,
                0.8713510720743994,
                0.8868509429088091,
                0.8772926892275897,
                0.8778093515887367,
                0.8798760010333248
            ]
        },
        "precision": {
            "macro": [
                0.440934176023708,
                0.569472612798981,
                0.6048081575301476,
                0.6294918737324011,
                0.6239225190796318,
                0.5920658607471847,
                0.5958054946095335,
                0.6087701923287347
            ],
            "micro": [
                0.7789904502046384,
                0.8007968127490039,
                0.7599531615925058,
                0.7911802853437094,
                0.7895335608646189,
                0.7526766595289079,
                0.7494736842105263,
                0.7689732142857143
            ]
        },
        "recall": {
            "macro": [
                0.3630498233110173,
                0.4124216786530219,
                0.49274565330717496,
                0.5002152728354038,
                0.5547964634968638,
                0.5708230121817671,
                0.5659163870348799,
                0.5334073866108813
            ],
            "micro": [
                0.6029567053854277,
                0.6367476240760296,
                0.6853220696937699,
                0.6441393875395988,
                0.7328405491024287,
                0.7423442449841605,
                0.7518479408658922,
                0.7275607180570222
            ]
        },
        "f1": {
            "macro": [
                0.3939910382451245,
                0.4641216195813585,
                0.5290292495303814,
                0.5442061431151866,
                0.5851921141921868,
                0.5742056045205123,
                0.5725146402606095,
                0.563159383847749
            ],
            "micro": [
                0.6797619047619048,
                0.7094117647058824,
                0.7207107162687397,
                0.710128055878929,
                0.76013143483023,
                0.7474747474747475,
                0.7506589351607802,
                0.7476939772110689
            ]
        }
    },
    "test": {
        "loss": [
            2.7972491681575775,
            2.535933017730713,
            2.8016501367092133,
            2.5007916539907455,
            2.483423188328743,
            2.675360530614853,
            2.8030442893505096,
            3.1119304597377777
        ],
        "accuracy": {
            "macro": [
                0.852216748768473,
                0.8743842364532021,
                0.852216748768473,
                0.8657635467980296,
                0.8817733990147784,
                0.874384236453202,
                0.8830049261083744,
                0.8706896551724137
            ],
            "micro": [
                0.8522167487684729,
                0.874384236453202,
                0.8522167487684729,
                0.8657635467980296,
                0.8817733990147784,
                0.874384236453202,
                0.8830049261083743,
                0.8706896551724138
            ]
        },
        "precision": {
            "macro": [
                0.4232748818002274,
                0.5923122504447805,
                0.6032879818594105,
                0.6228837961971395,
                0.6511643528884907,
                0.6383670405961428,
                0.6474749881193274,
                0.6227504601642533
            ],
            "micro": [
                0.7284768211920529,
                0.7636363636363637,
                0.6971428571428572,
                0.7597402597402597,
                0.7627118644067796,
                0.732620320855615,
                0.7447916666666666,
                0.7258064516129032
            ]
        },