{
    "train": {
        "loss": [
            64.63022148609161,
            44.88627117872238,
            35.88934879004955,
            28.700907737016678,
            23.108538649976254,
            18.646742217242718,
            14.803388472646475,
            11.399467779323459
        ],
        "accuracy": {
            "macro": [
                0.7777777777777777,
                0.8600858369098712,
                0.8907418761496014,
                0.9163703249540159,
                0.9348252605763335,
                0.9479460453709381,
                0.9595953402820356,
                0.9695892090741876
            ],
            "micro": [
                0.7777777777777778,
                0.8600858369098713,
                0.8907418761496014,
                0.9163703249540159,
                0.9348252605763335,
                0.9479460453709381,
                0.9595953402820355,
                0.9695892090741877
            ]
        },
        "precision": {
            "macro": [
                0.3008748929502885,
                0.5319861792651113,
                0.657386449199085,
                0.7140410531864404,
                0.7446382573596563,
                0.7665262208979243,
                0.7948758481175571,
                0.8038973102720588
            ],
            "micro": [
                0.5502905677246313,
                0.7551813471502591,
                0.8035087719298246,
                0.8516638465877044,
                0.8844566712517193,
                0.9067315490673155,
                0.9305518169582773,
                0.9451800847457628
            ]
        },
        "recall": {
            "macro": [
                0.1676443945250184,
                0.3889324651674752,
                0.5108457250333827,
                0.599453993109181,
                0.6624524230923209,
                0.7181308788608648,
                0.749671940303859,
                0.7831754007666463
            ],
            "micro": [
                0.3355137639683838,
                0.6044582685329186,
                0.7122861586314152,
                0.782789009849663,
                0.8333333333333334,
                0.8693623639191291,
                0.8960601347848626,
                0.9250907205806117
            ]
        },
        "f1": {
            "macro": [
                0.19088915335808215,
                0.4293405138111603,
                0.5529576194444157,
                0.6444496380393854,
                0.6984997549226843,
                0.7411531225262841,
                0.7713331057555729,
                0.7931866069509145
            ],
            "micro": [
                0.4168642058923129,
                0.6714655917074575,
                0.7551525144270405,
                0.8157752566180443,
                0.8581342586413986,
                0.887653830885272,
                0.9129803248382411,
                0.9350275085145402
            ]
        }
    },
    "val": {
        "loss": [
            12.432786732912064,
            11.138635575771332,
            10.006254747509956,
            10.175727158784866,
            10.752992540597916,
            10.981694743037224,
            11.545422717928886,
            12.323208555579185
        ],
        "accuracy": {
            "macro": [
                0.8445074780814853,
                0.870809695719443,
                0.8806085611139763,
                0.8790613718411553,
                0.8705518308406395,
                0.8808664259927799,
                0.8795771015987623,
                0.8769984528107272
            ],
            "micro": [
                0.8445074780814853,
                0.870809695719443,
                0.8806085611139762,
                0.8790613718411552,
                0.8705518308406395,
                0.8808664259927798,
                0.8795771015987622,
                0.8769984528107272
            ]
        },
        "precision": {
            "macro": [
                0.5491127585199974,
                0.5175958379590108,
                0.5976117079929777,
                0.5690166165270141,
                0.5952918000275924,
                0.5765579305366183,
                0.5943691941603432,
                0.5904197587220402
            ],
            "micro": [
                0.7182080924855492,
                0.7269662921348314,
                0.7721674876847291,
                0.755868544600939,
                0.7620286085825748,
                0.7452934662236987,
                0.7564402810304449,
                0.7517647058823529
            ]
        },
        "recall": {
            "macro": [
                0.3407506692868535,
                0.4911760936431989,
                0.4674658149315776,
                0.5225049666141234,
                0.5112298516467421,
                0.5630020014670257,
                0.5489910784033368,
                0.5447799330771269
            ],
            "micro": [
                0.549171270718232,
                0.7149171270718232,
                0.6928176795580111,
                0.7116022099447514,
                0.6475138121546962,
                0.7436464088397791,
                0.7138121546961326,
                0.7060773480662983
            ]
        },
        "f1": {
            "macro": [
                0.36799749595878445,
                0.491093299483072,
                0.5046419721927772,
                0.5316642456286793,
                0.5487762531106737,
                0.5566866611738941,
                0.5691796083187073,
                0.5637081112929495
            ],
            "micro": [
                0.6224170319348779,
                0.7208913649025069,
                0.7303436225975539,
                0.7330677290836654,
                0.7001194743130228,
                0.7444690265486725,
                0.7345082433200683,
                0.7282051282051282
            ]
        }
    },
    "test": {
        "loss": [
            2.999565690755844,
            2.7417429089546204,
            2.5514449030160904,
            2.5523438304662704,
            2.4475317299365997,
            2.569964498281479,
            2.826931804418564,
            2.871556043624878
        ],
        "accuracy": {
            "macro": [
                0.834975369458128,
                0.8645320197044335,
                0.8620689655172413,
                0.8657635467980295,
                0.873152709359606,
                0.874384236453202,
                0.8768472906403941,
                0.8682266009852216
            ],
            "micro": [
                0.8349753694581281,
                0.8645320197044335,
                0.8620689655172413,
                0.8657635467980296,
                0.8731527093596059,
                0.874384236453202,
                0.8768472906403941,
                0.8682266009852216
            ]
        },
        "precision": {
            "macro": [
                0.40205357142857145,
                0.5459393336548509,
                0.6926966171083818,
                0.6142170648327098,
                0.6747131314800487,
                0.6282872331979475,
                0.6490402627048589,
                0.6316450216450216
            ],
            "micro": [
                0.7131782945736435,
                0.7231638418079096,
                0.7361963190184049,
                0.7298850574712644,
                0.7905405405405406,
                0.7403314917127072,
                0.7633136094674556,
                0.75625
            ]
        },