{
    "train": {
        "loss": [
            80.2443080842495,
            64.21111598610878,
            55.94283527135849,
            49.55141273140907,
            43.72080014646053,
            38.63458266854286,
            33.568141251802444,
            28.91480053961277
        ],
        "accuracy": {
            "macro": [
                0.7178345592979739,
                0.7943592887798897,
                0.8207234825260576,
                0.8451256897608828,
                0.871489883507051,
                0.8863274064990804,
                0.9033108522378909,
                0.9174739423666463
            ],
            "micro": [
                0.7178345592979739,
                0.7943592887798896,
                0.8207234825260576,
                0.8451256897608829,
                0.8714898835070509,
                0.8863274064990804,
                0.9033108522378909,
                0.9174739423666463
            ]
        },
        "precision": {
            "macro": [
                0.23820223557364414,
                0.2914411323727478,
                0.33144724853640367,
                0.4024085461571447,
                0.43229823476402196,
                0.5663724513819278,
                0.5910591363001946,
                0.7554939987409987
            ],
            "micro": [
                0.42529711375212226,
                0.6179775280898876,
                0.7473516949152542,
                0.7501878287002254,
                0.7773929471032746,
                0.7950530035335689,
                0.8310595065312046,
                0.8596792668957618
            ]
        },
        "recall": {
            "macro": [
                0.29879213525954135,
                0.14451267843674415,
                0.17885828325068245,
                0.30528228443221017,
                0.39918146997553267,
                0.4517777435594791,
                0.49688177101424963,
                0.5423634741449092
            ],
            "micro": [
                0.5461978740801309,
                0.3421461897356143,
                0.36573354069466046,
                0.5176257128045619,
                0.6399688958009331,
                0.6998444790046656,
                0.7420943494038362,
                0.7781233799896319
            ]
        },
        "f1": {
            "macro": [
                0.21316901899367105,
                0.12436291822108629,
                0.20378565204292215,
                0.3299375257850043,
                0.41076549875150825,
                0.4619340528771644,
                0.5169802668721798,
                0.56741458414289
            ],
            "micro": [
                0.4782245555422981,
                0.4404404404404404,
                0.4911242603550297,
                0.6125766871165643,
                0.7020187659937447,
                0.7444168734491314,
                0.7840613446528825,
                0.8168707482993197
            ]
        }
    },
    "val": {
        "loss": [
            17.115999549627304,
            14.912888437509537,
            13.488973319530487,
            12.50291320681572,
            11.945750430226326,
            11.109652251005173,
            11.23291827738285,
            11.724823340773582
        ],
        "accuracy": {
            "macro": [
                0.7939659618359979,
                0.8133058277462609,
                0.8259412068076327,
                0.8455389375966993,
                0.8568849922640535,
                0.8659102630221762,
                0.8705518308406395,
                0.8710675605982464
            ],
            "micro": [
                0.793965961835998,
                0.8133058277462609,
                0.8259412068076328,
                0.8455389375966993,
                0.8568849922640537,
                0.8659102630221763,
                0.8705518308406395,
                0.8710675605982465
            ]
        },
        "precision": {
            "macro": [
                0.0850954100051573,
                0.10061270557884552,
                0.27464240367903364,
                0.3831771658061857,
                0.46504867019588947,
                0.5170436716321938,
                0.5174152317729858,
                0.5103081080139723
            ],
            "micro": [
                0.5956678700361011,
                0.7042889390519187,
                0.6716417910447762,
                0.6956521739130435,
                0.7083333333333334,
                0.7516339869281046,
                0.7540983606557377,
                0.735191637630662
            ]
        },
        "recall": {
            "macro": [
                0.14285714285714285,
                0.13506493506493505,
                0.30547889610389617,
                0.362987012987013,
                0.40276330029619506,
                0.41132839200273413,
                0.45224282296650714,
                0.46261498917748917
            ],
            "micro": [
                0.36464088397790057,
                0.3447513812154696,
                0.4972375690607735,
                0.6011049723756906,
                0.6574585635359116,
                0.6353591160220995,
                0.6607734806629835,
                0.6994475138121546
            ]
        },
        "f1": {
            "macro": [
                0.10665804783451842,
                0.11532064313435593,
                0.28650019039659413,
                0.3630906417960931,
                0.4005708718181783,
                0.4421594405261187,
                0.4757815441666101,
                0.4764886549563089
            ],
            "micro": [
                0.4523646333104867,
                0.46290801186943614,
                0.5714285714285715,
                0.6449318316538234,
                0.681948424068768,
                0.688622754491018,
                0.7043580683156655,
                0.7168742921857304
            ]
        }
    },
    "test": {
        "loss": [
            4.001530170440674,
            3.61139839887619,
            3.4360331892967224,
            3.26944237947464,
            3.072787284851074,
            2.789171040058136,
            2.814611464738846,
            2.9823991805315018
        ],
        "accuracy": {
            "macro": [
                0.7795566502463054,
                0.8041871921182266,
                0.8152709359605911,
                0.8349753694581281,
                0.8509852216748769,
                0.8633004926108374,
                0.8583743842364532,
                0.8608374384236454
            ],
            "micro": [
                0.7795566502463054,
                0.8041871921182266,
                0.8152709359605911,
                0.8349753694581281,
                0.8509852216748769,
                0.8633004926108374,
                0.8583743842364532,
                0.8608374384236454
            ]
        },
        "precision": {
            "macro": [
                0.07758620689655173,
                0.09577922077922077,
                0.2732041969330105,
                0.37395846238998026,
                0.4132185877617686,
                0.5633254801170843,
                0.5182202890277424,
                0.553648571125127
            ],
            "micro": [
                0.5431034482758621,
                0.6704545454545454,
                0.6466165413533834,
                0.6821192052980133,
                0.7098765432098766,
                0.7468354430379747,
                0.7202380952380952,
                0.7134831460674157
            ]
        },