{
    "train": {
        "loss": [
            61.10780534148216,
            43.72877261042595,
            34.408252999186516,
            28.38142116367817,
            23.73203417658806,
            17.84868159890175,
            14.450404740869999,
            11.627441231161356
        ],
        "accuracy": {
            "macro": [
                0.8019099238611435,
                0.8643776824034335,
                0.89773145309626,
                0.916125076640098,
                0.9305334150827713,
                0.949662783568363,
                0.9600858369098711,
                0.96817903126916
            ],
            "micro": [
                0.8019099238611433,
                0.8643776824034335,
                0.89773145309626,
                0.9161250766400981,
                0.9305334150827713,
                0.949662783568363,
                0.9600858369098713,
                0.96817903126916
            ]
        },
        "precision": {
            "macro": [
                0.380269222438445,
                0.6719261166980134,
                0.6760618416684806,
                0.7086471225813231,
                0.736047766777978,
                0.7795546200200174,
                0.7941258366820951,
                0.8054173142894058
            ],
            "micro": [
                0.6321634828964905,
                0.7565625,
                0.8098072562358276,
                0.8474007825600894,
                0.8706074639062925,
                0.9097541205079708,
                0.930395055092717,
                0.9424250464314141
            ]
        },
        "recall": {
            "macro": [
                0.19422587200097735,
                0.40436182072139054,
                0.5348546325209445,
                0.6011395925521821,
                0.6650134600202021,
                0.718944976204952,
                0.7475830910371242,
                0.7783209221223587
            ],
            "micro": [
                0.3882673942701228,
                0.6281785158277114,
                0.7413077322262585,
                0.7867151011935651,
                0.8292682926829268,
                0.8736377789309808,
                0.898287493513233,
                0.9216398546964193
            ]
        },
        "f1": {
            "macro": [
                0.22170885318519534,
                0.4423621243237293,
                0.5763183757165488,
                0.6433884339421178,
                0.6967469553170862,
                0.7469267672807504,
                0.7697432627901267,
                0.7914795008582656
            ],
            "micro": [
                0.48106828938471946,
                0.6864190530195633,
                0.7740449742617176,
                0.8159311087190527,
                0.8494352159468438,
                0.8913302448709464,
                0.914059405940594,
                0.9319165682802046
            ]
        }
    },
    "val": {
        "loss": [
            12.52212393283844,
            10.589375257492065,
            10.407647222280502,
            10.355105713009834,
            10.457803457975388,
            11.22647313773632,
            11.845452576875687,
            12.75060872733593
        ],
        "accuracy": {
            "macro": [
                0.8432181536874678,
                0.8630737493553379,
                0.8692625064466218,
                0.8736462093862816,
                0.8757091284167097,
                0.8767405879319237,
                0.8749355337802991,
                0.8726147498710676
            ],
            "micro": [
                0.8432181536874678,
                0.8630737493553378,
                0.869262506446622,
                0.8736462093862816,
                0.8757091284167097,
                0.8767405879319237,
                0.8749355337802991,
                0.8726147498710676
            ]
        },
        "precision": {
            "macro": [
                0.3842409083568602,
                0.60814460638624,
                0.5818967217536244,
                0.5789106356592588,
                0.5852076440654389,
                0.5790765445798823,
                0.5954785096430347,
                0.5701820037268271
            ],
            "micro": [
                0.6764361078546307,
                0.7182448036951501,
                0.7263513513513513,
                0.7383390216154722,
                0.7434435575826682,
                0.7402452619843924,
                0.7398190045248869,
                0.7308120133481646
            ]
        },
        "recall": {
            "macro": [
                0.38194323990152174,
                0.47137827886075595,
                0.5112406681210342,
                0.56639445002071,
                0.5201520417840303,
                0.5551619401802051,
                0.5576570209722126,
                0.555119534683779
            ],
            "micro": [
                0.6347634763476347,
                0.6842684268426843,
                0.7095709570957096,
                0.713971397139714,
                0.7172717271727173,
                0.7304730473047305,
                0.7194719471947195,
                0.7227722772277227
            ]
        },
        "f1": {
            "macro": [
                0.37395565179530915,
                0.4918404136148332,
                0.5246865892500951,
                0.5721841745074278,
                0.5406427965255697,
                0.5644112743301529,
                0.5709398889110494,
                0.5616036267624528
            ],
            "micro": [
                0.6549375709421112,
                0.7008450704225352,
                0.7178631051752922,
                0.7259507829977628,
                0.7301231802911533,
                0.735326688815061,
                0.7295036252091467,
                0.7267699115044248
            ]
        }
    },
    "test": {
        "loss": [
            3.120574653148651,
            2.6137213706970215,
            2.620790034532547,
            2.5188520550727844,
            2.6307597309350967,
            2.8672245293855667,
            3.1459297090768814,
            2.9285184741020203
        ],
        "accuracy": {
            "macro": [
                0.8201970443349754,
                0.8645320197044335,
                0.8719211822660098,
                0.874384236453202,
                0.875615763546798,
                0.8719211822660099,
                0.8682266009852218,
                0.8793103448275862
            ],
            "micro": [
                0.8201970443349754,
                0.8645320197044335,
                0.8719211822660099,
                0.874384236453202,
                0.875615763546798,
                0.8719211822660099,
                0.8682266009852216,
                0.8793103448275862
            ]
        },
        "precision": {
            "macro": [
                0.37800289197804726,
                0.5353777748356061,
                0.6909850118909352,
                0.6329196543482257,
                0.680608910230759,
                0.6496025584146702,
                0.6194095151672284,
                0.6401291810754707
            ],
            "micro": [
                0.6201117318435754,
                0.7158469945355191,
                0.7401129943502824,
                0.7377049180327869,
                0.7471910112359551,
                0.7428571428571429,
                0.7277777777777777,
                0.7513812154696132
            ]
        },