{
    "train": {
        "loss": [
            64.01715105772018,
            46.09457875788212,
            36.27390471100807,
            28.65427654236555,
            22.604297049343586,
            18.064994748681784,
            14.209778364747763,
            10.570377200841904
        ],
        "accuracy": {
            "macro": [
                0.7759432441148018,
                0.8587975730832874,
                0.892137034994178,
                0.9173867745296318,
                0.93705950848808,
                0.9513390941962371,
                0.9616963902678188,
                0.9735245449531165
            ],
            "micro": [
                0.7759432441148016,
                0.8587975730832874,
                0.8921370349941778,
                0.9173867745296317,
                0.93705950848808,
                0.9513390941962371,
                0.9616963902678188,
                0.9735245449531164
            ]
        },
        "precision": {
            "macro": [
                0.32844685530359646,
                0.5565333902029055,
                0.6811017585191339,
                0.7039255580152636,
                0.7421130562184518,
                0.7704286108846096,
                0.7915759271564919,
                0.8151238441621987
            ],
            "micro": [
                0.530441703143653,
                0.7573179033356024,
                0.8037825059101655,
                0.8591385331781141,
                0.8855405031794304,
                0.9101520086862106,
                0.9332066250339397,
                0.9563106796116505
            ]
        },
        "recall": {
            "macro": [
                0.1792667631553011,
                0.3638115026732254,
                0.49851779609786717,
                0.5794936234609093,
                0.669310268064711,
                0.723195397532998,
                0.7516252119135463,
                0.7857198564984217
            ],
            "micro": [
                0.36752136752136755,
                0.5830712788259959,
                0.7127882599580713,
                0.7735849056603774,
                0.8393605870020965,
                0.8786687631027253,
                0.9006813417190775,
                0.9292452830188679
            ]
        },
        "f1": {
            "macro": [
                0.18194393946409346,
                0.4056809662021423,
                0.532720240610354,
                0.6252865485188959,
                0.7019610881276953,
                0.7455494462320293,
                0.7708796503864968,
                0.7999224672073745
            ],
            "micro": [
                0.4342019543973942,
                0.6588688184779391,
                0.7555555555555556,
                0.8141202426916713,
                0.8618323691645365,
                0.8941333333333333,
                0.9166555540738764,
                0.9425837320574162
            ]
        }
    },
    "val": {
        "loss": [
            12.839766830205917,
            10.82736724615097,
            10.828123092651367,
            10.273711293935776,
            10.57554678618908,
            10.960383132100105,
            11.87720401585102,
            12.227905511856079
        ],
        "accuracy": {
            "macro": [
                0.8439679669336089,
                0.867992766726944,
                0.8641177990183414,
                0.8772926892275897,
                0.8788426763110307,
                0.8778093515887367,
                0.8734177215189874,
                0.8822009816584861
            ],
            "micro": [
                0.8439679669336089,
                0.8679927667269439,
                0.8641177990183415,
                0.8772926892275897,
                0.8788426763110307,
                0.8778093515887367,
                0.8734177215189873,
                0.8822009816584861
            ]
        },
        "precision": {
            "macro": [
                0.44646115877536063,
                0.5284354054425273,
                0.6125673907558887,
                0.6057764639414298,
                0.571838768546843,
                0.5817336000570678,
                0.5898118805352809,
                0.6002902256299852
            ],
            "micro": [
                0.7439544807965861,
                0.7576832151300237,
                0.7716129032258064,
                0.7633928571428571,
                0.7453798767967146,
                0.7576086956521739,
                0.7524861878453039,
                0.7671381936887922
            ]
        },
        "recall": {
            "macro": [
                0.3167490262639516,
                0.4728786760503179,
                0.5037092584234921,
                0.548743926865514,
                0.5906612049722717,
                0.5808605164402397,
                0.5621092514248686,
                0.5688453549847797
            ],
            "micro": [
                0.5522703273495249,
                0.6768743400211193,
                0.6314677930306231,
                0.7222808870116156,
                0.7666314677930306,
                0.7360084477296727,
                0.7191129883843717,
                0.7444561774023232
            ]
        },
        "f1": {
            "macro": [
                0.3438092403742714,
                0.4932174210489965,
                0.5372576925908363,
                0.5659332513163635,
                0.5793317893335918,
                0.579080360884495,
                0.567432686736847,
                0.5788153016401966
            ],
            "micro": [
                0.633939393939394,
                0.7150027886224205,
                0.694541231126597,
                0.7422680412371134,
                0.7558563248308172,
                0.7466523835029459,
                0.7354211663066954,
                0.7556270096463024
            ]
        }
    },
    "test": {
        "loss": [
            3.0800474882125854,
            2.6134673357009888,
            2.3942690044641495,
            2.519047811627388,
            2.6455421298742294,
            2.73863223195076,
            2.9146715104579926,
            2.9966845214366913
        ],
        "accuracy": {
            "macro": [
                0.833743842364532,
                0.8633004926108375,
                0.8706896551724137,
                0.8706896551724138,
                0.8657635467980295,
                0.874384236453202,
                0.8731527093596059,
                0.874384236453202
            ],
            "micro": [
                0.833743842364532,
                0.8633004926108374,
                0.8706896551724138,
                0.8706896551724138,
                0.8657635467980296,
                0.874384236453202,
                0.8731527093596059,
                0.874384236453202
            ]
        },
        "precision": {
            "macro": [
                0.4545229352450895,
                0.5273946205623224,
                0.6573605981982235,
                0.6319054742654063,
                0.5876254808143353,
                0.603530886038626,
                0.6200177779290614,
                0.6296705381882942
            ],
            "micro": [
                0.6901408450704225,
                0.7119565217391305,
                0.7763157894736842,
                0.7258064516129032,
                0.696078431372549,
                0.732620320855615,
                0.7336956521739131,
                0.732620320855615
            ]
        },