{
    "train": {
        "loss": [
            80.59467470645905,
            63.70102587342262,
            56.71053263545036,
            48.37756037712097,
            42.37592662870884,
            37.110717475414276,
            32.4258428812027,
            28.126625910401344
        ],
        "accuracy": {
            "macro": [
                0.7514995162850692,
                0.7901575044432186,
                0.8148556719985293,
                0.8526689955261384,
                0.8725868725868725,
                0.8873567444996017,
                0.9042103327817613,
                0.9164062021204878
            ],
            "micro": [
                0.7514995162850693,
                0.7901575044432188,
                0.8148556719985292,
                0.8526689955261384,
                0.8725868725868726,
                0.8873567444996017,
                0.9042103327817613,
                0.9164062021204878
            ]
        },
        "precision": {
            "macro": [
                0.21316129717177407,
                0.08397337429595494,
                0.3261453938813578,
                0.42541712598518827,
                0.5429158890616884,
                0.5527574041461158,
                0.6743516541018889,
                0.698315322021683
            ],
            "micro": [
                0.44405940594059407,
                0.5878136200716846,
                0.7410551849605822,
                0.7898193760262726,
                0.7756267851475722,
                0.7998787143723469,
                0.822133257077495,
                0.8463276836158192
            ]
        },
        "recall": {
            "macro": [
                0.12488127494543384,
                0.13997652832604288,
                0.14305224343256415,
                0.27587027895333793,
                0.3902113254340272,
                0.4396024155231602,
                0.5115199638711191,
                0.5574770020769441
            ],
            "micro": [
                0.24731182795698925,
                0.3438155136268344,
                0.320230607966457,
                0.5041928721174004,
                0.640461215932914,
                0.6912997903563941,
                0.7534067085953878,
                0.7851153039832285
            ]
        },
        "f1": {
            "macro": [
                0.14256006096563975,
                0.1049725967116054,
                0.15700070439867267,
                0.3065350560042975,
                0.4086171769968865,
                0.46029695599571746,
                0.5324820304660254,
                0.5846026309080271
            ],
            "micro": [
                0.31769080927926335,
                0.43386243386243384,
                0.4472095150960659,
                0.6154830454254638,
                0.7015932252045357,
                0.7416362102895698,
                0.7862710242034732,
                0.8145731375747689
            ]
        }
    },
    "val": {
        "loss": [
            16.870690256357193,
            15.366611123085022,
            13.134860694408417,
            12.322756350040436,
            11.743171975016594,
            11.245131880044937,
            11.691700920462608,
            11.423150807619095
        ],
        "accuracy": {
            "macro": [
                0.785585120123999,
                0.7982433479721003,
                0.839834668044433,
                0.8483595970033583,
                0.8597261689485921,
                0.864892792560062,
                0.867992766726944,
                0.8806509945750453
            ],
            "micro": [
                0.785585120123999,
                0.7982433479721003,
                0.839834668044433,
                0.8483595970033583,
                0.8597261689485921,
                0.864892792560062,
                0.8679927667269439,
                0.8806509945750453
            ]
        },
        "precision": {
            "macro": [
                0.0865409454921209,
                0.12253694581280787,
                0.32832243239008685,
                0.44321469769745636,
                0.4528732574924835,
                0.5380600217955435,
                0.5781190806684086,
                0.6182255379935818
            ],
            "micro": [
                0.6057866184448463,
                0.8577586206896551,
                0.7582938388625592,
                0.7362204724409449,
                0.7869318181818182,
                0.7604422604422605,
                0.8011049723756906,
                0.7740112994350282
            ]
        },
        "recall": {
            "macro": [
                0.14285714285714285,
                0.08486140724946696,
                0.2741285455837695,
                0.338826554871331,
                0.3525490885565512,
                0.4176280601653736,
                0.4066263131561639,
                0.5091299212658879
            ],
            "micro": [
                0.35374868004223864,
                0.21013727560718057,
                0.5068637803590285,
                0.5923970432946146,
                0.5850052798310454,
                0.6536430834213305,
                0.6124604012671595,
                0.723336853220697
            ]
        },
        "f1": {
            "macro": [
                0.1077863577863578,
                0.10027714789619553,
                0.28592587603895364,
                0.3496637145424208,
                0.389838610186842,
                0.44348289796247264,
                0.45506257700815433,
                0.5386467172430013
            ],
            "micro": [
                0.44666666666666666,
                0.3375742154368108,
                0.6075949367088607,
                0.6565242832065536,
                0.6711084191399154,
                0.7030096536059057,
                0.6941950927588271,
                0.7478165938864629
            ]
        }
    },
    "test": {
        "loss": [
            3.909565269947052,
            3.626396596431732,
            3.272182732820511,
            3.1595801413059235,
            3.041886419057846,
            3.008268177509308,
            3.0365350544452667,
            3.043928325176239
        ],
        "accuracy": {
            "macro": [
                0.7795566502463054,
                0.7894088669950738,
                0.8214285714285715,
                0.83128078817734,
                0.8288177339901478,
                0.8608374384236454,
                0.8472906403940887,
                0.857142857142857
            ],
            "micro": [
                0.7795566502463054,
                0.7894088669950738,
                0.8214285714285714,
                0.8312807881773399,
                0.8288177339901478,
                0.8608374384236454,
                0.8472906403940886,
                0.8571428571428571
            ]
        },
        "precision": {
            "macro": [
                0.07758620689655173,
                0.10357142857142856,
                0.29359033823319536,
                0.4225563909774436,
                0.3940940012368584,
                0.5556043749205234,
                0.5335738762006044,
                0.6305311026012236
            ],
            "micro": [
                0.5431034482758621,
                0.725,
                0.680327868852459,
                0.6604938271604939,
                0.6811594202898551,
                0.7345679012345679,
                0.7181208053691275,
                0.689119170984456
            ]
        },