{
    "train": {
        "loss": [
            64.1210628002882,
            45.81082011759281,
            36.386755242943764,
            29.138018891215324,
            23.125236935913563,
            18.770502731204033,
            14.384792264550924,
            11.448969166725874
        ],
        "accuracy": {
            "macro": [
                0.7847464188927603,
                0.8589209074187615,
                0.8924586143470263,
                0.9165542611894544,
                0.9339668914776211,
                0.9492335990190067,
                0.9607602697731453,
                0.9703862660944206
            ],
            "micro": [
                0.7847464188927603,
                0.8589209074187615,
                0.8924586143470263,
                0.9165542611894544,
                0.9339668914776211,
                0.9492335990190067,
                0.9607602697731453,
                0.9703862660944206
            ]
        },
        "precision": {
            "macro": [
                0.2673413147450115,
                0.538552393323459,
                0.657667015746464,
                0.715310177100787,
                0.7492691921087281,
                0.7720367808560623,
                0.7948203938519871,
                0.815140406518028
            ],
            "micro": [
                0.5672184093661687,
                0.7588959095443965,
                0.8049275362318841,
                0.8465167915625867,
                0.8814814814814815,
                0.9079159935379645,
                0.9306745182012848,
                0.9479692062649323
            ]
        },
        "recall": {
            "macro": [
                0.18078663077330612,
                0.36950835700857987,
                0.4994355418080691,
                0.5988490953545501,
                0.6645138885261898,
                0.717799481252337,
                0.7564970888836211,
                0.7815494248942948
            ],
            "micro": [
                0.3829381302807304,
                0.5914981855883877,
                0.7198030067392431,
                0.7905650596163816,
                0.8328149300155521,
                0.8740279937791602,
                0.9012441679626749,
                0.925609123898393
            ]
        },
        "f1": {
            "macro": [
                0.1784789205687814,
                0.40711502457702126,
                0.5385192407170487,
                0.6411205650204153,
                0.7011135391365511,
                0.743161382058173,
                0.7749744636600555,
                0.7977608786303589
            ],
            "micro": [
                0.4572079401236576,
                0.6648215586307356,
                0.7599890530925014,
                0.8175847741589599,
                0.8564574170331867,
                0.890649762282092,
                0.9157229391624967,
                0.9366557377049181
            ]
        }
    },
    "val": {
        "loss": [
            12.577111065387726,
            12.1167763620615,
            10.298263162374496,
            10.163336500525475,
            10.346907451748848,
            11.192563563585281,
            11.422395065426826,
            12.446970894932747
        ],
        "accuracy": {
            "macro": [
                0.8349664775657557,
                0.84631253223311,
                0.8702939659618361,
                0.8757091284167096,
                0.8772563176895307,
                0.8733883445074782,
                0.8767405879319237,
                0.8759669932955132
            ],
            "micro": [
                0.8349664775657556,
                0.8463125322331099,
                0.870293965961836,
                0.8757091284167097,
                0.8772563176895307,
                0.873388344507478,
                0.8767405879319237,
                0.8759669932955132
            ]
        },
        "precision": {
            "macro": [
                0.4011008310270692,
                0.5221708502735541,
                0.6297269906963784,
                0.638851275030925,
                0.5801849152466934,
                0.5844360453797565,
                0.5939871843410441,
                0.6043685718109723
            ],
            "micro": [
                0.7060653188180405,
                0.66996699669967,
                0.7299771167048055,
                0.7779237844940867,
                0.7303974221267454,
                0.7363013698630136,
                0.7550776583034647,
                0.7566585956416465
            ]
        },
        "recall": {
            "macro": [
                0.3013328223986841,
                0.43104921861474,
                0.49675267258565464,
                0.4954979637684787,
                0.568522532213087,
                0.5524682138026973,
                0.5314702443281566,
                0.5211111592636593
            ],
            "micro": [
                0.5016574585635359,
                0.6729281767955801,
                0.7049723756906078,
                0.6541436464088398,
                0.7513812154696132,
                0.712707182320442,
                0.6983425414364641,
                0.6906077348066298
            ]
        },
        "f1": {
            "macro": [
                0.32349822302306375,
                0.4301574671176,
                0.5165256970363415,
                0.5476802207270104,
                0.5704490141444084,
                0.5646580228623767,
                0.5590120689848204,
                0.5546713756998347
            ],
            "micro": [
                0.5865633074935401,
                0.6714443219404631,
                0.7172568858909498,
                0.7106842737094837,
                0.7407407407407407,
                0.7243121841661988,
                0.7256027554535016,
                0.7221259387637204
            ]
        }
    },
    "test": {
        "loss": [
            3.0054099559783936,
            3.0434386283159256,
            2.6632200479507446,
            2.4278325587511063,
            2.603150188922882,
            2.6114377081394196,
            2.6971053183078766,
            2.9488616585731506
        ],
        "accuracy": {
            "macro": [
                0.8411330049261084,
                0.8288177339901478,
                0.8645320197044334,
                0.8509852216748769,
                0.8682266009852216,
                0.8682266009852216,
                0.8620689655172413,
                0.8669950738916256
            ],
            "micro": [
                0.8411330049261084,
                0.8288177339901478,
                0.8645320197044335,
                0.8509852216748769,
                0.8682266009852216,
                0.8682266009852216,
                0.8620689655172413,
                0.8669950738916257
            ]
        },
        "precision": {
            "macro": [
                0.4742169595110771,
                0.5091461729759602,
                0.6564658388624454,
                0.6502036999933214,
                0.6290883883640424,
                0.6253445919495629,
                0.641462901901584,
                0.6614425674576052
            ],
            "micro": [
                0.7542372881355932,
                0.6344086021505376,
                0.7068062827225131,
                0.7236842105263158,
                0.7180851063829787,
                0.735632183908046,
                0.727810650887574,
                0.7484662576687117
            ]
        },