{
    "train": {
        "loss": [
            62.22756001353264,
            45.89244060218334,
            36.272116258740425,
            30.00770916044712,
            23.925063006579876,
            19.021630816161633,
            15.547122962772846,
            12.041893098503351
        ],
        "accuracy": {
            "macro": [
                0.7959367945823929,
                0.857633143347429,
                0.8913403199117484,
                0.9107066249923392,
                0.9309922167065023,
                0.9479070907642336,
                0.9560580989152418,
                0.9684378255806828
            ],
            "micro": [
                0.7959367945823927,
                0.857633143347429,
                0.8913403199117484,
                0.9107066249923392,
                0.9309922167065025,
                0.9479070907642336,
                0.9560580989152417,
                0.9684378255806827
            ]
        },
        "precision": {
            "macro": [
                0.35173624218013055,
                0.5165660137944557,
                0.681991394619659,
                0.6932714084568614,
                0.7300463480771276,
                0.7668522225187029,
                0.781980144392804,
                0.8083640350102549
            ],
            "micro": [
                0.6142987249544627,
                0.7511475409836066,
                0.8107462686567164,
                0.8410125142207053,
                0.8692828146143438,
                0.9037893039505509,
                0.9201928227102303,
                0.9450959488272921
            ]
        },
        "recall": {
            "macro": [
                0.16897225403506208,
                0.3691746246611608,
                0.488070840962323,
                0.5772743084290975,
                0.660556112324531,
                0.721444143563466,
                0.745826058945864,
                0.7767513129307932
            ],
            "micro": [
                0.3679759956355701,
                0.5942931258106355,
                0.7045395590142672,
                0.7670557717250325,
                0.8332036316472115,
                0.8723735408560311,
                0.8913099870298314,
                0.9198443579766536
            ]
        },
        "f1": {
            "macro": [
                0.173777684665485,
                0.40295986792216204,
                0.5309339888153495,
                0.6225491364718146,
                0.6906575709730268,
                0.7430453056518623,
                0.7632995050466519,
                0.7921092940716902
            ],
            "micro": [
                0.46025247355851245,
                0.6635771180304127,
                0.7539208882720333,
                0.8023334690001357,
                0.850860927152318,
                0.8878035902851109,
                0.9055211490314931,
                0.9322991981070067
            ]
        }
    },
    "val": {
        "loss": [
            13.244593501091003,
            11.179620400071144,
            10.531704023480415,
            11.574622228741646,
            11.041529819369316,
            11.377787038683891,
            12.09676230698824,
            13.334877848625183
        ],
        "accuracy": {
            "macro": [
                0.8413846551278737,
                0.8705760785326788,
                0.8721260656161199,
                0.8628261431154741,
                0.8690260914492379,
                0.8718677344355463,
                0.8705760785326789,
                0.870059416171532
            ],
            "micro": [
                0.841384655127874,
                0.8705760785326789,
                0.8721260656161198,
                0.862826143115474,
                0.8690260914492379,
                0.8718677344355463,
                0.8705760785326789,
                0.8700594161715319
            ]
        },
        "precision": {
            "macro": [
                0.4008062669990543,
                0.6545340470563703,
                0.5815970831444934,
                0.5517933956496947,
                0.5526495445451489,
                0.5601441606533114,
                0.5636001214757419,
                0.5548136433098984
            ],
            "micro": [
                0.7227272727272728,
                0.7289088863892014,
                0.7354618015963512,
                0.6715195632393085,
                0.708636836628512,
                0.7205567451820128,
                0.7209554831704669,
                0.7072671443193449
            ]
        },
        "recall": {
            "macro": [
                0.3331916939452562,
                0.5006854549884484,
                0.5563232950390323,
                0.6230766717364135,
                0.5835034133162552,
                0.5758060883040031,
                0.5739123578388441,
                0.5998378280074032
            ],
            "micro": [
                0.525330396475771,
                0.7136563876651982,
                0.710352422907489,
                0.8127753303964758,
                0.75,
                0.7411894273127754,
                0.7312775330396476,
                0.7610132158590308
            ]
        },
        "f1": {
            "macro": [
                0.34980346726665873,
                0.5086103140483159,
                0.5637720034556765,
                0.5733633925881113,
                0.56632657345528,
                0.5652654757553339,
                0.5675137422499935,
                0.5747691335141589
            ],
            "micro": [
                0.6084183673469387,
                0.7212020033388982,
                0.7226890756302521,
                0.73542600896861,
                0.7287319422150882,
                0.7307274701411509,
                0.726079825041006,
                0.73315649867374
            ]
        }
    },
    "test": {
        "loss": [
            3.235860288143158,
            2.793133407831192,
            2.470123589038849,
            3.0164410769939423,
            2.8326155841350555,
            2.9189592599868774,
            2.908278912305832,
            3.2096512615680695
        ],
        "accuracy": {
            "macro": [
                0.8300492610837439,
                0.8620689655172414,
                0.8706896551724138,
                0.8608374384236452,
                0.8706896551724138,
                0.855911330049261,
                0.875615763546798,
                0.8706896551724137
            ],
            "micro": [
                0.8300492610837439,
                0.8620689655172413,
                0.8706896551724138,
                0.8608374384236454,
                0.8706896551724138,
                0.8559113300492611,
                0.875615763546798,
                0.8706896551724138
            ]
        },
        "precision": {
            "macro": [
                0.41915638151983725,
                0.5300585098904426,
                0.6254618983743733,
                0.6402777777777777,
                0.5936463143967023,
                0.5614578946952219,
                0.6152927001521612,
                0.5954837490551776
            ],
            "micro": [
                0.7073170731707317,
                0.7037037037037037,
                0.7333333333333333,
                0.6666666666666666,
                0.7079207920792079,
                0.6836734693877551,
                0.7391304347826086,
                0.7079207920792079
            ]
        },