{
    "train": {
        "loss": [
            61.75169536471367,
            44.39876285195351,
            35.618310675024986,
            29.429246813058853,
            23.893803484737873,
            18.99674504995346,
            14.70430064201355,
            11.396334763616323
        ],
        "accuracy": {
            "macro": [
                0.7900032247662044,
                0.8631488631488632,
                0.8915241772384629,
                0.9130967702396274,
                0.9317889317889317,
                0.9459459459459458,
                0.9588159588159588,
                0.9678862536005394
            ],
            "micro": [
                0.7900032247662044,
                0.8631488631488632,
                0.891524177238463,
                0.9130967702396274,
                0.9317889317889317,
                0.9459459459459459,
                0.9588159588159588,
                0.9678862536005394
            ]
        },
        "precision": {
            "macro": [
                0.3152866428897413,
                0.5263832066430247,
                0.6411992767065522,
                0.6963269515479753,
                0.7344373911939168,
                0.7659370330473292,
                0.783293411994831,
                0.8046080977023272
            ],
            "micro": [
                0.5842235004108464,
                0.7582802547770701,
                0.8043795620437956,
                0.8458699971615101,
                0.8741812227074236,
                0.9023004059539919,
                0.92542101042502,
                0.9386357650776929
            ]
        },
        "recall": {
            "macro": [
                0.20048899189149608,
                0.39022782380096066,
                0.49741223565084286,
                0.576278865025152,
                0.6603553871538816,
                0.7063998563883388,
                0.7460599229466239,
                0.7791054482730403
            ],
            "micro": [
                0.3878887070376432,
                0.6176394293125811,
                0.7146562905317769,
                0.7730220492866408,
                0.8308690012970169,
                0.8648508430609598,
                0.8980544747081712,
                0.9245136186770428
            ]
        },
        "f1": {
            "macro": [
                0.2244684113050988,
                0.4232138136835726,
                0.5311584098892903,
                0.620668661505467,
                0.6931294299264429,
                0.7337618238245935,
                0.7639073584362422,
                0.7914356913771092
            ],
            "micro": [
                0.4662295081967213,
                0.680771979985704,
                0.7568681318681318,
                0.8078069937652481,
                0.8519749966750898,
                0.8831788079470199,
                0.9115323854660349,
                0.9315211709357031
            ]
        }
    },
    "val": {
        "loss": [
            12.345716416835785,
            11.140909433364868,
            10.509428471326828,
            10.654892846941948,
            10.914361581206322,
            11.790623620152473,
            12.436142086982727,
            13.401063367724419
        ],
        "accuracy": {
            "macro": [
                0.8486179281839318,
                0.8581761818651511,
                0.8716094032549728,
                0.8698010849909584,
                0.8741927150607077,
                0.8698010849909584,
                0.8726427279772668,
                0.8718677344355464
            ],
            "micro": [
                0.8486179281839318,
                0.8581761818651511,
                0.8716094032549728,
                0.8698010849909584,
                0.8741927150607078,
                0.8698010849909584,
                0.8726427279772668,
                0.8718677344355463
            ]
        },
        "precision": {
            "macro": [
                0.4252922135922091,
                0.5044047759742094,
                0.6396049787348973,
                0.6094315267780251,
                0.6040141177016242,
                0.5873908515199427,
                0.5863064019314018,
                0.5893833760412529
            ],
            "micro": [
                0.7417417417417418,
                0.7079953650057937,
                0.7850208044382802,
                0.7537688442211056,
                0.7551515151515151,
                0.7416267942583732,
                0.7323628219484882,
                0.7389791183294664
            ]
        },
        "recall": {
            "macro": [
                0.3219554136577881,
                0.4577304160121068,
                0.44315747027809355,
                0.474706304517528,
                0.5262681717510557,
                0.5208374898752327,
                0.5423285865455326,
                0.525671033932184
            ],
            "micro": [
                0.5440528634361234,
                0.6729074889867841,
                0.6233480176211453,
                0.6607929515418502,
                0.6861233480176211,
                0.6828193832599119,
                0.7202643171806168,
                0.7015418502202643
            ]
        },
        "f1": {
            "macro": [
                0.3552824347932693,
                0.46220352990956026,
                0.5067131311119664,
                0.5126774512815123,
                0.5594764144482829,
                0.5472135834574422,
                0.560398213314878,
                0.5504626343585232
            ],
            "micro": [
                0.627700127064803,
                0.6900056465273856,
                0.6949048496009822,
                0.704225352112676,
                0.7189844200807849,
                0.7110091743119266,
                0.7262631871182678,
                0.7197740112994351
            ]
        }
    },
    "test": {
        "loss": [
            3.104351431131363,
            2.7724026441574097,
            2.730553761124611,
            2.5882669389247894,
            2.6884218603372574,
            2.972303867340088,
            3.083868980407715,
            3.1491545736789703
        ],
        "accuracy": {
            "macro": [
                0.8288177339901478,
                0.8435960591133006,
                0.8485221674876847,
                0.8682266009852216,
                0.8571428571428571,
                0.8571428571428571,
                0.8633004926108373,
                0.8633004926108374
            ],
            "micro": [
                0.8288177339901478,
                0.8435960591133005,
                0.8485221674876847,
                0.8682266009852216,
                0.8571428571428571,
                0.8571428571428571,
                0.8633004926108374,
                0.8633004926108374
            ]
        },
        "precision": {
            "macro": [
                0.4233051841426226,
                0.5008709126573849,
                0.6037244209604458,
                0.6363646015819928,
                0.5962485338963172,
                0.5813710099424385,
                0.5966606749102136,
                0.6010914914489003
            ],
            "micro": [
                0.6785714285714286,
                0.6684782608695652,
                0.7142857142857143,
                0.7383720930232558,
                0.7062146892655368,
                0.7039106145251397,
                0.703125,
                0.7096774193548387
            ]
        },