{
    "train": {
        "loss": [
            76.241026699543,
            61.98647326231003,
            54.83229452371597,
            48.84988176822662,
            42.60075245797634,
            36.889854207634926,
            32.025739923119545,
            27.16236262768507
        ],
        "accuracy": {
            "macro": [
                0.7602916505355529,
                0.7914163090128755,
                0.8237890864500306,
                0.8454935622317595,
                0.869895769466585,
                0.8927038626609441,
                0.9085836909871244,
                0.9262415695892091
            ],
            "micro": [
                0.7602916505355529,
                0.7914163090128755,
                0.8237890864500307,
                0.8454935622317596,
                0.8698957694665849,
                0.8927038626609443,
                0.9085836909871244,
                0.9262415695892091
            ]
        },
        "precision": {
            "macro": [
                0.17189666382268767,
                0.15763435297160963,
                0.29419364439025447,
                0.5637982952378275,
                0.5588906120886704,
                0.567276935580269,
                0.7372270102881434,
                0.7468572130406993
            ],
            "micro": [
                0.4909520062942565,
                0.6030741410488246,
                0.7318567389255419,
                0.7468634686346863,
                0.7782051282051282,
                0.8035714285714286,
                0.8314197703724447,
                0.8630024610336341
            ]
        },
        "recall": {
            "macro": [
                0.15142248746514284,
                0.14027119604409188,
                0.20766454071963517,
                0.30885031353482845,
                0.39722347511505957,
                0.4834009960419715,
                0.5358973874930417,
                0.6130536597681118
            ],
            "micro": [
                0.3401471790678659,
                0.34577501296008295,
                0.40254017625712807,
                0.5246241575946086,
                0.6293416277864178,
                0.7231726283048211,
                0.7695697252462416,
                0.8180404354587869
            ]
        },
        "f1": {
            "macro": [
                0.13944344962651306,
                0.10721119331476991,
                0.23004300231981537,
                0.3100957991565677,
                0.4194024443234075,
                0.5051433973718392,
                0.5615080298153587,
                0.6539148909811124
            ],
            "micro": [
                0.40186765416197073,
                0.4395387149917628,
                0.5193979933110368,
                0.6163215590742995,
                0.6959014044138722,
                0.7612551159618007,
                0.7993000403822856,
                0.8399201596806387
            ]
        }
    },
    "val": {
        "loss": [
            16.14915558695793,
            14.628748327493668,
            13.975881159305573,
            12.794368028640747,
            11.890422657132149,
            11.450517028570175,
            10.98058195412159,
            11.127540484070778
        ],
        "accuracy": {
            "macro": [
                0.7857142857142857,
                0.8135636926250646,
                0.8194945848375451,
                0.8372872614749871,
                0.8519855595667869,
                0.8602372356884993,
                0.8674574522949976,
                0.870809695719443
            ],
            "micro": [
                0.7857142857142857,
                0.8135636926250644,
                0.8194945848375451,
                0.8372872614749871,
                0.851985559566787,
                0.8602372356884992,
                0.8674574522949974,
                0.870809695719443
            ]
        },
        "precision": {
            "macro": [
                0.08096957194430118,
                0.10656370656370658,
                0.28139763675477963,
                0.5370935347979005,
                0.4994670551028932,
                0.5265938478696708,
                0.591068560162955,
                0.6091420023556972
            ],
            "micro": [
                0.5667870036101083,
                0.745945945945946,
                0.6332899869960988,
                0.6957142857142857,
                0.702075702075702,
                0.7254658385093168,
                0.7297297297297297,
                0.7537688442211056
            ]
        },
        "recall": {
            "macro": [
                0.14285714285714285,
                0.12556869881710647,
                0.30845449492158955,
                0.31962557652870865,
                0.4104099854906001,
                0.4111059497332861,
                0.49547616607339806,
                0.47878870800252754
            ],
            "micro": [
                0.3469613259668508,
                0.30497237569060776,
                0.538121546961326,
                0.538121546961326,
                0.6353591160220995,
                0.6453038674033149,
                0.6861878453038674,
                0.6629834254143646
            ]
        },
        "f1": {
            "macro": [
                0.10335747202106647,
                0.11528822055137844,
                0.2817334428522521,
                0.33744817402719923,
                0.4330546025371902,
                0.4303491549922026,
                0.5219797518641072,
                0.5226462261577905
            ],
            "micro": [
                0.43043180260452363,
                0.4329411764705883,
                0.5818399044205496,
                0.6068535825545172,
                0.6670533642691415,
                0.6830409356725147,
                0.7072892938496583,
                0.7054673721340388
            ]
        }
    },
    "test": {
        "loss": [
            3.773260235786438,
            3.513970762491226,
            3.364964932203293,
            3.1187529265880585,
            2.975897878408432,
            2.9841301441192627,
            2.705482393503189,
            2.6544953882694244
        ],
        "accuracy": {
            "macro": [
                0.7795566502463054,
                0.8029556650246306,
                0.8177339901477833,
                0.8423645320197045,
                0.852216748768473,
                0.8472906403940887,
                0.8645320197044334,
                0.8645320197044335
            ],
            "micro": [
                0.7795566502463054,
                0.8029556650246306,
                0.8177339901477833,
                0.8423645320197044,
                0.8522167487684729,
                0.8472906403940886,
                0.8645320197044335,
                0.8645320197044335
            ]
        },
        "precision": {
            "macro": [
                0.07758620689655173,
                0.09833024118738405,
                0.28581500015736633,
                0.5386363636363637,
                0.5063921608107654,
                0.5063076102718046,
                0.6109702031455571,
                0.5994639578163606
            ],
            "micro": [
                0.5431034482758621,
                0.6883116883116883,
                0.632258064516129,
                0.6967741935483871,
                0.6949152542372882,
                0.6857142857142857,
                0.7046632124352331,
                0.7365269461077845
            ]
        },