{
    "train": {
        "loss": [
            60.60428214073181,
            44.045560106635094,
            35.88918639719486,
            29.423981547355652,
            23.91613768041134,
            19.014559656381607,
            15.627938844263554,
            12.274995055049658
        ],
        "accuracy": {
            "macro": [
                0.8013937282229965,
                0.8649908031882282,
                0.8917841814837525,
                0.9133660331085224,
                0.9298589822194974,
                0.9462906192519928,
                0.9565910484365421,
                0.9653586756591048
            ],
            "micro": [
                0.8013937282229965,
                0.8649908031882281,
                0.8917841814837523,
                0.9133660331085224,
                0.9298589822194973,
                0.9462906192519926,
                0.956591048436542,
                0.9653586756591048
            ]
        },
        "precision": {
            "macro": [
                0.3666265638648194,
                0.5364823297843547,
                0.6518599983358601,
                0.7096655593045994,
                0.7283878142743292,
                0.7652718134023193,
                0.7831497915671746,
                0.8009402838379003
            ],
            "micro": [
                0.6254777070063694,
                0.7647058823529411,
                0.801671951571058,
                0.8452414572154758,
                0.8715772179627601,
                0.9051630434782608,
                0.9233870967741935,
                0.9366215857862636
            ]
        },
        "recall": {
            "macro": [
                0.20297861614256196,
                0.4042507392844782,
                0.5206081440031236,
                0.5920442247379291,
                0.6630103477335434,
                0.714030223291612,
                0.7382715443737012,
                0.766046060563152
            ],
            "micro": [
                0.401471790678659,
                0.6200103680663557,
                0.7208398133748056,
                0.7757905650596164,
                0.8250388802488335,
                0.8634007257646449,
                0.890357698289269,
                0.9155002592016589
            ]
        },
        "f1": {
            "macro": [
                0.2227288720230472,
                0.4464883563510393,
                0.5611141262321953,
                0.6383926519191991,
                0.6930956598028369,
                0.7383626099022707,
                0.7596789645568506,
                0.7827645194645207
            ],
            "micro": [
                0.4890438247011952,
                0.6847981677640996,
                0.7591101405759519,
                0.8090282470604135,
                0.8476697736351531,
                0.8837888033961262,
                0.9065716547901821,
                0.925940490234631
            ]
        }
    },
    "val": {
        "loss": [
            12.020781725645065,
            10.651562184095383,
            10.192339703440666,
            10.54994222521782,
            10.802726775407791,
            11.624403566122055,
            12.913786590099335,
            12.996512144804
        ],
        "accuracy": {
            "macro": [
                0.8506962351727694,
                0.8692625064466218,
                0.8764827230531201,
                0.87132542547705,
                0.8726147498710676,
                0.8692625064466221,
                0.8653945332645694,
                0.87132542547705
            ],
            "micro": [
                0.8506962351727695,
                0.869262506446622,
                0.8764827230531201,
                0.87132542547705,
                0.8726147498710676,
                0.869262506446622,
                0.8653945332645694,
                0.87132542547705
            ]
        },
        "precision": {
            "macro": [
                0.5400922477533397,
                0.5991743948347514,
                0.601145993588051,
                0.5725233898704474,
                0.5768807471415934,
                0.5720608882268386,
                0.5580638292352635,
                0.5614400649440302
            ],
            "micro": [
                0.7418397626112759,
                0.7251131221719457,
                0.7505882352941177,
                0.7451690821256038,
                0.7478890229191797,
                0.7313953488372092,
                0.717366628830874,
                0.7196969696969697
            ]
        },
        "recall": {
            "macro": [
                0.3321029847345637,
                0.4753936601127123,
                0.48857053928885297,
                0.5458300639120994,
                0.5362743521024267,
                0.5291346989923789,
                0.5194538337378697,
                0.5337695322489898
            ],
            "micro": [
                0.5524861878453039,
                0.7082872928176795,
                0.7049723756906078,
                0.6817679558011049,
                0.6850828729281768,
                0.6950276243093922,
                0.6983425414364641,
                0.7348066298342542
            ]
        },
        "f1": {
            "macro": [
                0.37332081659952776,
                0.4882289592445995,
                0.5218497883985316,
                0.5536839755395734,
                0.5542854838031428,
                0.5437790009738536,
                0.5338602434288351,
                0.5415890022982407
            ],
            "micro": [
                0.6333122229259025,
                0.7166014533258804,
                0.7270655270655271,
                0.7120600115406809,
                0.7151095732410612,
                0.7127478753541076,
                0.7077267637178051,
                0.7271733187534172
            ]
        }
    },
    "test": {
        "loss": [
            2.8904200196266174,
            2.688657969236374,
            2.468085154891014,
            2.3653549253940582,
            2.4601952731609344,
            2.7850115299224854,
            2.9940278232097626,
            3.187410920858383
        ],
        "accuracy": {
            "macro": [
                0.8448275862068967,
                0.8657635467980295,
                0.8620689655172414,
                0.8657635467980296,
                0.8583743842364532,
                0.8509852216748769,
                0.8669950738916256,
                0.8645320197044334
            ],
            "micro": [
                0.8448275862068966,
                0.8657635467980296,
                0.8620689655172413,
                0.8657635467980296,
                0.8583743842364532,
                0.8509852216748769,
                0.8669950738916257,
                0.8645320197044335
            ]
        },
        "precision": {
            "macro": [
                0.5559821704400018,
                0.6823474126492702,
                0.6253762591194093,
                0.6024124253937918,
                0.5922681367396986,
                0.558835354814404,
                0.5891156462585033,
                0.5808835972250838
            ],
            "micro": [
                0.723404255319149,
                0.7247191011235955,
                0.7175141242937854,
                0.7325581395348837,
                0.725609756097561,
                0.6827956989247311,
                0.7314285714285714,
                0.7112299465240641
            ]
        },