{
    "train": {
        "loss": [
            60.911861181259155,
            43.70549964904785,
            35.1391726732254,
            28.95705246180296,
            22.976749658584595,
            18.52224323898554,
            14.416623041033745,
            11.102169189602137
        ],
        "accuracy": {
            "macro": [
                0.7982586262495969,
                0.8657841514984372,
                0.8943433229147514,
                0.9153643439357725,
                0.934056505485077,
                0.9476006618863761,
                0.9609609609609608,
                0.9689281117852546
            ],
            "micro": [
                0.7982586262495969,
                0.8657841514984372,
                0.8943433229147515,
                0.9153643439357725,
                0.9340565054850769,
                0.9476006618863761,
                0.960960960960961,
                0.9689281117852546
            ]
        },
        "precision": {
            "macro": [
                0.35876795495452135,
                0.5311754186411178,
                0.6801617875404401,
                0.7004910570233226,
                0.7487894087954591,
                0.7646714542642118,
                0.7958070884640486,
                0.8100405140139907
            ],
            "micro": [
                0.6227189781021898,
                0.7627011675607447,
                0.8120058565153734,
                0.845917225950783,
                0.8830989798731734,
                0.9043126684636119,
                0.9309051955008034,
                0.9454497072911123
            ]
        },
        "recall": {
            "macro": [
                0.1925351361516039,
                0.41072488524720235,
                0.5133588255421137,
                0.5989031919791895,
                0.6597524577759355,
                0.7121399591794996,
                0.752854022190678,
                0.7771136102838625
            ],
            "micro": [
                0.3723404255319149,
                0.6269779507133593,
                0.719325551232166,
                0.7846952010376135,
                0.8308690012970169,
                0.8702983138780804,
                0.901686121919585,
                0.9216601815823605
            ]
        },
        "f1": {
            "macro": [
                0.21819684619236296,
                0.4484457283672062,
                0.5498987525639981,
                0.6383044367222438,
                0.6976062524625467,
                0.7367019923208548,
                0.7733799892641704,
                0.7930796130824913
            ],
            "micro": [
                0.46602936155684527,
                0.6882118451025057,
                0.7628610729023383,
                0.8141569102408829,
                0.8561881849772789,
                0.8869795109054858,
                0.9160627223613124,
                0.9334033889399712
            ]
        }
    },
    "val": {
        "loss": [
            12.349639683961868,
            10.435911908745766,
            10.244332045316696,
            10.02528814971447,
            10.432102397084236,
            11.505963906645775,
            12.228532560169697,
            12.658052787184715
        ],
        "accuracy": {
            "macro": [
                0.8419013174890209,
                0.8700594161715319,
                0.8754843709635753,
                0.8801343322138983,
                0.8775510204081632,
                0.8762593645052957,
                0.8729010591578403,
                0.8767760268664427
            ],
            "micro": [
                0.841901317489021,
                0.8700594161715319,
                0.8754843709635753,
                0.8801343322138983,
                0.8775510204081632,
                0.8762593645052957,
                0.8729010591578403,
                0.8767760268664427
            ]
        },
        "precision": {
            "macro": [
                0.40758284144800755,
                0.5255785106785377,
                0.6037417533546661,
                0.6296293804953106,
                0.5941955547515706,
                0.6227819943458438,
                0.5718909095356534,
                0.5864375654281836
            ],
            "micro": [
                0.7195845697329377,
                0.7454545454545455,
                0.7330415754923414,
                0.7593457943925234,
                0.7471526195899773,
                0.7575030012004802,
                0.7369020501138952,
                0.7474167623421355
            ]
        },
        "recall": {
            "macro": [
                0.33591847030345284,
                0.46049469559798484,
                0.5496952674299745,
                0.5331464979640331,
                0.5763793661748043,
                0.5117579082779176,
                0.5230634201477421,
                0.5429930416298772
            ],
            "micro": [
                0.5341409691629956,
                0.6773127753303965,
                0.737885462555066,
                0.7158590308370044,
                0.7224669603524229,
                0.6949339207048458,
                0.7125550660792952,
                0.7169603524229075
            ]
        },
        "f1": {
            "macro": [
                0.35183169410793813,
                0.4830732773172056,
                0.5634581219144094,
                0.5621519248241823,
                0.5844332095157674,
                0.5457105309727305,
                0.5414046370626707,
                0.5614022632613771
            ],
            "micro": [
                0.6131479140328697,
                0.7097518753606462,
                0.7354555433589461,
                0.7369614512471655,
                0.7346024636058232,
                0.7248707639287767,
                0.7245240761478163,
                0.7318718381112985
            ]
        }
    },
    "test": {
        "loss": [
            3.11305433511734,
            2.7201645970344543,
            2.577803924679756,
            2.540472090244293,
            2.5892885625362396,
            2.997201159596443,
            3.40507972240448,
            3.5579341650009155
        ],
        "accuracy": {
            "macro": [
                0.8263546798029556,
                0.8596059113300492,
                0.874384236453202,
                0.875615763546798,
                0.8669950738916256,
                0.8583743842364532,
                0.8620689655172414,
                0.8620689655172414
            ],
            "micro": [
                0.8263546798029556,
                0.8596059113300493,
                0.874384236453202,
                0.875615763546798,
                0.8669950738916257,
                0.8583743842364532,
                0.8620689655172413,
                0.8620689655172413
            ]
        },
        "precision": {
            "macro": [
                0.3769149005756149,
                0.523609336400034,
                0.6377681841967556,
                0.6614510443414099,
                0.6059308338720104,
                0.6021978021978022,
                0.6002137279147729,
                0.6083905978909859
            ],
            "micro": [
                0.6791044776119403,
                0.7142857142857143,
                0.7208121827411168,
                0.7315789473684211,
                0.7237569060773481,
                0.7202380952380952,
                0.7058823529411765,
                0.712707182320442
            ]
        },