{
    "train": {
        "loss": [
            81.89177891612053,
            64.44767165184021,
            58.166416108608246,
            51.352976858615875,
            45.09760162234306,
            39.21406561136246,
            33.922119572758675,
            28.769965209066868
        ],
        "accuracy": {
            "macro": [
                0.729764592067075,
                0.787706073420359,
                0.8097689526260955,
                0.8331801188944045,
                0.8605748605748605,
                0.8848440277011705,
                0.9047619047619049,
                0.9231476374333516
            ],
            "micro": [
                0.7297645920670751,
                0.7877060734203591,
                0.8097689526260955,
                0.8331801188944046,
                0.8605748605748605,
                0.8848440277011705,
                0.9047619047619048,
                0.9231476374333517
            ]
        },
        "precision": {
            "macro": [
                0.15487622261415204,
                0.08348233553240027,
                0.2681078615656789,
                0.39737719576903163,
                0.558985548502012,
                0.5669156455728674,
                0.713068122426845,
                0.7279137549661296
            ],
            "micro": [
                0.4246693502012651,
                0.5843763487268019,
                0.7192060712200817,
                0.7621471540953262,
                0.7793493635077794,
                0.8017715332926084,
                0.8347395984870527,
                0.8558139534883721
            ]
        },
        "recall": {
            "macro": [
                0.19752687228084595,
                0.142541320138962,
                0.13538769829359434,
                0.2188784120519995,
                0.34423409884322564,
                0.4437067485187371,
                0.5272340798251682,
                0.6268706034740487
            ],
            "micro": [
                0.40289143480632844,
                0.3512321660181582,
                0.31958495460440983,
                0.4272373540856031,
                0.5717250324254215,
                0.6809338521400778,
                0.7442282749675746,
                0.8114137483787289
            ]
        },
        "f1": {
            "macro": [
                0.16632396787117373,
                0.10529590170308732,
                0.13512913407932964,
                0.2556217008927502,
                0.38201084820829073,
                0.4766845150644018,
                0.5733512906204218,
                0.6670706589375308
            ],
            "micro": [
                0.41349384098544234,
                0.43875567077122485,
                0.4425287356321838,
                0.5475398936170213,
                0.659584019153075,
                0.7364286716229484,
                0.7868897421832145,
                0.8330226364846871
            ]
        }
    },
    "val": {
        "loss": [
            17.01828369498253,
            15.324495106935501,
            13.946990549564362,
            12.950095027685165,
            12.181197077035904,
            11.62686114013195,
            11.313446193933487,
            11.53784954547882
        ],
        "accuracy": {
            "macro": [
                0.7863601136657195,
                0.7935933867217774,
                0.8158098682510978,
                0.8364763626969774,
                0.8517179023508137,
                0.859209506587445,
                0.8661844484629295,
                0.8630844742960475
            ],
            "micro": [
                0.7863601136657195,
                0.7935933867217774,
                0.8158098682510979,
                0.8364763626969776,
                0.8517179023508138,
                0.8592095065874451,
                0.8661844484629295,
                0.8630844742960475
            ]
        },
        "precision": {
            "macro": [
                0.08189098424179798,
                0.08666480290746435,
                0.29637693133933735,
                0.4195236492924354,
                0.5075080858658416,
                0.6399495052123113,
                0.6223977313515182,
                0.5415937653100499
            ],
            "micro": [
                0.5732368896925859,
                0.6066536203522505,
                0.7315914489311164,
                0.7513711151736746,
                0.7141025641025641,
                0.729456384323641,
                0.7326968973747017,
                0.7081497797356828
            ]
        },
        "recall": {
            "macro": [
                0.14285714285714285,
                0.13970256872465076,
                0.14952766512189278,
                0.25524893169158297,
                0.39556117903066285,
                0.426303248059228,
                0.47634862837930764,
                0.5077542335070863
            ],
            "micro": [
                0.3491189427312775,
                0.34140969162995594,
                0.3392070484581498,
                0.4526431718061674,
                0.6134361233480177,
                0.6354625550660793,
                0.6762114537444934,
                0.7081497797356828
            ]
        },
        "f1": {
            "macro": [
                0.10410509031198686,
                0.10697032436162869,
                0.15576611643911703,
                0.2969175325952819,
                0.4170796705023526,
                0.45450012196798245,
                0.5055575630130891,
                0.5140335377439922
            ],
            "micro": [
                0.4339493497604381,
                0.4369274136715997,
                0.46350639578630554,
                0.5649484536082475,
                0.659952606635071,
                0.6792230723955268,
                0.7033218785796105,
                0.7081497797356828
            ]
        }
    },
    "test": {
        "loss": [
            3.9598032534122467,
            3.6103526949882507,
            3.4368042647838593,
            3.082278251647949,
            2.9130940586328506,
            2.6871332824230194,
            2.8534761667251587,
            2.88691246509552
        ],
        "accuracy": {
            "macro": [
                0.7795566502463054,
                0.7844827586206897,
                0.8017241379310345,
                0.8362068965517241,
                0.852216748768473,
                0.8534482758620691,
                0.8497536945812808,
                0.8645320197044335
            ],
            "micro": [
                0.7795566502463054,
                0.7844827586206896,
                0.8017241379310345,
                0.8362068965517241,
                0.8522167487684729,
                0.853448275862069,
                0.8497536945812808,
                0.8645320197044335
            ]
        },
        "precision": {
            "macro": [
                0.07758620689655173,
                0.08051948051948052,
                0.30788177339901474,
                0.4557496075353219,
                0.5440552878976525,
                0.5117565235049243,
                0.6312911551006789,
                0.654500105158
            ],
            "micro": [
                0.5431034482758621,
                0.5636363636363636,
                0.6555555555555556,
                0.7456140350877193,
                0.6971428571428572,
                0.7160493827160493,
                0.6735751295336787,
                0.7025641025641025
            ]
        },