{
    "train": {
        "loss": [
            62.82245588302612,
            45.875929191708565,
            35.91566717624664,
            29.837040066719055,
            23.855587258934975,
            18.70520070195198,
            14.860774859786034,
            12.328014735132456
        ],
        "accuracy": {
            "macro": [
                0.7935217447412569,
                0.8586143470263643,
                0.8928877988963826,
                0.9122011036174127,
                0.9323114653586756,
                0.9475168608215817,
                0.9599632127529124,
                0.9659717964438995
            ],
            "micro": [
                0.7935217447412569,
                0.8586143470263642,
                0.8928877988963826,
                0.9122011036174126,
                0.9323114653586757,
                0.9475168608215818,
                0.9599632127529123,
                0.9659717964438994
            ]
        },
        "precision": {
            "macro": [
                0.36405446030305094,
                0.5130562607481309,
                0.6540775800445829,
                0.6958651023484863,
                0.7376977597326616,
                0.7707624594274038,
                0.788385494651845,
                0.801290513925504
            ],
            "micro": [
                0.6168929110105581,
                0.7487146529562982,
                0.8086727219455024,
                0.842671194114318,
                0.8752729257641921,
                0.9062330623306233,
                0.926231691078562,
                0.9376492438312549
            ]
        },
        "recall": {
            "macro": [
                0.1532511928944862,
                0.38225293062054977,
                0.49907226455678355,
                0.5777615178923112,
                0.6588087468982369,
                0.7104546099042955,
                0.7522604771951629,
                0.7694201517897282
            ],
            "micro": [
                0.33478854024556615,
                0.604566683964712,
                0.7161390762843799,
                0.7727036844836533,
                0.8321224701608718,
                0.8676699532952776,
                0.9024390243902439,
                0.916969382459782
            ]
        },
        "f1": {
            "macro": [
                0.16249572119917136,
                0.4203300119642068,
                0.5385407621145568,
                0.6190480653504379,
                0.6923383091144057,
                0.7383903460969163,
                0.7695436879768199,
                0.7848017671500386
            ],
            "micro": [
                0.4340290060134418,
                0.6689635371805915,
                0.759598183569561,
                0.8061721710882511,
                0.8531524341580208,
                0.8865323435843055,
                0.9141805756341176,
                0.9271940181031089
            ]
        }
    },
    "val": {
        "loss": [
            12.905910551548004,
            10.626167714595795,
            10.212975472211838,
            10.129864484071732,
            10.558008551597595,
            12.21311466395855,
            12.070630803704262,
            13.645189613103867
        ],
        "accuracy": {
            "macro": [
                0.8434760185662713,
                0.8666838576585868,
                0.8739040742650851,
                0.8741619391438886,
                0.8754512635379061,
                0.8684889118102115,
                0.8759669932955132,
                0.8635894791129449
            ],
            "micro": [
                0.8434760185662713,
                0.8666838576585869,
                0.8739040742650851,
                0.8741619391438886,
                0.8754512635379061,
                0.8684889118102115,
                0.8759669932955132,
                0.8635894791129448
            ]
        },
        "precision": {
            "macro": [
                0.3978018243626767,
                0.5625453662845665,
                0.5870345274485633,
                0.5619053655199385,
                0.5754848717859959,
                0.5505316023180649,
                0.5725810941207264,
                0.547040246501208
            ],
            "micro": [
                0.7013333333333334,
                0.7627345844504021,
                0.7402745995423341,
                0.7218124341412012,
                0.7315217391304348,
                0.6957801766437685,
                0.7197125256673511,
                0.6915322580645161
            ]
        },
        "recall": {
            "macro": [
                0.3421924596948533,
                0.4055338879103072,
                0.5300317670042876,
                0.5879965047758449,
                0.5670285362798736,
                0.6310688504214568,
                0.6246790978234397,
                0.6235451593362616
            ],
            "micro": [
                0.5786578657865786,
                0.6259625962596259,
                0.7117711771177118,
                0.7535753575357536,
                0.7403740374037404,
                0.7799779977997799,
                0.7711771177117712,
                0.7546754675467546
            ]
        },
        "f1": {
            "macro": [
                0.3537341681581791,
                0.4472511737914179,
                0.5398026284931496,
                0.573264582594842,
                0.5697195155220967,
                0.5863736003915159,
                0.595350332887837,
                0.5778721453977583
            ],
            "micro": [
                0.6341169379144063,
                0.6876132930513594,
                0.7257431295569264,
                0.7373519913885899,
                0.7359212684527064,
                0.7354771784232365,
                0.7445565586829527,
                0.7217254076801682
            ]
        }
    },
    "test": {
        "loss": [
            3.0829762518405914,
            2.61177197098732,
            2.746913105249405,
            2.6934348344802856,
            2.845714956521988,
            2.9748340249061584,
            3.11063688993454,
            3.307365894317627
        ],
        "accuracy": {
            "macro": [
                0.8411330049261084,
                0.8608374384236452,
                0.8620689655172413,
                0.8669950738916256,
                0.8719211822660098,
                0.8706896551724137,
                0.8620689655172413,
                0.8694581280788177
            ],
            "micro": [
                0.8411330049261084,
                0.8608374384236454,
                0.8620689655172413,
                0.8669950738916257,
                0.8719211822660099,
                0.8706896551724138,
                0.8620689655172413,
                0.8694581280788177
            ]
        },
        "precision": {
            "macro": [
                0.40368593019794347,
                0.577531079934582,
                0.6220196573612722,
                0.596483731322441,
                0.6290637307554601,
                0.59140145568717,
                0.5760713809003547,
                0.5852594946671602
            ],
            "micro": [
                0.7083333333333334,
                0.7375,
                0.712707182320442,
                0.7189189189189189,
                0.7374301675977654,
                0.7164948453608248,
                0.7015706806282722,
                0.7128205128205128
            ]
        },