{
    "train": {
        "loss": [
            61.64507216215134,
            44.228789523243904,
            35.37822704017162,
            29.133035376667976,
            24.413249492645264,
            19.340885117650032,
            15.129294216632843,
            11.696342516690493
        ],
        "accuracy": {
            "macro": [
                0.796618918570138,
                0.8656039239730227,
                0.8941753525444514,
                0.9153280196198651,
                0.930472103004292,
                0.9447578172900061,
                0.9600858369098713,
                0.9689147762109135
            ],
            "micro": [
                0.7966189185701381,
                0.8656039239730227,
                0.8941753525444512,
                0.9153280196198651,
                0.9304721030042918,
                0.9447578172900062,
                0.9600858369098713,
                0.9689147762109136
            ]
        },
        "precision": {
            "macro": [
                0.3656266765772699,
                0.5351491616376401,
                0.6775231575253845,
                0.7088435456870474,
                0.7395624474876508,
                0.763463437848742,
                0.7917331474955246,
                0.8128250054927376
            ],
            "micro": [
                0.617233560090703,
                0.7661341853035144,
                0.8106060606060606,
                0.8470159708601849,
                0.8798103736754044,
                0.8999188531241548,
                0.9281708945260347,
                0.9497986577181208
            ]
        },
        "recall": {
            "macro": [
                0.18813523683548028,
                0.3996769620968961,
                0.507225518020076,
                0.5949350152095007,
                0.6472105277135377,
                0.7038700878105749,
                0.7500497709757641,
                0.7692143372800999
            ],
            "micro": [
                0.37094576178795313,
                0.6215655780196994,
                0.7210990150336962,
                0.7835666148263349,
                0.8177812337998963,
                0.8623639191290824,
                0.9009849663037843,
                0.9170554691550026
            ]
        },
        "f1": {
            "macro": [
                0.21444940041010255,
                0.43772708052830456,
                0.5480820420031668,
                0.6374281283733266,
                0.687543139874484,
                0.7313818788804699,
                0.7699161354235351,
                0.7901579827151639
            ],
            "micro": [
                0.463398025195778,
                0.6863194046937607,
                0.7632373113854596,
                0.8140568197118623,
                0.8476625470177324,
                0.8807412309728656,
                0.914375904248323,
                0.9331399182381643
            ]
        }
    },
    "val": {
        "loss": [
            12.011205494403839,
            10.70973701775074,
            10.216703683137894,
            10.922865435481071,
            10.519774004817009,
            11.003269597887993,
            11.948679849505424,
            12.634463027119637
        ],
        "accuracy": {
            "macro": [
                0.852501289324394,
                0.8677153171738011,
                0.8762248581743167,
                0.8708096957194431,
                0.8751933986591026,
                0.8790613718411552,
                0.8754512635379061,
                0.8710675605982464
            ],
            "micro": [
                0.8525012893243941,
                0.8677153171738009,
                0.8762248581743166,
                0.870809695719443,
                0.8751933986591026,
                0.8790613718411552,
                0.8754512635379061,
                0.8710675605982465
            ]
        },
        "precision": {
            "macro": [
                0.41858934919332785,
                0.5183551619976752,
                0.6065055949916198,
                0.6292029591008564,
                0.6019247931477418,
                0.6167982815813927,
                0.592606082786791,
                0.5799650928324968
            ],
            "micro": [
                0.7496251874062968,
                0.7284382284382285,
                0.7679697351828499,
                0.7893982808022922,
                0.758282208588957,
                0.7684729064039408,
                0.7430875576036866,
                0.7217962760131434
            ]
        },
        "recall": {
            "macro": [
                0.34022201446986094,
                0.472024245125329,
                0.4734136982044997,
                0.4492011127861349,
                0.5166146374587685,
                0.5149046010549215,
                0.5279039048916457,
                0.540152613786961
            ],
            "micro": [
                0.5524861878453039,
                0.6906077348066298,
                0.6729281767955801,
                0.6088397790055249,
                0.6828729281767956,
                0.6895027624309392,
                0.712707182320442,
                0.7281767955801105
            ]
        },
        "f1": {
            "macro": [
                0.3723091558037924,
                0.4851955680077162,
                0.5090118586440529,
                0.5101538219633547,
                0.5493446009654199,
                0.5557696914797784,
                0.5514545524795451,
                0.5537896354232777
            ],
            "micro": [
                0.6361323155216285,
                0.7090187180941577,
                0.7173144876325088,
                0.6874610106051156,
                0.7186046511627906,
                0.7268491555037856,
                0.7275803722504228,
                0.724972497249725
            ]
        }
    },
    "test": {
        "loss": [
            3.009213089942932,
            2.650844484567642,
            2.6575442999601364,
            2.517057329416275,
            2.434939444065094,
            2.4839512407779694,
            2.870610222220421,
            3.0146127343177795
        ],
        "accuracy": {
            "macro": [
                0.832512315270936,
                0.8608374384236454,
                0.8620689655172413,
                0.8719211822660099,
                0.8571428571428571,
                0.8731527093596059,
                0.8645320197044336,
                0.8657635467980296
            ],
            "micro": [
                0.8325123152709359,
                0.8608374384236454,
                0.8620689655172413,
                0.8719211822660099,
                0.8571428571428571,
                0.8731527093596059,
                0.8645320197044335,
                0.8657635467980296
            ]
        },
        "precision": {
            "macro": [
                0.4152818717759764,
                0.5277091180920521,
                0.6563852813852813,
                0.6933937508347672,
                0.5978431952491142,
                0.6432349553834774,
                0.6039742212674543,
                0.5915584585128489
            ],
            "micro": [
                0.7154471544715447,
                0.7159090909090909,
                0.7305389221556886,
                0.8057553956834532,
                0.7267080745341615,
                0.7621951219512195,
                0.7231638418079096,
                0.7127659574468085
            ]
        },