{
    "train": {
        "loss": [
            59.19498619437218,
            42.7407798320055,
            35.37191064655781,
            28.18797565996647,
            23.73527994006872,
            18.268968164920807,
            14.424812253564596,
            11.270453764125705
        ],
        "accuracy": {
            "macro": [
                0.8140599806514028,
                0.8686032971747257,
                0.891769320340749,
                0.9173254887540602,
                0.9317276460133603,
                0.9485812342955199,
                0.9599191027762456,
                0.9703376846233989
            ],
            "micro": [
                0.8140599806514027,
                0.8686032971747257,
                0.891769320340749,
                0.9173254887540602,
                0.9317276460133603,
                0.94858123429552,
                0.9599191027762456,
                0.9703376846233989
            ]
        },
        "precision": {
            "macro": [
                0.3985389660708151,
                0.5397633455919514,
                0.6613708599060988,
                0.703757149386455,
                0.7366280000814154,
                0.7679317176772155,
                0.788617702132013,
                0.8091085222149982
            ],
            "micro": [
                0.6763033175355451,
                0.767948717948718,
                0.8085490668272125,
                0.8509246088193456,
                0.8752777777777778,
                0.9079199780761853,
                0.9282231852654388,
                0.9461703267273701
            ]
        },
        "recall": {
            "macro": [
                0.20011328388969402,
                0.4074909172600056,
                0.5028478900296451,
                0.6013545165039025,
                0.6592600512011911,
                0.7104763573727878,
                0.7496050844006491,
                0.7791259112864368
            ],
            "micro": [
                0.39343810311552246,
                0.6278825995807128,
                0.7038784067085954,
                0.7838050314465409,
                0.825733752620545,
                0.8681865828092243,
                0.8980607966457023,
                0.92583857442348
            ]
        },
        "f1": {
            "macro": [
                0.22959809319431518,
                0.4466189267297444,
                0.5531256135600473,
                0.6436691886861704,
                0.6936652067346296,
                0.737381953514778,
                0.7683743770621302,
                0.793678546827986
            ],
            "micro": [
                0.497472546627157,
                0.6908881199538639,
                0.7525917623984308,
                0.815986904924294,
                0.8497842502696872,
                0.8876088412592097,
                0.912892914224827,
                0.9358940397350993
            ]
        }
    },
    "val": {
        "loss": [
            11.974344462156296,
            10.966651245951653,
            10.455180123448372,
            10.171663403511047,
            10.723641976714134,
            11.103151708841324,
            12.140473529696465,
            12.194598898291588
        ],
        "accuracy": {
            "macro": [
                0.858176181865151,
                0.8700594161715319,
                0.8749677086024283,
                0.8780676827693102,
                0.8757427021441487,
                0.8788426763110309,
                0.8767760268664428,
                0.8840092999225007
            ],
            "micro": [
                0.8581761818651511,
                0.8700594161715319,
                0.8749677086024283,
                0.8780676827693102,
                0.8757427021441488,
                0.8788426763110307,
                0.8767760268664427,
                0.8840092999225007
            ]
        },
        "precision": {
            "macro": [
                0.6003351340536215,
                0.6328655206117874,
                0.6289163299551243,
                0.6047010647896255,
                0.6183173163445274,
                0.602032504326372,
                0.603522818669524,
                0.6241457056529696
            ],
            "micro": [
                0.7996987951807228,
                0.8117977528089888,
                0.7854500616522812,
                0.7595628415300546,
                0.7754137115839244,
                0.7709750566893424,
                0.7468487394957983,
                0.7683189655172413
            ]
        },
        "recall": {
            "macro": [
                0.3405475121893033,
                0.4456979809819271,
                0.5201964853493795,
                0.5289701970763129,
                0.5225856298981527,
                0.5441520705763516,
                0.534542703686315,
                0.5546355936463326
            ],
            "micro": [
                0.5607180570221753,
                0.6103484688489969,
                0.672650475184794,
                0.73389651531151,
                0.6927138331573389,
                0.7180570221752904,
                0.750791974656811,
                0.7529039070749736
            ]
        },
        "f1": {
            "macro": [
                0.3826494988953853,
                0.5162166941823579,
                0.5612180485106238,
                0.5453720117479584,
                0.5615034921819871,
                0.5686732765536857,
                0.5507093614906464,
                0.5719783123276411
            ],
            "micro": [
                0.659217877094972,
                0.6968053044002411,
                0.7246871444823664,
                0.7465091299677765,
                0.7317345231455661,
                0.7435757244395844,
                0.7488151658767773,
                0.7605333333333334
            ]
        }
    },
    "test": {
        "loss": [
            2.943409100174904,
            2.653214707970619,
            2.620859533548355,
            2.69932621717453,
            2.7670726478099823,
            2.8441816717386246,
            3.130814850330353,
            3.281898319721222
        ],
        "accuracy": {
            "macro": [
                0.8399014778325123,
                0.8448275862068966,
                0.850985221674877,
                0.8596059113300492,
                0.8657635467980295,
                0.8596059113300493,
                0.8620689655172413,
                0.8694581280788177
            ],
            "micro": [
                0.8399014778325123,
                0.8448275862068966,
                0.8509852216748769,
                0.8596059113300493,
                0.8657635467980296,
                0.8596059113300493,
                0.8620689655172413,
                0.8694581280788177
            ]
        },
        "precision": {
            "macro": [
                0.39824112136936446,
                0.5851115600451932,
                0.5861173268005567,
                0.642547928262214,
                0.6218022756605164,
                0.6492853242853242,
                0.6305555555555555,
                0.615527174407133
            ],
            "micro": [
                0.7251908396946565,
                0.7266187050359713,
                0.7048192771084337,
                0.6984126984126984,
                0.7325581395348837,
                0.7167630057803468,
                0.6994818652849741,
                0.7150259067357513
            ]
        },