{
    "train": {
        "loss": [
            62.954218327999115,
            46.51657308638096,
            37.52131552994251,
            31.314083881676197,
            24.792819038033485,
            20.03885617107153,
            16.220001507550478,
            12.973647978156805
        ],
        "accuracy": {
            "macro": [
                0.787198348173958,
                0.8543225015328019,
                0.8877375843041079,
                0.9059472716125077,
                0.9297363580625383,
                0.9447578172900061,
                0.9548743102391172,
                0.9652360515021459
            ],
            "micro": [
                0.787198348173958,
                0.854322501532802,
                0.8877375843041079,
                0.9059472716125077,
                0.9297363580625383,
                0.9447578172900062,
                0.9548743102391171,
                0.965236051502146
            ]
        },
        "precision": {
            "macro": [
                0.2856758595971221,
                0.5258312688009598,
                0.6317886542093047,
                0.6885110391899661,
                0.7304284926481163,
                0.7599841478504068,
                0.7777941387862556,
                0.7948047655416189
            ],
            "micro": [
                0.5784355179704017,
                0.7491593813046402,
                0.8072143073658684,
                0.8342922899884925,
                0.8737596471885336,
                0.900352017330084,
                0.9182743837084673,
                0.9345128069712173
            ]
        },
        "recall": {
            "macro": [
                0.1743095024390943,
                0.36452478058532306,
                0.47844171806413455,
                0.5561884110094143,
                0.6492625187157252,
                0.7051734593745669,
                0.7383304618940273,
                0.7725959296847984
            ],
            "micro": [
                0.37285363859362225,
                0.5775012960082945,
                0.6902540176257128,
                0.751684810782789,
                0.8216692586832556,
                0.8618455158113012,
                0.8882840850181442,
                0.9173146708138932
            ]
        },
        "f1": {
            "macro": [
                0.1754746374984452,
                0.40742685327670886,
                0.5181529577836937,
                0.6014778837310245,
                0.684842960850933,
                0.7308801697765942,
                0.7572131905183237,
                0.7833992972983418
            ],
            "micro": [
                0.45343056015909844,
                0.652224824355972,
                0.7441665502305436,
                0.7908371966184892,
                0.846914239914507,
                0.8806780558866375,
                0.9030303030303031,
                0.9258338783518639
            ]
        }
    },
    "val": {
        "loss": [
            13.178420692682266,
            10.878779754042625,
            10.40218710899353,
            10.868926867842674,
            10.84082916378975,
            12.098589554429054,
            12.883611559867859,
            12.692970588803291
        ],
        "accuracy": {
            "macro": [
                0.8434760185662712,
                0.8633316142341413,
                0.8736462093862816,
                0.870809695719443,
                0.8702939659618361,
                0.8623001547189272,
                0.8653945332645694,
                0.8777720474471378
            ],
            "micro": [
                0.8434760185662713,
                0.8633316142341413,
                0.8736462093862816,
                0.870809695719443,
                0.870293965961836,
                0.8623001547189273,
                0.8653945332645694,
                0.8777720474471377
            ]
        },
        "precision": {
            "macro": [
                0.4284784086222272,
                0.4953053226488014,
                0.5888638218161147,
                0.5520563795005474,
                0.5497262718092173,
                0.5278925014859525,
                0.5495656553703386,
                0.5717781118943324
            ],
            "micro": [
                0.7271341463414634,
                0.72294887039239,
                0.7444051825677267,
                0.7190889370932755,
                0.7111344537815126,
                0.6820412168792934,
                0.696813977389517,
                0.7275607180570222
            ]
        },
        "recall": {
            "macro": [
                0.29619859307359303,
                0.4733036426293005,
                0.4959139064032995,
                0.5507090938733662,
                0.5850746198171681,
                0.5890755268272724,
                0.5933074584071496,
                0.563620634087538
            ],
            "micro": [
                0.5270718232044199,
                0.6718232044198895,
                0.6983425414364641,
                0.7325966850828729,
                0.7480662983425415,
                0.7679558011049724,
                0.7491712707182321,
                0.7613259668508288
            ]
        },
        "f1": {
            "macro": [
                0.3225080843715889,
                0.48154984481831015,
                0.524300209415479,
                0.5481894269494393,
                0.5643025592132339,
                0.550044146814579,
                0.5623306800978508,
                0.564317142652264
            ],
            "micro": [
                0.6111467008327994,
                0.6964490263459335,
                0.7206385404789054,
                0.7257799671592775,
                0.7291330102315562,
                0.7224532224532224,
                0.7220447284345048,
                0.7440604751619871
            ]
        }
    },
    "test": {
        "loss": [
            3.1912681460380554,
            2.669562727212906,
            2.5634800791740417,
            2.643330216407776,
            2.673624813556671,
            3.1618359088897705,
            3.013108968734741,
            3.179275155067444
        ],
        "accuracy": {
            "macro": [
                0.83128078817734,
                0.8546798029556651,
                0.8669950738916257,
                0.8706896551724137,
                0.8645320197044335,
                0.8596059113300493,
                0.8719211822660098,
                0.8669950738916257
            ],
            "micro": [
                0.8312807881773399,
                0.854679802955665,
                0.8669950738916257,
                0.8706896551724138,
                0.8645320197044335,
                0.8596059113300493,
                0.8719211822660099,
                0.8669950738916257
            ]
        },
        "precision": {
            "macro": [
                0.432771251736769,
                0.503535627144411,
                0.607586756221476,
                0.5904513565933727,
                0.5644350247746496,
                0.5781091187669717,
                0.5817409768950206,
                0.5840311777306162
            ],
            "micro": [
                0.7,
                0.7076023391812866,
                0.7213114754098361,
                0.7058823529411765,
                0.700507614213198,
                0.6847290640394089,
                0.7033492822966507,
                0.7055837563451777
            ]
        },