{
    "train": {
        "loss": [
            65.99564123153687,
            46.31300240755081,
            37.43197609484196,
            30.134218901395798,
            24.284153200685978,
            19.00472068041563,
            14.94545216485858,
            12.396909110248089
        ],
        "accuracy": {
            "macro": [
                0.7723960012899065,
                0.8535882821597107,
                0.8871116013973157,
                0.912422626708341,
                0.9320953606667892,
                0.9485812342955199,
                0.960348103205246,
                0.966966966966967
            ],
            "micro": [
                0.7723960012899065,
                0.8535882821597107,
                0.8871116013973157,
                0.912422626708341,
                0.9320953606667892,
                0.94858123429552,
                0.9603481032052461,
                0.9669669669669669
            ]
        },
        "precision": {
            "macro": [
                0.3563867928417512,
                0.5196645773630639,
                0.6550192104418964,
                0.7060308850332696,
                0.7353299993140661,
                0.7745505887248993,
                0.7926664938922405,
                0.8043492334569858
            ],
            "micro": [
                0.5216431095406361,
                0.7414551607445008,
                0.7960407918416317,
                0.8476551121468103,
                0.8723872387238724,
                0.9119845004151674,
                0.9285907492561536,
                0.9377504675394069
            ]
        },
        "recall": {
            "macro": [
                0.15450737076269033,
                0.3522943960706196,
                0.4817461411209372,
                0.5732958005128844,
                0.6610689781949682,
                0.7100865515483161,
                0.7510324420164641,
                0.7743703724894796
            ],
            "micro": [
                0.32561345464571273,
                0.57416142557652,
                0.6954926624737946,
                0.7625786163522013,
                0.8312368972746331,
                0.8634696016771488,
                0.8996331236897275,
                0.9198113207547169
            ]
        },
        "f1": {
            "macro": [
                0.16274886466384708,
                0.3836994952566112,
                0.5204661525476374,
                0.6238990781753808,
                0.6936586478472702,
                0.740098118918298,
                0.7709840412507847,
                0.7887990434610826
            ],
            "micro": [
                0.4009506026141572,
                0.6471717619258603,
                0.7423776223776225,
                0.8028693612912127,
                0.8513150831991412,
                0.8870642078341634,
                0.9138826034872888,
                0.9286942717290648
            ]
        }
    },
    "val": {
        "loss": [
            12.874586313962936,
            10.827761366963387,
            10.249233454465866,
            10.272232457995415,
            11.37100251019001,
            11.146255746483803,
            11.79722972214222,
            12.176792114973068
        ],
        "accuracy": {
            "macro": [
                0.8390596745027123,
                0.8656677861017824,
                0.8734177215189874,
                0.8778093515887369,
                0.8672177731852234,
                0.8780676827693102,
                0.8796176698527512,
                0.8834926375613537
            ],
            "micro": [
                0.8390596745027125,
                0.8656677861017825,
                0.8734177215189873,
                0.8778093515887367,
                0.8672177731852234,
                0.8780676827693102,
                0.8796176698527512,
                0.8834926375613537
            ]
        },
        "precision": {
            "macro": [
                0.45488794992209547,
                0.5444322610105629,
                0.667884223359464,
                0.5960784247921449,
                0.5982528102880824,
                0.5974226824829575,
                0.5944592107538388,
                0.6277985066570807
            ],
            "micro": [
                0.7755102040816326,
                0.7928669410150891,
                0.8195804195804196,
                0.7448347107438017,
                0.7702871410736579,
                0.7551020408163265,
                0.7436676798378926,
                0.7952380952380952
            ]
        },
        "recall": {
            "macro": [
                0.25935420301091944,
                0.39767251819490623,
                0.40841314219089975,
                0.572731478164678,
                0.5152087052614901,
                0.5498200930445196,
                0.596534595829281,
                0.5196424641774114
            ],
            "micro": [
                0.4815205913410771,
                0.6103484688489969,
                0.6187961985216474,
                0.7613516367476241,
                0.6515311510031679,
                0.7423442449841605,
                0.7750791974656811,
                0.7053854276663146
            ]
        },
        "f1": {
            "macro": [
                0.30451861800746943,
                0.4402338721833095,
                0.4809158436888584,
                0.5738770661464716,
                0.55124224892224,
                0.5666434866149632,
                0.5906217665745527,
                0.5611040607269674
            ],
            "micro": [
                0.5941368078175896,
                0.6897374701670644,
                0.7051744885679905,
                0.7530026109660574,
                0.7059496567505722,
                0.7486687965921193,
                0.7590486039296794,
                0.7476217123670956
            ]
        }
    },
    "test": {
        "loss": [
            3.070136159658432,
            2.547636240720749,
            2.5531931817531586,
            2.5723129361867905,
            2.292636200785637,
            2.9292840659618378,
            2.717584550380707,
            3.048416256904602
        ],
        "accuracy": {
            "macro": [
                0.8214285714285714,
                0.8682266009852216,
                0.855911330049261,
                0.8706896551724138,
                0.8830049261083744,
                0.8694581280788177,
                0.8719211822660098,
                0.8620689655172413
            ],
            "micro": [
                0.8214285714285714,
                0.8682266009852216,
                0.8559113300492611,
                0.8706896551724138,
                0.8830049261083743,
                0.8694581280788177,
                0.8719211822660099,
                0.8620689655172413
            ]
        },
        "precision": {
            "macro": [
                0.41507936507936505,
                0.5670862560819657,
                0.6870054688542082,
                0.6444862155388471,
                0.6987822898874111,
                0.6217697646269075,
                0.6187641723356009,
                0.6132814553867185
            ],
            "micro": [
                0.6746031746031746,
                0.7733333333333333,
                0.725,
                0.7079207920792079,
                0.8012820512820513,
                0.7292817679558011,
                0.7135678391959799,
                0.727810650887574
            ]
        },