{
    "train": {
        "loss": [
            78.21566274762154,
            63.74539449810982,
            58.86956626176834,
            51.18780970573425,
            44.7392490953207,
            38.46542249619961,
            33.746730253100395,
            29.225636087357998
        ],
        "accuracy": {
            "macro": [
                0.7301587301587302,
                0.7874923359901901,
                0.8027590435315758,
                0.8413856529736358,
                0.8696505211526669,
                0.8889025137952176,
                0.9020846106683015,
                0.9163703249540159
            ],
            "micro": [
                0.7301587301587301,
                0.7874923359901901,
                0.8027590435315757,
                0.8413856529736358,
                0.869650521152667,
                0.8889025137952177,
                0.9020846106683017,
                0.9163703249540159
            ]
        },
        "precision": {
            "macro": [
                0.21342398759700806,
                0.08333333333333334,
                0.2761645563180068,
                0.41140435920199164,
                0.43452955142350075,
                0.5780394005771322,
                0.6010960950183135,
                0.7512623402717221
            ],
            "micro": [
                0.41929441148922886,
                0.5833333333333334,
                0.6540880503144654,
                0.7553405884723902,
                0.7805194805194805,
                0.8105231143552312,
                0.8337769890564921,
                0.8575531303848363
            ]
        },
        "recall": {
            "macro": [
                0.1931922968789304,
                0.14275202354672553,
                0.15399388567848835,
                0.2796483778585056,
                0.3850621753753699,
                0.4379117530136318,
                0.4790877042879667,
                0.5319884369127078
            ],
            "micro": [
                0.3664392905866303,
                0.35236118318629994,
                0.35080435910742086,
                0.4862480539699014,
                0.6237675142708874,
                0.6914893617021277,
                0.7314478463933576,
                0.7747794499221587
            ]
        },
        "f1": {
            "macro": [
                0.18404245379410739,
                0.10523460808245187,
                0.1483361709528145,
                0.30442126351008225,
                0.4021396617660705,
                0.44941279681582774,
                0.4974698908389919,
                0.5579157870965521
            ],
            "micro": [
                0.39108910891089105,
                0.4393400194111938,
                0.45667961492991044,
                0.5916337805840568,
                0.6933948658782809,
                0.7462895547465696,
                0.7792674498963372,
                0.8140676117775354
            ]
        }
    },
    "val": {
        "loss": [
            16.40463849902153,
            15.701789200305939,
            13.949743449687958,
            12.488199412822723,
            11.888524055480957,
            11.581213921308517,
            11.549906015396118,
            11.395432382822037
        ],
        "accuracy": {
            "macro": [
                0.7851985559566786,
                0.7851985559566786,
                0.8212996389891697,
                0.8457968024755029,
                0.8543063434760185,
                0.8584321815368747,
                0.8592057761732852,
                0.8610108303249098
            ],
            "micro": [
                0.7851985559566786,
                0.7851985559566786,
                0.8212996389891697,
                0.8457968024755028,
                0.8543063434760185,
                0.8584321815368747,
                0.8592057761732852,
                0.8610108303249098
            ]
        },
        "precision": {
            "macro": [
                0.0812274368231047,
                0.0812274368231047,
                0.34194711538461536,
                0.4262377263356686,
                0.39261360596881456,
                0.5141878598125599,
                0.4914430804548075,
                0.5105907356239925
            ],
            "micro": [
                0.5685920577617328,
                0.5685920577617328,
                0.8253012048192772,
                0.748006379585327,
                0.7033096926713948,
                0.715311004784689,
                0.7027932960893855,
                0.7408854166666666
            ]
        },
        "recall": {
            "macro": [
                0.14285714285714285,
                0.14285714285714285,
                0.15291385272486194,
                0.3151131645079818,
                0.41596493230054,
                0.44127091209449315,
                0.4670853023423557,
                0.42762173964782974
            ],
            "micro": [
                0.3465346534653465,
                0.3465346534653465,
                0.30143014301430143,
                0.5159515951595159,
                0.6545654565456546,
                0.6578657865786579,
                0.6919691969196919,
                0.6259625962596259
            ]
        },
        "f1": {
            "macro": [
                0.10356731875719216,
                0.10356731875719216,
                0.19548827615877098,
                0.337888756060514,
                0.40197224396230796,
                0.43790445305111975,
                0.4704846421626317,
                0.46213576340090573
            ],
            "micro": [
                0.43062200956937796,
                0.43062200956937796,
                0.4415793714746173,
                0.6106770833333333,
                0.6780626780626781,
                0.6853868194842407,
                0.6973392461197339,
                0.678592725104353
            ]
        }
    },
    "test": {
        "loss": [
            3.8506520688533783,
            3.708375632762909,
            3.4462421536445618,
            3.1043930053710938,
            2.997254729270935,
            3.083278924226761,
            3.160408705472946,
            3.040288031101227
        ],
        "accuracy": {
            "macro": [
                0.7795566502463054,
                0.7795566502463054,
                0.8004926108374384,
                0.8300492610837439,
                0.8435960591133005,
                0.8337438423645321,
                0.8546798029556651,
                0.852216748768473
            ],
            "micro": [
                0.7795566502463054,
                0.7795566502463054,
                0.8004926108374384,
                0.8300492610837439,
                0.8435960591133005,
                0.833743842364532,
                0.854679802955665,
                0.8522167487684729
            ]
        },
        "precision": {
            "macro": [
                0.07758620689655173,
                0.07758620689655173,
                0.302301346070343,
                0.40957153279776615,
                0.38835983015700604,
                0.5157974300831444,
                0.5056414703473526,
                0.5229500032131611
            ],
            "micro": [
                0.5431034482758621,
                0.5431034482758621,
                0.7288135593220338,
                0.6976744186046512,
                0.6845238095238095,
                0.6607142857142857,
                0.6839378238341969,
                0.7142857142857143
            ]
        },