{
    "train": {
        "loss": [
            60.312957018613815,
            42.68258608877659,
            34.67558579146862,
            29.091169223189354,
            24.260970190167427,
            18.489198859781027,
            14.914588645100594,
            12.319059610366821
        ],
        "accuracy": {
            "macro": [
                0.7970060652987482,
                0.8713059472716124,
                0.8979767014101779,
                0.913733905579399,
                0.9293684855916615,
                0.9502145922746782,
                0.9598405885959534,
                0.9663396689147762
            ],
            "micro": [
                0.7970060652987482,
                0.8713059472716125,
                0.8979767014101778,
                0.9137339055793992,
                0.9293684855916615,
                0.9502145922746781,
                0.9598405885959534,
                0.9663396689147762
            ]
        },
        "precision": {
            "macro": [
                0.3931136264455685,
                0.6428990001492885,
                0.6749822984298991,
                0.7061116313340119,
                0.7347733861257709,
                0.7792900175582217,
                0.7940458741128149,
                0.8092934548182298
            ],
            "micro": [
                0.612861458782909,
                0.7640348243770639,
                0.8213239601640304,
                0.8420318169132013,
                0.8682634730538922,
                0.9078735940010713,
                0.9313223808241314,
                0.9424979941160738
            ]
        },
        "recall": {
            "macro": [
                0.19397556743705152,
                0.4378523717449885,
                0.5184105833408766,
                0.6010519581213263,
                0.6592043250485412,
                0.7319877845511066,
                0.7486519896042321,
                0.7669980531415316
            ],
            "micro": [
                0.38702643772145,
                0.65966822187662,
                0.7268014515292898,
                0.7820114048729911,
                0.8268532918610679,
                0.8786936236391913,
                0.8963193364437533,
                0.9134266459305339
            ]
        },
        "f1": {
            "macro": [
                0.2214797157788861,
                0.47404767977979245,
                0.5635260357860532,
                0.642618719514025,
                0.6924623244305156,
                0.754337827540818,
                0.7703320586109166,
                0.787210918676091
            ],
            "micro": [
                0.4744403608419646,
                0.7080261510641257,
                0.7711771177117712,
                0.8109125117591721,
                0.847052575677111,
                0.8930453108535301,
                0.9134856690001322,
                0.9277346320916152
            ]
        }
    },
    "val": {
        "loss": [
            11.900982841849327,
            10.497028678655624,
            10.668025314807892,
            10.760114520788193,
            10.677322417497635,
            11.791901096701622,
            11.874394968152046,
            12.585190877318382
        ],
        "accuracy": {
            "macro": [
                0.85146982980918,
                0.872356884992264,
                0.8664259927797835,
                0.8720990201134605,
                0.8715832903558536,
                0.8710675605982464,
                0.871841155234657,
                0.8772563176895307
            ],
            "micro": [
                0.85146982980918,
                0.872356884992264,
                0.8664259927797834,
                0.8720990201134605,
                0.8715832903558536,
                0.8710675605982465,
                0.871841155234657,
                0.8772563176895307
            ]
        },
        "precision": {
            "macro": [
                0.5096924527630275,
                0.5280081134328857,
                0.6003340262940852,
                0.5887272950417282,
                0.5673461948320658,
                0.597053367931415,
                0.6045636521809445,
                0.6029503114368702
            ],
            "micro": [
                0.6942148760330579,
                0.7549751243781094,
                0.7334137515078407,
                0.7177848775292864,
                0.7299435028248588,
                0.7379553466509988,
                0.753731343283582,
                0.7593712212817413
            ]
        },
        "recall": {
            "macro": [
                0.4109942628575988,
                0.4562493455478168,
                0.4769917027479826,
                0.5370199106189592,
                0.5643920029142117,
                0.5119241636347699,
                0.5001282962550675,
                0.5301391058119203
            ],
            "micro": [
                0.6497237569060773,
                0.6707182320441989,
                0.6718232044198895,
                0.7447513812154696,
                0.7138121546961326,
                0.6939226519337016,
                0.6696132596685083,
                0.6939226519337016
            ]
        },
        "f1": {
            "macro": [
                0.4225121995851753,
                0.48459147513993545,
                0.512245145283645,
                0.5411886501369157,
                0.5653917858531817,
                0.5435133631456506,
                0.5404351042906043,
                0.5610465735958683
            ],
            "micro": [
                0.6712328767123288,
                0.7103569338794615,
                0.7012687427912341,
                0.7310195227765727,
                0.7217877094972066,
                0.715261958997722,
                0.7091866588648333,
                0.7251732101616627
            ]
        }
    },
    "test": {
        "loss": [
            2.9054466784000397,
            2.6619240194559097,
            2.5790528804063797,
            2.8721373677253723,
            2.632594019174576,
            3.0289743542671204,
            3.058534950017929,
            3.0964023172855377
        ],
        "accuracy": {
            "macro": [
                0.8435960591133006,
                0.8596059113300493,
                0.8620689655172413,
                0.8571428571428571,
                0.8669950738916257,
                0.8682266009852216,
                0.8608374384236454,
                0.8706896551724138
            ],
            "micro": [
                0.8435960591133005,
                0.8596059113300493,
                0.8620689655172413,
                0.8571428571428571,
                0.8669950738916257,
                0.8682266009852216,
                0.8608374384236454,
                0.8706896551724138
            ]
        },
        "precision": {
            "macro": [
                0.5542869586859134,
                0.5407720202714558,
                0.6386350896466247,
                0.6246446681487773,
                0.6356088867609605,
                0.6426479251291282,
                0.6090677067330089,
                0.6312358276643991
            ],
            "micro": [
                0.6823529411764706,
                0.7272727272727273,
                0.712707182320442,
                0.6871794871794872,
                0.7341040462427746,
                0.7469879518072289,
                0.740506329113924,
                0.75
            ]
        },