{
    "train": {
        "loss": [
            62.14248377084732,
            44.59673185646534,
            36.30194932222366,
            29.20937742292881,
            23.595135234296322,
            18.611883103847504,
            14.416832864284515,
            11.526688158512115
        ],
        "accuracy": {
            "macro": [
                0.7942960381984773,
                0.8618025751072961,
                0.8897608828939302,
                0.9150214592274678,
                0.933292458614347,
                0.9479460453709381,
                0.9616186388718578,
                0.9693439607602697
            ],
            "micro": [
                0.7942960381984773,
                0.8618025751072962,
                0.8897608828939301,
                0.9150214592274678,
                0.9332924586143471,
                0.9479460453709381,
                0.9616186388718577,
                0.9693439607602697
            ]
        },
        "precision": {
            "macro": [
                0.4007744230969128,
                0.5384491364986435,
                0.6611562589890827,
                0.7228178649949488,
                0.7429753735415677,
                0.7706271155913736,
                0.8019059125683322,
                0.8043958047263342
            ],
            "micro": [
                0.6306355241716458,
                0.7614080834419817,
                0.8002915451895044,
                0.8435241801000556,
                0.878208629164391,
                0.9078341013824884,
                0.935814455231931,
                0.9409138655462185
            ]
        },
        "recall": {
            "macro": [
                0.14310783122834295,
                0.37922066434928503,
                0.49824855270816776,
                0.5968547666017459,
                0.6671647354222612,
                0.7136860137212493,
                0.7480205389396648,
                0.7838633208095741
            ],
            "micro": [
                0.31643499591169255,
                0.6054950751684811,
                0.7115085536547434,
                0.7866770347330223,
                0.833592534992224,
                0.868066355624676,
                0.8994297563504406,
                0.9287195438050804
            ]
        },
        "f1": {
            "macro": [
                0.15534914638546105,
                0.4151288126268938,
                0.5365592263513095,
                0.6399443443298212,
                0.7003836824924552,
                0.7404379791852528,
                0.7734356194551599,
                0.7938656818415369
            ],
            "micro": [
                0.42141560798548094,
                0.6745596303782848,
                0.7532930845225027,
                0.8141094420600858,
                0.8553191489361702,
                0.8875049688617993,
                0.9172614327253503,
                0.9347769371249673
            ]
        }
    },
    "val": {
        "loss": [
            12.758753508329391,
            11.161324307322502,
            10.25090491771698,
            10.141876131296158,
            10.912672623991966,
            11.496480837464333,
            12.507131814956665,
            12.61782306432724
        ],
        "accuracy": {
            "macro": [
                0.8383187209902011,
                0.8638473439917485,
                0.8736462093862816,
                0.8780299123259413,
                0.8679731820526044,
                0.8661681279009799,
                0.8628158844765343,
                0.8692625064466221
            ],
            "micro": [
                0.8383187209902011,
                0.8638473439917483,
                0.8736462093862816,
                0.8780299123259412,
                0.8679731820526044,
                0.8661681279009799,
                0.8628158844765343,
                0.869262506446622
            ]
        },
        "precision": {
            "macro": [
                0.40794431552702193,
                0.4941989908289227,
                0.6029465521090023,
                0.6000202926194957,
                0.5680778282871358,
                0.5530182332193728,
                0.5362594422616841,
                0.5690114969529478
            ],
            "micro": [
                0.6930555555555555,
                0.718931475029036,
                0.7360637087599545,
                0.7627737226277372,
                0.7215332581736189,
                0.7188208616780045,
                0.6908904810644831,
                0.7191629955947136
            ]
        },
        "recall": {
            "macro": [
                0.3258013474957565,
                0.46927709393245465,
                0.5042160700045406,
                0.5271418381187994,
                0.5274061668802029,
                0.5350520856655435,
                0.5826110473593902,
                0.5540331894549312
            ],
            "micro": [
                0.5513812154696133,
                0.6839779005524862,
                0.7149171270718232,
                0.6928176795580111,
                0.7071823204419889,
                0.7005524861878453,
                0.7458563535911602,
                0.7215469613259669
            ]
        },
        "f1": {
            "macro": [
                0.34075592240293345,
                0.47413260207323965,
                0.5295229468418559,
                0.5582871775885746,
                0.5390414624988671,
                0.5410667939600969,
                0.5568607057591428,
                0.5531311524378237
            ],
            "micro": [
                0.6141538461538462,
                0.7010192525481315,
                0.7253363228699551,
                0.7261146496815286,
                0.7142857142857142,
                0.7095691102406267,
                0.7173219978746015,
                0.7203530060672918
            ]
        }
    },
    "test": {
        "loss": [
            3.0688105523586273,
            2.7331640422344208,
            2.552968367934227,
            2.5062902122735977,
            2.8779254108667374,
            2.5262795984745026,
            3.021528720855713,
            3.086199849843979
        ],
        "accuracy": {
            "macro": [
                0.8362068965517241,
                0.8633004926108374,
                0.8657635467980295,
                0.8719211822660099,
                0.8669950738916256,
                0.8706896551724138,
                0.8694581280788177,
                0.8682266009852216
            ],
            "micro": [
                0.8362068965517241,
                0.8633004926108374,
                0.8657635467980296,
                0.8719211822660099,
                0.8669950738916257,
                0.8706896551724138,
                0.8694581280788177,
                0.8682266009852216
            ]
        },
        "precision": {
            "macro": [
                0.39792725055882944,
                0.5206564994693011,
                0.6653202132406472,
                0.6394362261357335,
                0.6094286665715237,
                0.6191718995290424,
                0.5948563562853704,
                0.5955765213894553
            ],
            "micro": [
                0.6917808219178082,
                0.7074468085106383,
                0.7105263157894737,
                0.7348066298342542,
                0.7120418848167539,
                0.723404255319149,
                0.7044334975369458,
                0.7204301075268817
            ]
        },