{
    "train": {
        "loss": [
            66.06920716166496,
            46.16039665043354,
            36.2489717900753,
            29.24447511136532,
            22.944085739552975,
            17.788113068789244,
            14.084990866482258,
            11.270036119967699
        ],
        "accuracy": {
            "macro": [
                0.7730029681249194,
                0.8575107296137338,
                0.893868792152054,
                0.9149601471489884,
                0.9361128142244022,
                0.9529123237277745,
                0.9624156958920908,
                0.9694665849172288
            ],
            "micro": [
                0.7730029681249193,
                0.8575107296137339,
                0.893868792152054,
                0.9149601471489883,
                0.9361128142244022,
                0.9529123237277743,
                0.9624156958920908,
                0.9694665849172287
            ]
        },
        "precision": {
            "macro": [
                0.3279420234753621,
                0.5330110214326972,
                0.653189964681566,
                0.7113381810779221,
                0.7488225972537962,
                0.7800138370794417,
                0.8010543986732893,
                0.8092447000190081
            ],
            "micro": [
                0.5278514588859416,
                0.7521423862887278,
                0.8113816368436492,
                0.8452280996361601,
                0.8864760857614074,
                0.9152314316469322,
                0.9336366069039337,
                0.9458023379383634
            ]
        },
        "recall": {
            "macro": [
                0.17558367182773732,
                0.3692515201443101,
                0.5031382789350719,
                0.5908361581130327,
                0.6728834659397026,
                0.7269344126460628,
                0.7585513243905553,
                0.7796434436956906
            ],
            "micro": [
                0.3800818553888131,
                0.5921120913336793,
                0.7176959003632589,
                0.783601453035807,
                0.8367929423975091,
                0.8824597820446289,
                0.9052932018681888,
                0.9237156201349248
            ]
        },
        "f1": {
            "macro": [
                0.16756437861706086,
                0.4062909810409675,
                0.5448763146122629,
                0.6343527844129788,
                0.7071008568968452,
                0.7517630823310278,
                0.7788390683745153,
                0.7940393030818437
            ],
            "micro": [
                0.44194162436548223,
                0.6626016260162602,
                0.7616687319289549,
                0.813248956510031,
                0.8609183128670582,
                0.8985468956406869,
                0.9192464760901067,
                0.9346285114203202
            ]
        }
    },
    "val": {
        "loss": [
            12.660275876522064,
            10.381887897849083,
            10.07241639494896,
            10.316958501935005,
            10.210100680589676,
            10.89644305408001,
            12.39485427737236,
            12.48252548277378
        ],
        "accuracy": {
            "macro": [
                0.8476018566271275,
                0.8749355337802991,
                0.8751933986591026,
                0.8767405879319237,
                0.8793192367199588,
                0.8780299123259413,
                0.8695203713254254,
                0.8739040742650851
            ],
            "micro": [
                0.8476018566271274,
                0.8749355337802991,
                0.8751933986591026,
                0.8767405879319237,
                0.8793192367199587,
                0.8780299123259412,
                0.8695203713254255,
                0.8739040742650851
            ]
        },
        "precision": {
            "macro": [
                0.4403640227273278,
                0.5351086692657618,
                0.6133837863216335,
                0.6095352812088473,
                0.6034766109993347,
                0.5876895331526121,
                0.573540334756119,
                0.5683506804831258
            ],
            "micro": [
                0.7870036101083032,
                0.7683544303797468,
                0.7468060394889663,
                0.7544273907910272,
                0.7591069330199764,
                0.7477272727272727,
                0.7256438969764838,
                0.7238805970149254
            ]
        },
        "recall": {
            "macro": [
                0.279892281818614,
                0.4537644723590448,
                0.49096622181206273,
                0.5545132338860325,
                0.5511876118486548,
                0.5477931685220065,
                0.5491662048835472,
                0.580536483642641
            ],
            "micro": [
                0.47964796479647964,
                0.6677667766776678,
                0.7073707370737073,
                0.7029702970297029,
                0.7106710671067107,
                0.7238723872387238,
                0.7128712871287128,
                0.746974697469747
            ]
        },
        "f1": {
            "macro": [
                0.3266406665421444,
                0.48513658751405486,
                0.5166996578729851,
                0.5691464416009797,
                0.5736056027464954,
                0.5654672255636187,
                0.5560279472192827,
                0.5727642257868836
            ],
            "micro": [
                0.5960355434039645,
                0.7145379635079459,
                0.7265536723163841,
                0.7277904328018223,
                0.734090909090909,
                0.7356064840693125,
                0.7192008879023307,
                0.7352463454250134
            ]
        }
    },
    "test": {
        "loss": [
            3.0256493389606476,
            2.5716613233089447,
            2.469409540295601,
            2.4283174723386765,
            2.3318969309329987,
            2.5452592968940735,
            2.8243263363838196,
            2.8565905392169952
        ],
        "accuracy": {
            "macro": [
                0.8238916256157636,
                0.8657635467980296,
                0.874384236453202,
                0.8645320197044335,
                0.8805418719211823,
                0.8854679802955666,
                0.8780788177339901,
                0.8768472906403941
            ],
            "micro": [
                0.8238916256157636,
                0.8657635467980296,
                0.874384236453202,
                0.8645320197044335,
                0.8805418719211823,
                0.8854679802955665,
                0.8780788177339901,
                0.8768472906403941
            ]
        },
        "precision": {
            "macro": [
                0.42056439800800705,
                0.5582726423902894,
                0.7252920680467309,
                0.6460184073629451,
                0.6424976673308153,
                0.675366089796041,
                0.669349962207105,
                0.6516789206628959
            ],
            "micro": [
                0.7211538461538461,
                0.7531645569620253,
                0.7457627118644068,
                0.7365269461077845,
                0.764367816091954,
                0.7727272727272727,
                0.7528089887640449,
                0.7458563535911602
            ]
        },