{
    "train": {
        "loss": [
            64.29359847307205,
            44.03150103986263,
            34.146740809082985,
            27.87605468928814,
            22.12878404557705,
            17.696981627494097,
            13.503424927592278,
            10.381333813071251
        ],
        "accuracy": {
            "macro": [
                0.7767816833279587,
                0.8651100079671508,
                0.8994913280627567,
                0.9170803456517742,
                0.9376110804682233,
                0.9514003799718085,
                0.963351106208249,
                0.9715021143592573
            ],
            "micro": [
                0.7767816833279587,
                0.8651100079671509,
                0.8994913280627567,
                0.9170803456517742,
                0.9376110804682233,
                0.9514003799718086,
                0.963351106208249,
                0.9715021143592573
            ]
        },
        "precision": {
            "macro": [
                0.3214118620923586,
                0.5320052744066237,
                0.6989565602680627,
                0.6977091268760237,
                0.7518587733658016,
                0.7733399359985688,
                0.7928185957960434,
                0.8136782823678568
            ],
            "micro": [
                0.5367515238436715,
                0.763375796178344,
                0.8214804063860668,
                0.8453892876863611,
                0.8883109772789488,
                0.9117805271651426,
                0.9341508930951746,
                0.9491255961844197
            ]
        },
        "recall": {
            "macro": [
                0.21365763812154734,
                0.39969957481708723,
                0.5152066704727286,
                0.6000126880180607,
                0.6680175942769413,
                0.7170250407178472,
                0.7596510963401116,
                0.781844474209992
            ],
            "micro": [
                0.4083469721767594,
                0.6217898832684825,
                0.7341115434500648,
                0.7942931258106355,
                0.8417639429312581,
                0.8793774319066148,
                0.9089494163424124,
                0.9291828793774319
            ]
        },
        "f1": {
            "macro": [
                0.2244579590946382,
                0.43988121619956283,
                0.5468391154093312,
                0.636060548019964,
                0.7039357682074032,
                0.7428718662402093,
                0.775681278312757,
                0.7971735678140682
            ],
            "micro": [
                0.4638264910921766,
                0.6853466761972837,
                0.7753424657534246,
                0.8190450715527617,
                0.864411294619073,
                0.8952858840617985,
                0.9213778595845385,
                0.9390483680692095
            ]
        }
    },
    "val": {
        "loss": [
            12.150010421872139,
            10.41410580277443,
            10.526871278882027,
            10.189712300896645,
            10.241228438913822,
            11.009276673197746,
            11.88072356581688,
            12.610464498400688
        ],
        "accuracy": {
            "macro": [
                0.8506845776285197,
                0.8762593645052957,
                0.8721260656161199,
                0.8788426763110309,
                0.8902092482562647,
                0.8860759493670886,
                0.8775510204081634,
                0.8775510204081632
            ],
            "micro": [
                0.8506845776285198,
                0.8762593645052957,
                0.8721260656161198,
                0.8788426763110307,
                0.8902092482562646,
                0.8860759493670886,
                0.8775510204081632,
                0.8775510204081632
            ]
        },
        "precision": {
            "macro": [
                0.4521093825074142,
                0.5517978040434702,
                0.6384916717059949,
                0.651176670826339,
                0.659937709641022,
                0.6488017294225771,
                0.6116633947492891,
                0.5985683909191206
            ],
            "micro": [
                0.7619047619047619,
                0.7575030012004802,
                0.7296996662958843,
                0.7480225988700565,
                0.7837837837837838,
                0.7900621118012422,
                0.7379385964912281,
                0.7427293064876958
            ]
        },
        "recall": {
            "macro": [
                0.3074948328759587,
                0.46515667212424744,
                0.527545125317752,
                0.5238684288328371,
                0.5593386447205424,
                0.5385913981248348,
                0.5735020562146415,
                0.5858079947225922
            ],
            "micro": [
                0.5286343612334802,
                0.6949339207048458,
                0.7224669603524229,
                0.7290748898678414,
                0.7345814977973568,
                0.7004405286343612,
                0.7411894273127754,
                0.7312775330396476
            ]
        },
        "f1": {
            "macro": [
                0.346053606388261,
                0.490383037286361,
                0.5430530247557209,
                0.5533794434306597,
                0.594843466597548,
                0.5829358672791056,
                0.5858273015383351,
                0.5912426303856667
            ],
            "micro": [
                0.624187256176853,
                0.7248707639287767,
                0.72606530160487,
                0.7384272169548244,
                0.7583854462762933,
                0.7425569176882661,
                0.7395604395604395,
                0.7369589345172031
            ]
        }
    },
    "test": {
        "loss": [
            2.975089192390442,
            2.712507203221321,
            2.758391812443733,
            2.6871322989463806,
            2.5801538228988647,
            2.817494362592697,
            2.8667776584625244,
            2.8429365307092667
        ],
        "accuracy": {
            "macro": [
                0.8337438423645321,
                0.8608374384236454,
                0.8583743842364531,
                0.8694581280788177,
                0.8645320197044334,
                0.8485221674876847,
                0.8669950738916256,
                0.8645320197044335
            ],
            "micro": [
                0.833743842364532,
                0.8608374384236454,
                0.8583743842364532,
                0.8694581280788177,
                0.8645320197044335,
                0.8485221674876847,
                0.8669950738916257,
                0.8645320197044335
            ]
        },
        "precision": {
            "macro": [
                0.4217825688719792,
                0.5307798951401492,
                0.6560067127626245,
                0.6777828729860708,
                0.6764948084496957,
                0.5942153363205993,
                0.6342404248669674,
                0.612786865085247
            ],
            "micro": [
                0.6985294117647058,
                0.7159090909090909,
                0.6947368421052632,
                0.7150259067357513,
                0.7231638418079096,
                0.70625,
                0.7142857142857143,
                0.7135135135135136
            ]
        },