{
    "train": {
        "loss": [
            152.3689916729927,
            79.3050280213356,
            57.99748485162854,
            47.51236313953996,
            39.79788164794445,
            34.32342168688774
        ],
        "accuracy": {
            "macro": [
                0.8378999511782708,
                0.9264780460190352,
                0.9445106202309207,
                0.9537922656885754,
                0.962106827375547,
                0.9664469106391007
            ],
            "micro": [
                0.8378999511782708,
                0.926478046019035,
                0.9445106202309207,
                0.9537922656885754,
                0.962106827375547,
                0.9664469106391008
            ]
        },
        "precision": {
            "macro": [
                0.344791396479442,
                0.824162577083646,
                0.8475297730488016,
                0.8719842283925167,
                0.8933653306002769,
                0.903807437261193
            ],
            "micro": [
                0.25139146567717996,
                0.8283384750991626,
                0.8452106573246059,
                0.8677568432278706,
                0.8904443091905052,
                0.9014169171318163
            ]
        },
        "recall": {
            "macro": [
                0.06785669663980454,
                0.6164565130850376,
                0.7518647543204908,
                0.8007767985192038,
                0.8399835615470478,
                0.8609823902508926
            ],
            "micro": [
                0.06772178259058725,
                0.616532721010333,
                0.7518451697556175,
                0.8007216663933082,
                0.8398392652123995,
                0.8608331966540922
            ]
        },
        "f1": {
            "macro": [
                0.10428482891099049,
                0.7008970676544398,
                0.7957759192868343,
                0.8338081144569625,
                0.865023887491523,
                0.8811323029869583
            ],
            "micro": [
                0.10669991469256512,
                0.7069111424541609,
                0.7957987934551451,
                0.8328926042821803,
                0.8644017725258493,
                0.88065774571081
            ]
        }
    },
    "val": {
        "loss": [
            24.756757959723473,
            17.372776351869106,
            16.55688150972128,
            15.671375162899494,
            16.341698944568634,
            15.960797861218452
        ],
        "accuracy": {
            "macro": [
                0.908,
                0.9350952380952381,
                0.9350476190476191,
                0.9396190476190477,
                0.9401428571428572,
                0.9409047619047619
            ],
            "micro": [
                0.908,
                0.9350952380952381,
                0.935047619047619,
                0.9396190476190476,
                0.9401428571428572,
                0.9409047619047619
            ]
        },
        "precision": {
            "macro": [
                0.7391550320828892,
                0.806957295352172,
                0.8121489705085576,
                0.8152027435818324,
                0.8141761241649966,
                0.8178862354419988
            ],
            "micro": [
                0.8231744115872058,
                0.8055141579731744,
                0.7938329150233059,
                0.8144255164914824,
                0.8054583624912526,
                0.8063282336578581
            ],
            "weighted": [
                0.7420284216298519,
                0.8066784279238246,
                0.8139383049475374,
                0.8146094889952806,
                0.8134616425290578,
                0.8187724934243829
            ]
        },
        "recall": {
            "macro": [
                0.45195574564687807,
                0.7190573778194945,
                0.738989379220293,
                0.7476787018575234,
                0.7657143934322095,
                0.7730014559251972
            ],
            "micro": [
                0.4542124542124542,
                0.71994671994672,
                0.7372627372627373,
                0.7482517482517482,
                0.7665667665667666,
                0.7722277722277723
            ],
            "weighted": [
                0.4542124542124542,
                0.71994671994672,
                0.7372627372627373,
                0.7482517482517482,
                0.7665667665667666,
                0.7722277722277723
            ]
        },
        "f1": {
            "macro": [
                0.5231233651405119,
                0.7555751740792722,
                0.7672281870968487,
                0.779472648689924,
                0.7849773871026323,
                0.7922395568032626
            ],
            "micro": [
                0.5854077253218885,
                0.7603305785123967,
                0.7645027624309393,
                0.7799375216938563,
                0.7855314792697491,
                0.7889096785167545
            ],
            "weighted": [
                0.525496947846115,
                0.7559295724803168,
                0.7670339489857412,
                0.779508519749623,
                0.784981373202856,
                0.7922927792222503
            ]
        }
    },
    "test": {
        "loss": [
            2.7132328152656555,
            3.303202509880066,
            3.4615118503570557,
            3.208689033985138,
            3.97281152009964,
            4.043400585651398
        ],
        "accuracy": {
            "macro": [
                0.7179802955665024,
                0.7142857142857143,
                0.6933497536945813,
                0.75,
                0.7007389162561576,
                0.6958128078817734
            ],
            "micro": [
                0.7179802955665024,
                0.7142857142857143,
                0.6933497536945813,
                0.75,
                0.7007389162561576,
                0.6958128078817734
            ]
        },
        "precision": {
            "macro": [
                0.09523809523809523,
                0.201468097120271,
                0.2693877551020408,
                0.361789877241219,
                0.373015873015873,
                0.3791208791208791
            ],
            "micro": [
                0.045454545454545456,
                0.19718309859154928,
                0.19387755102040816,
                0.4222222222222222,
                0.23529411764705882,
                0.22115384615384615
            ],
            "weighted": [
                0.10934744268077601,
                0.3224961833657486,
                0.4622826908541194,
                0.5395412645344876,
                0.557907113462669,
                0.5687830687830688
            ]
        },
        "recall": {
            "macro": [
                0.009216589861751152,
                0.07365394462168655,
                0.1594447539148,
                0.16020886435632978,
                0.12559544909775325,
                0.13439003392920443
            ],
            "micro": [
                0.010582010582010581,
                0.07407407407407407,
                0.10052910052910052,
                0.20105820105820105,
                0.12698412698412698,
                0.12169312169312169
            ],
            "weighted": [
                0.010582010582010581,
                0.07407407407407407,
                0.10052910052910052,
                0.20105820105820105,
                0.12698412698412698,
                0.12169312169312169
            ]
        },