{
    "train": {
        "loss": [
            152.6891033053398,
            81.83504036068916,
            58.42442162334919,
            48.701176308095455,
            41.037949092686176,
            35.24349639005959
        ],
        "accuracy": {
            "macro": [
                0.845330380214101,
                0.9238244625019165,
                0.9439209350048943,
                0.952035003715017,
                0.9590286704956894,
                0.964949110164994
            ],
            "micro": [
                0.8453303802141011,
                0.9238244625019165,
                0.9439209350048944,
                0.9520350037150169,
                0.9590286704956894,
                0.964949110164994
            ]
        },
        "precision": {
            "macro": [
                0.45028517575551325,
                0.8277213328302752,
                0.8462717475978951,
                0.8658793349515295,
                0.8850808688765625,
                0.9004068833058998
            ],
            "micro": [
                0.2610597958191541,
                0.83646175504458,
                0.8452756636346761,
                0.8642882753675153,
                0.8826678367705134,
                0.8986083499005965
            ]
        },
        "recall": {
            "macro": [
                0.04483933068248101,
                0.5840434917568659,
                0.7466955724146219,
                0.7906032250146316,
                0.8248692514364978,
                0.8526246320171619
            ],
            "micro": [
                0.044727636181909045,
                0.5846658466584665,
                0.7467814678146781,
                0.7906519065190651,
                0.8247642476424765,
                0.852480524805248
            ]
        },
        "f1": {
            "macro": [
                0.0728597780013182,
                0.6783239245410518,
                0.7925641238177629,
                0.8259233271790462,
                0.8532588382608257,
                0.8753020535192348
            ],
            "micro": [
                0.07637061793358457,
                0.6882571552681114,
                0.7929818450955637,
                0.8258318701554538,
                0.8527342094107673,
                0.8749368793132469
            ]
        }
    },
    "val": {
        "loss": [
            25.28361701965332,
            16.63112436980009,
            14.872399426996708,
            14.028996419161558,
            14.16674992442131,
            14.693751994520426
        ],
        "accuracy": {
            "macro": [
                0.9021428571428572,
                0.9385714285714286,
                0.9423809523809525,
                0.9449523809523809,
                0.9459047619047619,
                0.9453333333333332
            ],
            "micro": [
                0.9021428571428571,
                0.9385714285714286,
                0.9423809523809524,
                0.944952380952381,
                0.9459047619047619,
                0.9453333333333334
            ]
        },
        "precision": {
            "macro": [
                0.7815296002173949,
                0.8323032258765307,
                0.8276296857227644,
                0.8321807393889775,
                0.8362170489591898,
                0.8248537988253035
            ],
            "micro": [
                0.9113814074717637,
                0.8133235724743777,
                0.8277249451353328,
                0.8252290345313601,
                0.8370664739884393,
                0.8189951823812801
            ],
            "weighted": [
                0.7759646944188842,
                0.8311402693627163,
                0.8276378266243338,
                0.8313886793507156,
                0.8359155395758683,
                0.8242688265946523
            ]
        },
        "recall": {
            "macro": [
                0.3499316804942819,
                0.7405559224220221,
                0.755136130411582,
                0.7802208075353574,
                0.772595291115673,
                0.7930457668697015
            ],
            "micro": [
                0.34943371085942704,
                0.7401732178547635,
                0.7538307794803465,
                0.7801465689540307,
                0.7718187874750166,
                0.7928047968021319
            ],
            "weighted": [
                0.34943371085942704,
                0.7401732178547635,
                0.7538307794803465,
                0.7801465689540307,
                0.7718187874750166,
                0.7928047968021319
            ]
        },
        "f1": {
            "macro": [
                0.4566962109491475,
                0.7764712443970815,
                0.7878209131634899,
                0.80421888909203,
                0.8019806499441554,
                0.8076634799616154
            ],
            "micro": [
                0.505176980496027,
                0.7750261597488665,
                0.7890516039051604,
                0.802054794520548,
                0.8031195840554592,
                0.8056872037914691
            ],
            "weighted": [
                0.4554517864115138,
                0.7757816599560757,
                0.7870568797520419,
                0.8037883464983749,
                0.8014092355298696,
                0.8072439853988803
            ]
        }
    },
    "test": {
        "loss": [
            2.5554442405700684,
            3.5151672959327698,
            3.131765305995941,
            3.6167284846305847,
            3.262392818927765,
            4.1934598088264465
        ],
        "accuracy": {
            "macro": [
                0.7635467980295567,
                0.6871921182266009,
                0.7253694581280788,
                0.7093596059113302,
                0.7216748768472907,
                0.6970443349753693
            ],
            "micro": [
                0.7635467980295566,
                0.687192118226601,
                0.7253694581280788,
                0.7093596059113301,
                0.7216748768472906,
                0.6970443349753694
            ]
        },
        "precision": {
            "macro": [
                0.0,
                0.32,
                0.3356421356421357,
                0.3600229557676366,
                0.6237183868762816,
                0.35108677617388423
            ],
            "micro": [
                0.0,
                0.10843373493975904,
                0.2875,
                0.26262626262626265,
                0.27710843373493976,
                0.21782178217821782
            ],
            "weighted": [
                0.0,
                0.5138624338624339,
                0.5085030196141307,
                0.4329736457396032,
                0.7564492038176249,
                0.41570340873476763
            ]
        },
        "recall": {
            "macro": [
                0.0,
                0.07507750825723176,
                0.09353544560917834,
                0.16049589811110548,
                0.10487788581106554,
                0.14440343962233365
            ],
            "micro": [
                0.0,
                0.047619047619047616,
                0.12169312169312169,
                0.13756613756613756,
                0.12169312169312169,
                0.1164021164021164
            ],
            "weighted": [
                0.0,
                0.047619047619047616,
                0.12169312169312169,
                0.13756613756613756,
                0.12169312169312169,
                0.1164021164021164
            ]
        },