{
    "train": {
        "loss": [
            136.95880722999573,
            71.36761666834354,
            49.79380793124437,
            42.5041920915246,
            33.45857649669051,
            28.54489895142615
        ],
        "accuracy": {
            "macro": [
                0.8426988139218355,
                0.9259277062103443,
                0.9450426200089727,
                0.9523969749407167,
                0.961882330321092,
                0.9664487598538742
            ],
            "micro": [
                0.8426988139218355,
                0.9259277062103441,
                0.9450426200089727,
                0.9523969749407165,
                0.961882330321092,
                0.9664487598538742
            ]
        },
        "precision": {
            "macro": [
                0.8363821665890795,
                0.84393681923046,
                0.8687679312070751,
                0.887393179445751,
                0.9096448944472454,
                0.9191653974899143
            ],
            "micro": [
                0.8098739495798319,
                0.838635049161365,
                0.8660297019420501,
                0.8856145394804394,
                0.9093020906979093,
                0.9189378057302585
            ]
        },
        "recall": {
            "macro": [
                0.07592599562496648,
                0.6916313982877589,
                0.7961414143884373,
                0.8232953584372708,
                0.8590475666600074,
                0.8781243653072801
            ],
            "micro": [
                0.07486890658380269,
                0.6919259400648978,
                0.7957820402710182,
                0.8228391528334288,
                0.8587371232354063,
                0.8777534089825498
            ]
        },
        "f1": {
            "macro": [
                0.12812213743503406,
                0.7575305874429779,
                0.8299391174822391,
                0.8534996338505542,
                0.8831745626562095,
                0.8977346108897125
            ],
            "micro": [
                0.1370666666666667,
                0.7582492286775088,
                0.8294211259200318,
                0.8530735374116017,
                0.8832965415746873,
                0.8978735856418258
            ]
        }
    },
    "val": {
        "loss": [
            23.435111701488495,
            16.430282555520535,
            15.458863116800785,
            15.29485409706831,
            15.802239067852497,
            15.370092585682869
        ],
        "accuracy": {
            "macro": [
                0.9060676779463243,
                0.9279787371969402,
                0.9316089718656814,
                0.9313496693893426,
                0.9346557759626605,
                0.936665370154285
            ],
            "micro": [
                0.9060676779463244,
                0.9279787371969402,
                0.9316089718656814,
                0.9313496693893427,
                0.9346557759626605,
                0.936665370154285
            ]
        },
        "precision": {
            "macro": [
                0.8442244616830222,
                0.816363991931132,
                0.8188806433576509,
                0.809901593745827,
                0.8140100500225246,
                0.8342634999755134
            ],
            "micro": [
                0.8415300546448088,
                0.8170784568703945,
                0.8208702999577524,
                0.8103236378533388,
                0.813953488372093,
                0.8287361053931659
            ],
            "weighted": [
                0.8452450098705329,
                0.817174897558256,
                0.819935631563752,
                0.8113898312566012,
                0.815065969023699,
                0.8348208971151115
            ]
        },
        "recall": {
            "macro": [
                0.5374175616212861,
                0.7305310694472578,
                0.75347667306519,
                0.7675478461090496,
                0.7874923213962522,
                0.7807884574521556
            ],
            "micro": [
                0.5384615384615384,
                0.7323232323232324,
                0.7548562548562548,
                0.7684537684537684,
                0.7886557886557887,
                0.782051282051282
            ],
            "weighted": [
                0.5384615384615384,
                0.7323232323232324,
                0.7548562548562548,
                0.7684537684537684,
                0.7886557886557887,
                0.782051282051282
            ]
        },
        "f1": {
            "macro": [
                0.6542611202639967,
                0.7696222369368017,
                0.7827340399932297,
                0.7868687650099301,
                0.7999312770717703,
                0.8043971847392591
            ],
            "micro": [
                0.6567164179104479,
                0.7723827084613809,
                0.7864804695405789,
                0.7888334995014956,
                0.8011049723756907,
                0.8047171696981811
            ],
            "weighted": [
                0.6553456528434788,
                0.7709918829295559,
                0.7840214833985538,
                0.788059513453073,
                0.8010449377322423,
                0.8053393995108301
            ]
        }
    },
    "test": {
        "loss": [
            2.6938493251800537,
            2.9637702107429504,
            3.0010112524032593,
            3.3630268573760986,
            3.8252671360969543,
            3.7290372252464294
        ],
        "accuracy": {
            "macro": [
                0.6882183908045977,
                0.721264367816092,
                0.7227011494252872,
                0.7241379310344828,
                0.7025862068965517,
                0.6997126436781609
            ],
            "micro": [
                0.6882183908045977,
                0.7212643678160919,
                0.7227011494252874,
                0.7241379310344828,
                0.7025862068965517,
                0.6997126436781609
            ]
        },
        "precision": {
            "macro": [
                0.24145299145299146,
                0.2362745098039216,
                0.5654761904761905,
                0.5792935792935793,
                0.5572301024428684,
                0.6886792452830188
            ],
            "micro": [
                0.24074074074074073,
                0.47191011235955055,
                0.47674418604651164,
                0.4838709677419355,
                0.40625,
                0.39361702127659576
            ],
            "weighted": [
                0.3959435626102292,
                0.3567693744164333,
                0.5905139833711263,
                0.6173089188962205,
                0.6029838518018187,
                0.7861064761334303
            ]
        },
        "recall": {
            "macro": [
                0.08949413788123466,
                0.1791195662163404,
                0.1939988774666194,
                0.23599344204182915,
                0.21390513608255546,
                0.23535290874000547
            ],
            "micro": [
                0.06878306878306878,
                0.2222222222222222,
                0.21693121693121692,
                0.23809523809523808,
                0.20634920634920634,
                0.19576719576719576
            ],
            "weighted": [
                0.06878306878306878,
                0.2222222222222222,
                0.21693121693121692,
                0.23809523809523808,
                0.20634920634920634,
                0.19576719576719576
            ]
        },