{
    "train": {
        "loss": [
            149.4875389188528,
            81.58360888063908,
            58.56193092465401,
            48.01760480925441,
            40.06010385416448,
            33.395644752308726
        ],
        "accuracy": {
            "macro": [
                0.8458314480984926,
                0.9236302742989222,
                0.943878393358334,
                0.9531003089695512,
                0.9606476567843582,
                0.9667562914219675
            ],
            "micro": [
                0.8458314480984926,
                0.9236302742989222,
                0.9438783933583339,
                0.9531003089695511,
                0.9606476567843582,
                0.9667562914219675
            ]
        },
        "precision": {
            "macro": [
                0.39304818801559444,
                0.8231495871597415,
                0.8461566399503367,
                0.8719247774957708,
                0.8904049494562386,
                0.9070763566490382
            ],
            "micro": [
                0.2906097018246551,
                0.8303303303303303,
                0.8442736783631145,
                0.8683337814824774,
                0.8877702880154075,
                0.9052640677673092
            ]
        },
        "recall": {
            "macro": [
                0.05436363361832308,
                0.5894701927738976,
                0.7478456435383569,
                0.7944893320793012,
                0.8315629186935884,
                0.8587692032873921
            ],
            "micro": [
                0.05438494211709836,
                0.5894555591997376,
                0.7477041653000984,
                0.794358806165956,
                0.831502131846507,
                0.8587241718596261
            ]
        },
        "f1": {
            "macro": [
                0.09027404162734347,
                0.680644289352019,
                0.7931741452781228,
                0.8305144094751348,
                0.859204948747305,
                0.8817355118507632
            ],
            "micro": [
                0.09162340395678406,
                0.6894600556248202,
                0.7930599643431752,
                0.8297006808547083,
                0.8587154409585502,
                0.8813801809383548
            ]
        }
    },
    "val": {
        "loss": [
            26.021531656384468,
            17.410269506275654,
            15.709797635674477,
            15.421605370938778,
            14.941802851855755,
            16.690275318920612
        ],
        "accuracy": {
            "macro": [
                0.8986328776258753,
                0.9338350878864382,
                0.9393131043681227,
                0.9419806602200733,
                0.9426475491830609,
                0.9393607392940505
            ],
            "micro": [
                0.8986328776258753,
                0.9338350878864383,
                0.9393131043681227,
                0.9419806602200733,
                0.942647549183061,
                0.9393607392940504
            ]
        },
        "precision": {
            "macro": [
                0.6150132305057677,
                0.8048112594844271,
                0.814522752947796,
                0.8190722567760206,
                0.8215603699076398,
                0.8051977211905266
            ],
            "micro": [
                0.8586688578471652,
                0.8071646341463414,
                0.8069676501955207,
                0.8201077199281868,
                0.8185040765685927,
                0.8033707865168539
            ],
            "weighted": [
                0.6122945689739901,
                0.8071640626233274,
                0.8156663802424085,
                0.8210044456004765,
                0.8230458998183104,
                0.8047396505845917
            ]
        },
        "recall": {
            "macro": [
                0.35058898334272076,
                0.703855999339191,
                0.754498413798547,
                0.7601136612314799,
                0.7683461777006017,
                0.7592059702024831
            ],
            "micro": [
                0.348217260913029,
                0.7057647450849717,
                0.7564145284905032,
                0.76107964011996,
                0.769410196601133,
                0.7624125291569477
            ],
            "weighted": [
                0.348217260913029,
                0.7057647450849717,
                0.7564145284905032,
                0.76107964011996,
                0.769410196601133,
                0.7624125291569477
            ]
        },
        "f1": {
            "macro": [
                0.4369680655416097,
                0.7498563609396297,
                0.779617445161631,
                0.7861263279881501,
                0.7930338275155082,
                0.7780172453841253
            ],
            "micro": [
                0.4954954954954955,
                0.7530666666666666,
                0.7808737530099757,
                0.7894918769443484,
                0.7931982136722777,
                0.7823559582834673
            ],
            "weighted": [
                0.43481918437821215,
                0.7520077777301639,
                0.7811512499523953,
                0.7875682595057327,
                0.7942847746225227,
                0.779397566599599
            ]
        }
    },
    "test": {
        "loss": [
            2.6599653363227844,
            3.111589729785919,
            3.6995615363121033,
            3.3586869835853577,
            3.650670647621155,
            3.375949740409851
        ],
        "accuracy": {
            "macro": [
                0.7598522167487686,
                0.7302955665024632,
                0.6982758620689655,
                0.7290640394088671,
                0.7167487684729065,
                0.75
            ],
            "micro": [
                0.7598522167487685,
                0.7302955665024631,
                0.6982758620689655,
                0.729064039408867,
                0.7167487684729064,
                0.75
            ]
        },
        "precision": {
            "macro": [
                0.0,
                0.3963369963369963,
                0.3390804597701149,
                0.4920634920634921,
                0.3562925170068027,
                0.6590476190476192
            ],
            "micro": [
                0.0,
                0.27941176470588236,
                0.18181818181818182,
                0.30864197530864196,
                0.25301204819277107,
                0.4222222222222222
            ],
            "weighted": [
                0.0,
                0.582363315696649,
                0.5036489691662106,
                0.6150228372450595,
                0.5434303350970018,
                0.8129100529100528
            ]
        },
        "recall": {
            "macro": [
                0.0,
                0.1193508999960613,
                0.10628224821773209,
                0.1322980846598358,
                0.10240317797921485,
                0.1912033051433973
            ],
            "micro": [
                0.0,
                0.10052910052910052,
                0.08465608465608465,
                0.13227513227513227,
                0.1111111111111111,
                0.20105820105820105
            ],
            "weighted": [
                0.0,
                0.10052910052910052,
                0.08465608465608465,
                0.13227513227513227,
                0.1111111111111111,
                0.20105820105820105
            ]
        },