{
    "train": {
        "loss": [
            150.6202617585659,
            83.07439390569925,
            59.10680152475834,
            48.38715153187513,
            40.96569102630019,
            34.497441766783595
        ],
        "accuracy": {
            "macro": [
                0.846379158431167,
                0.9210240807566218,
                0.9436543314700819,
                0.9524988796905588,
                0.9594801764192552,
                0.9658482511379985
            ],
            "micro": [
                0.8463791584311671,
                0.9210240807566216,
                0.9436543314700818,
                0.9524988796905587,
                0.9594801764192552,
                0.9658482511379985
            ]
        },
        "precision": {
            "macro": [
                0.19553465774628956,
                0.820192120242993,
                0.8447621432596982,
                0.868314512920519,
                0.888844597581207,
                0.9050726196717014
            ],
            "micro": [
                0.25493421052631576,
                0.8175519630484989,
                0.842489151509556,
                0.8661586732406993,
                0.8871409633230225,
                0.9035140997830803
            ]
        },
        "recall": {
            "macro": [
                0.0386964965457337,
                0.5805914724495359,
                0.7484220349563203,
                0.7924972143446469,
                0.8233428076746613,
                0.8540853943963087
            ],
            "micro": [
                0.03872418387741506,
                0.580470607526441,
                0.7481347872427646,
                0.7921620070509141,
                0.8229892596540133,
                0.853734524883168
            ]
        },
        "f1": {
            "macro": [
                0.05909191680329089,
                0.6742400816430039,
                0.7927034482438585,
                0.8279719536423663,
                0.8542107454565822,
                0.8783086248680575
            ],
            "micro": [
                0.06723539618276461,
                0.6789087596490387,
                0.792513461872503,
                0.8275094210346008,
                0.8538618577747533,
                0.8779192310934998
            ]
        }
    },
    "val": {
        "loss": [
            26.663154885172844,
            17.130538158118725,
            15.586490094661713,
            15.650896906852722,
            15.845014654099941,
            16.094933919608593
        ],
        "accuracy": {
            "macro": [
                0.8912018291811556,
                0.9363597389606061,
                0.9388843900347734,
                0.9389796598866288,
                0.9424093745534226,
                0.9410279617015194
            ],
            "micro": [
                0.8912018291811556,
                0.9363597389606059,
                0.9388843900347735,
                0.9389796598866289,
                0.9424093745534226,
                0.9410279617015196
            ]
        },
        "precision": {
            "macro": [
                0.5957608994298788,
                0.8138047754497261,
                0.821669275961867,
                0.8088562744780984,
                0.8151536355873465,
                0.8097318219160039
            ],
            "micro": [
                0.8156966490299824,
                0.8137254901960784,
                0.8152772677194271,
                0.8081749731086411,
                0.8154279675942233,
                0.8084733893557423
            ],
            "weighted": [
                0.584218905153618,
                0.8151360151267377,
                0.8225853231898618,
                0.8101213599054566,
                0.8167447574163186,
                0.8105465251904979
            ]
        },
        "recall": {
            "macro": [
                0.31504390899897927,
                0.7194376916990428,
                0.7392138815600973,
                0.7514510489018021,
                0.7710575313832384,
                0.7686509182875051
            ],
            "micro": [
                0.30833333333333335,
                0.7193333333333334,
                0.74,
                0.7513333333333333,
                0.7716666666666666,
                0.7696666666666667
            ],
            "weighted": [
                0.30833333333333335,
                0.7193333333333334,
                0.74,
                0.7513333333333333,
                0.7716666666666666,
                0.7696666666666667
            ]
        },
        "f1": {
            "macro": [
                0.38578588313228995,
                0.7631465089185907,
                0.7759963586805326,
                0.7759658613572992,
                0.7903127194798618,
                0.7875611718970176
            ],
            "micro": [
                0.44750846637639097,
                0.7636234961075725,
                0.7758168792591298,
                0.7787182587666264,
                0.7929439972598047,
                0.7885928961748634
            ],
            "weighted": [
                0.37741257595870814,
                0.7636618545286987,
                0.7768611881221243,
                0.776545598538379,
                0.7914260281662618,
                0.7885023592864254
            ]
        }
    },
    "test": {
        "loss": [
            2.810258626937866,
            3.0142481327056885,
            3.21884548664093,
            3.3591896295547485,
            3.7387219071388245,
            4.017469763755798
        ],
        "accuracy": {
            "macro": [
                0.7426108374384236,
                0.7229064039408867,
                0.7229064039408868,
                0.7093596059113301,
                0.7142857142857143,
                0.7044334975369457
            ],
            "micro": [
                0.7426108374384236,
                0.7229064039408867,
                0.7229064039408867,
                0.7093596059113301,
                0.7142857142857143,
                0.7044334975369458
            ]
        },
        "precision": {
            "macro": [
                0.0,
                0.20878351340536216,
                0.3891366991670943,
                0.3897959183673469,
                0.5133403361344538,
                0.6357543017206883
            ],
            "micro": [
                0.0,
                0.2857142857142857,
                0.2857142857142857,
                0.23595505617977527,
                0.27835051546391754,
                0.23157894736842105
            ],
            "weighted": [
                0.0,
                0.3261489781097624,
                0.5882416581504727,
                0.5881330309901739,
                0.6328470276999689,
                0.8000570598609813
            ]
        },
        "recall": {
            "macro": [
                0.0,
                0.14057831569352305,
                0.1464323694738441,
                0.09549579964326507,
                0.13841321888556912,
                0.1326830235816411
            ],
            "micro": [
                0.0,
                0.12698412698412698,
                0.12698412698412698,
                0.1111111111111111,
                0.14285714285714285,
                0.1164021164021164
            ],
            "weighted": [
                0.0,
                0.12698412698412698,
                0.12698412698412698,
                0.1111111111111111,
                0.14285714285714285,
                0.1164021164021164
            ]
        },