{
    "train": {
        "loss": [
            135.72324734926224,
            70.40769960731268,
            48.98516835272312,
            39.23355540819466,
            34.212141927331686,
            27.619633577764034
        ],
        "accuracy": {
            "macro": [
                0.8424728569113596,
                0.9270743197769445,
                0.9455180591609782,
                0.955885652020639,
                0.96114155690158,
                0.9682722815113931
            ],
            "micro": [
                0.8424728569113595,
                0.9270743197769445,
                0.9455180591609781,
                0.955885652020639,
                0.96114155690158,
                0.9682722815113931
            ]
        },
        "precision": {
            "macro": [
                0.8527773243240072,
                0.8410064091792071,
                0.8699076737591499,
                0.8959583819491171,
                0.9063533715357948,
                0.924473186868986
            ],
            "micro": [
                0.7817652764306499,
                0.8334082228712649,
                0.8656269365833505,
                0.8928752922044924,
                0.9035421252751651,
                0.9223281684545094
            ]
        },
        "recall": {
            "macro": [
                0.07760124483044616,
                0.7075091266661718,
                0.8005371786575305,
                0.8388186222369526,
                0.8607141327176043,
                0.8856843975383505
            ],
            "micro": [
                0.0782372354882547,
                0.70744731572423,
                0.7997137404580152,
                0.8379435330026708,
                0.8607377752359165,
                0.8857306371613888
            ]
        },
        "f1": {
            "macro": [
                0.13700760263865308,
                0.7655925637901732,
                0.832438669468084,
                0.8653746866082903,
                0.8821298488551652,
                0.9041008624471849
            ],
            "micro": [
                0.14223947763169503,
                0.7652792820671515,
                0.8313659359190557,
                0.8645377158884023,
                0.8816206980717598,
                0.9036590112884392
            ]
        }
    },
    "val": {
        "loss": [
            23.030541867017746,
            16.288574241101742,
            14.431260272860527,
            14.320910580456257,
            13.78944044560194,
            15.471938028931618
        ],
        "accuracy": {
            "macro": [
                0.9090850181441161,
                0.9275531363400726,
                0.9342275790565059,
                0.9375324002073612,
                0.9407724209434941,
                0.9382452047693105
            ],
            "micro": [
                0.9090850181441161,
                0.9275531363400725,
                0.934227579056506,
                0.9375324002073613,
                0.940772420943494,
                0.9382452047693105
            ]
        },
        "precision": {
            "macro": [
                0.8445881979476297,
                0.8100587724608544,
                0.8285818268242094,
                0.8282470120574926,
                0.8353900325300648,
                0.8280530450073474
            ],
            "micro": [
                0.8188761593016912,
                0.796734693877551,
                0.8253238612620142,
                0.8193010325655282,
                0.8302788844621514,
                0.8254925613188581
            ],
            "weighted": [
                0.8418153771267161,
                0.8084424809005898,
                0.8291146715003437,
                0.826653747786664,
                0.8349024706872837,
                0.8283470694117919
            ]
        },
        "recall": {
            "macro": [
                0.5789239820233175,
                0.7572182602495587,
                0.7698373292363642,
                0.8010864177474771,
                0.8107459672932538,
                0.7999996927530327
            ],
            "micro": [
                0.583592534992224,
                0.7589424572317263,
                0.7678849144634525,
                0.802099533437014,
                0.8102643856920684,
                0.7982115085536547
            ],
            "weighted": [
                0.583592534992224,
                0.7589424572317263,
                0.7678849144634525,
                0.802099533437014,
                0.8102643856920684,
                0.7982115085536547
            ]
        },
        "f1": {
            "macro": [
                0.6684520585506583,
                0.7772638104593698,
                0.7959564837992303,
                0.8115822570034937,
                0.8216007129442469,
                0.8119552844202621
            ],
            "micro": [
                0.6814982973893303,
                0.777379530067702,
                0.7955689828801611,
                0.8106090373280944,
                0.8201495474222746,
                0.811622850365685
            ],
            "weighted": [
                0.6711173659498291,
                0.7775410823642231,
                0.7951710913082803,
                0.8112913610739876,
                0.8211124466080646,
                0.8111741295914601
            ]
        }
    },
    "test": {
        "loss": [
            2.4910545349121094,
            2.9924409985542297,
            3.0308077335357666,
            3.754453480243683,
            3.4719876050949097,
            3.6495004296302795
        ],
        "accuracy": {
            "macro": [
                0.6968390804597702,
                0.7054597701149424,
                0.7169540229885057,
                0.7040229885057471,
                0.7068965517241379,
                0.7241379310344828
            ],
            "micro": [
                0.6968390804597702,
                0.7054597701149425,
                0.7169540229885057,
                0.7040229885057471,
                0.7068965517241379,
                0.7241379310344828
            ]
        },
        "precision": {
            "macro": [
                0.15070679434564524,
                0.4374226526768899,
                0.6090623383856467,
                0.43880718954248366,
                0.34828401353825084,
                0.6545138888888888
            ],
            "micro": [
                0.31666666666666665,
                0.41836734693877553,
                0.45555555555555555,
                0.4260869565217391,
                0.42990654205607476,
                0.4854368932038835
            ],
            "weighted": [
                0.26449959828892794,
                0.4639703464562221,
                0.6732471137531408,
                0.5448516443614483,
                0.4187143678669102,
                0.7175374779541446
            ]
        },
        "recall": {
            "macro": [
                0.11131461131461133,
                0.2336235672929221,
                0.25164449499126923,
                0.27555896910735617,
                0.2632361291635485,
                0.30074999671773867
            ],
            "micro": [
                0.10052910052910052,
                0.21693121693121692,
                0.21693121693121692,
                0.25925925925925924,
                0.24338624338624337,
                0.26455026455026454
            ],
            "weighted": [
                0.10052910052910052,
                0.21693121693121692,
                0.21693121693121692,
                0.25925925925925924,
                0.24338624338624337,
                0.26455026455026454
            ]
        },