{
    "train": {
        "loss": [
            137.80362886190414,
            71.93031761050224,
            52.36529103666544,
            40.83151976391673,
            34.41705186292529,
            28.511155653744936
        ],
        "accuracy": {
            "macro": [
                0.8327175498298492,
                0.9245425119379546,
                0.9408229977886742,
                0.9539787840912733,
                0.9614299907060219,
                0.9675992693010286
            ],
            "micro": [
                0.8327175498298492,
                0.9245425119379547,
                0.9408229977886742,
                0.9539787840912732,
                0.9614299907060219,
                0.9675992693010288
            ]
        },
        "precision": {
            "macro": [
                0.6680754529825769,
                0.8359579884014314,
                0.8623098119270325,
                0.8870688295744452,
                0.9057536677625163,
                0.9205084365390483
            ],
            "micro": [
                0.49104385423100677,
                0.8322209436133486,
                0.8594560270928141,
                0.8853354923590729,
                0.9045281506712082,
                0.9194012094775453
            ]
        },
        "recall": {
            "macro": [
                0.07740258090895907,
                0.6904914833681817,
                0.7749453087745497,
                0.8343287573303518,
                0.8612054417533548,
                0.8851256154612256
            ],
            "micro": [
                0.07722945405090344,
                0.6898788514738148,
                0.7744611863436963,
                0.8341756460379518,
                0.8612992463989316,
                0.8846704187732519
            ]
        },
        "f1": {
            "macro": [
                0.13120079534086845,
                0.7541349645375822,
                0.8153044309684531,
                0.8591654945697554,
                0.8824395899600522,
                0.9020658787983464
            ],
            "micro": [
                0.13346764039284814,
                0.7543942001773326,
                0.8147479307750187,
                0.858994501178319,
                0.8823845590031762,
                0.9017015070491007
            ]
        }
    },
    "val": {
        "loss": [
            23.009476527571678,
            16.151020511984825,
            15.074668198823929,
            14.762297809123993,
            14.593219190835953,
            14.815886434167624
        ],
        "accuracy": {
            "macro": [
                0.9099922239502333,
                0.9298211508553654,
                0.9335147744945568,
                0.9337739761534474,
                0.9383748055987557,
                0.9373379989631934
            ],
            "micro": [
                0.9099922239502333,
                0.9298211508553654,
                0.9335147744945568,
                0.9337739761534474,
                0.9383748055987559,
                0.9373379989631934
            ]
        },
        "precision": {
            "macro": [
                0.8665322778068818,
                0.8178375764949006,
                0.8195104748506847,
                0.8184515024500506,
                0.8316101840226237,
                0.8283194482741506
            ],
            "micro": [
                0.8641671788567916,
                0.8115336397826995,
                0.815403422982885,
                0.8182936833470057,
                0.8300122000813339,
                0.8228204098031338
            ],
            "weighted": [
                0.8664016500615745,
                0.8174255443213393,
                0.8199924566863287,
                0.8188776318351267,
                0.8320742778082422,
                0.8294279970858666
            ]
        },
        "recall": {
            "macro": [
                0.5452310338608465,
                0.7532252279849904,
                0.7763458245940505,
                0.773962776827123,
                0.7919713287944191,
                0.7955305705766161
            ],
            "micro": [
                0.5462315462315462,
                0.7544677544677545,
                0.7773892773892774,
                0.7750582750582751,
                0.7929292929292929,
                0.7956487956487956
            ],
            "weighted": [
                0.5462315462315462,
                0.7544677544677545,
                0.7773892773892774,
                0.7750582750582751,
                0.7929292929292929,
                0.7956487956487956
            ]
        },
        "f1": {
            "macro": [
                0.6646682240077902,
                0.7815217917396637,
                0.7959425262409758,
                0.7951665314024233,
                0.8107742224523955,
                0.810236091619395
            ],
            "micro": [
                0.6693644370388002,
                0.7819609422186431,
                0.7959427207637232,
                0.7960893854748604,
                0.8110470892112059,
                0.8090065178747777
            ],
            "weighted": [
                0.6653517801775305,
                0.7819944852359604,
                0.7967251253670347,
                0.7959514613588434,
                0.8114976587921918,
                0.8108386009904077
            ]
        }
    },
    "test": {
        "loss": [
            2.6096569299697876,
            2.9001068472862244,
            3.1138797998428345,
            3.16892272233963,
            3.2594170570373535,
            3.737536907196045
        ],
        "accuracy": {
            "macro": [
                0.7126436781609194,
                0.7198275862068965,
                0.7270114942528735,
                0.7298850574712644,
                0.7270114942528737,
                0.7097701149425287
            ],
            "micro": [
                0.7126436781609196,
                0.7198275862068966,
                0.7270114942528736,
                0.7298850574712644,
                0.7270114942528736,
                0.7097701149425287
            ]
        },
        "precision": {
            "macro": [
                0.35964912280701755,
                0.36889499389499386,
                0.5862637362637362,
                0.4918755221386801,
                0.5593085106382979,
                0.5664965986394558
            ],
            "micro": [
                0.23809523809523808,
                0.4642857142857143,
                0.49473684210526314,
                0.5051546391752577,
                0.49523809523809526,
                0.4368932038834951
            ],
            "weighted": [
                0.5082149818991925,
                0.43455530360292266,
                0.6314688838498362,
                0.5493343146225351,
                0.590839243498818,
                0.6167854443364648
            ]
        },
        "recall": {
            "macro": [
                0.04648338519306261,
                0.20161372379114315,
                0.25022532724145624,
                0.2472294431971851,
                0.2506861567345438,
                0.24903320992030673
            ],
            "micro": [
                0.026455026455026454,
                0.20634920634920634,
                0.24867724867724866,
                0.25925925925925924,
                0.2751322751322751,
                0.23809523809523808
            ],
            "weighted": [
                0.026455026455026454,
                0.20634920634920634,
                0.24867724867724866,
                0.25925925925925924,
                0.2751322751322751,
                0.23809523809523808
            ]
        },