{
    "train": {
        "loss": [
            139.32349076867104,
            69.86956403404474,
            48.31630188599229,
            40.5745131932199,
            33.323127403855324,
            28.718103850260377
        ],
        "accuracy": {
            "macro": [
                0.8272733164819496,
                0.9285393834519003,
                0.9472537332564251,
                0.9539671857976031,
                0.9621867589566109,
                0.9684996475036852
            ],
            "micro": [
                0.8272733164819496,
                0.9285393834519002,
                0.947253733256425,
                0.953967185797603,
                0.9621867589566109,
                0.9684996475036852
            ]
        },
        "precision": {
            "macro": [
                0.5277202562777424,
                0.845592841577942,
                0.8759778659857833,
                0.8881281948692056,
                0.9091402403802853,
                0.9248475333909258
            ],
            "micro": [
                0.4312617702448211,
                0.8415740530732593,
                0.8728383555969763,
                0.8858040328300739,
                0.9073869900771775,
                0.9240644904458599
            ]
        },
        "recall": {
            "macro": [
                0.11118307125456496,
                0.7078879496360243,
                0.8037038384659118,
                0.8339261681574888,
                0.8632968019188273,
                0.8855162818468588
            ],
            "micro": [
                0.11121903836813987,
                0.7078405188859214,
                0.8032974363861622,
                0.8335240274599542,
                0.8630946706073029,
                0.8852974828375286
            ]
        },
        "f1": {
            "macro": [
                0.17785321072290394,
                0.7691205963216406,
                0.8370798300986692,
                0.859057281035977,
                0.8851001768291674,
                0.904361519896883
            ],
            "micro": [
                0.17683397683397684,
                0.7689358615687494,
                0.8366253101736973,
                0.8588691850469126,
                0.8846867976155576,
                0.9042656797818466
            ]
        }
    },
    "val": {
        "loss": [
            22.775667279958725,
            14.983303911983967,
            14.109955370426178,
            13.219098821282387,
            14.033693592995405,
            14.653722532093525
        ],
        "accuracy": {
            "macro": [
                0.9111889018540128,
                0.9337482172954751,
                0.9375081032023855,
                0.9402956048230261,
                0.9366653701542851,
                0.9356929858680152
            ],
            "micro": [
                0.9111889018540127,
                0.9337482172954752,
                0.9375081032023855,
                0.9402956048230261,
                0.936665370154285,
                0.9356929858680151
            ]
        },
        "precision": {
            "macro": [
                0.8286617849704093,
                0.8350317894322631,
                0.8303846285132033,
                0.8384984239995,
                0.8265136601403699,
                0.8190858885041221
            ],
            "micro": [
                0.8159831756046267,
                0.8314798973481609,
                0.8252427184466019,
                0.8348884381338743,
                0.8235294117647058,
                0.8162530024019216
            ],
            "weighted": [
                0.8293954244408355,
                0.8358237619495967,
                0.8314169915178936,
                0.8392190268045845,
                0.8270766694974176,
                0.819965836565817
            ]
        },
        "recall": {
            "macro": [
                0.6043791457813767,
                0.7556964839333763,
                0.7932779612060118,
                0.7997557160354914,
                0.7886525185766403,
                0.7925388065876358
            ],
            "micro": [
                0.6034214618973561,
                0.7558320373250389,
                0.7931570762052877,
                0.8001555209953344,
                0.7892690513219285,
                0.7927682737169518
            ],
            "weighted": [
                0.6034214618973561,
                0.7558320373250389,
                0.7931570762052877,
                0.8001555209953344,
                0.7892690513219285,
                0.7927682737169518
            ]
        },
        "f1": {
            "macro": [
                0.6854877041004639,
                0.7914373102599036,
                0.809223059324915,
                0.8172967248811888,
                0.8058555645424552,
                0.8040413628462705
            ],
            "micro": [
                0.6937863209655789,
                0.7918533604887984,
                0.8088818398096749,
                0.8171530673019655,
                0.806035338495136,
                0.8043392504930966
            ],
            "weighted": [
                0.6849314356815254,
                0.7918547619796145,
                0.8096675103318374,
                0.8178336649230086,
                0.8064421882305263,
                0.8045674762465864
            ]
        }
    },
    "test": {
        "loss": [
            2.6092333793640137,
            2.878938376903534,
            3.2380210757255554,
            3.2293777465820312,
            3.252199411392212,
            3.676455795764923
        ],
        "accuracy": {
            "macro": [
                0.7097701149425287,
                0.7198275862068967,
                0.7097701149425287,
                0.7212643678160919,
                0.7327586206896551,
                0.7327586206896552
            ],
            "micro": [
                0.7097701149425287,
                0.7198275862068966,
                0.7097701149425287,
                0.7212643678160919,
                0.7327586206896551,
                0.7327586206896551
            ]
        },
        "precision": {
            "macro": [
                0.2548391151332328,
                0.4198297676558546,
                0.7723928907721281,
                0.5815628815628816,
                0.693482905982906,
                0.6268176268176268
            ],
            "micro": [
                0.3898305084745763,
                0.4642857142857143,
                0.4368932038834951,
                0.47368421052631576,
                0.5151515151515151,
                0.5145631067961165
            ],
            "weighted": [
                0.3642274573647123,
                0.4582215065306852,
                0.816450505186381,
                0.616640502354788,
                0.7529270112603447,
                0.6535757011947488
            ]
        },
        "recall": {
            "macro": [
                0.1410125119802539,
                0.2236192347079444,
                0.2599761871939292,
                0.24697597056468024,
                0.27377235219977153,
                0.2872558818123334
            ],
            "micro": [
                0.12169312169312169,
                0.20634920634920634,
                0.23809523809523808,
                0.23809523809523808,
                0.2698412698412698,
                0.2804232804232804
            ],
            "weighted": [
                0.12169312169312169,
                0.20634920634920634,
                0.23809523809523808,
                0.23809523809523808,
                0.2698412698412698,
                0.2804232804232804
            ]
        },