{
    "train": {
        "loss": [
            151.80522832274437,
            86.48791672289371,
            60.64809846878052,
            49.03274221718311,
            40.2809229940176,
            34.119282368570566
        ],
        "accuracy": {
            "macro": [
                0.8555235396375587,
                0.9146206278449964,
                0.9417439090544589,
                0.9525696360763226,
                0.9605297294747518,
                0.966579400457558
            ],
            "micro": [
                0.8555235396375587,
                0.9146206278449963,
                0.9417439090544588,
                0.9525696360763225,
                0.9605297294747518,
                0.966579400457558
            ]
        },
        "precision": {
            "macro": [
                0.3377146500085196,
                0.8234844638347971,
                0.8396901423587327,
                0.868057211449495,
                0.8888218642898963,
                0.9043322507698857
            ],
            "micro": [
                0.425754060324826,
                0.8294986035377044,
                0.836846503853654,
                0.8658787715999642,
                0.8862406146324429,
                0.9022084729741342
            ]
        },
        "recall": {
            "macro": [
                0.030480201462338145,
                0.510789908740613,
                0.7389267601571209,
                0.793025236459761,
                0.8325255974059763,
                0.8610440575866872
            ],
            "micro": [
                0.030568049308678995,
                0.5114391143911439,
                0.7389913899138991,
                0.793029930299303,
                0.8323903239032391,
                0.8609266092660927
            ]
        },
        "f1": {
            "macro": [
                0.052370466471933226,
                0.6206059173019896,
                0.7849838597562124,
                0.8281451303961175,
                0.858905732460899,
                0.8814180201067302
            ],
            "micro": [
                0.0570407211687908,
                0.6327483007000102,
                0.7848806828078732,
                0.8278548193802431,
                0.8584718169901476,
                0.8810842564619
            ]
        }
    },
    "val": {
        "loss": [
            26.771359160542488,
            17.543008267879486,
            16.184139594435692,
            14.972805850207806,
            15.417785547673702,
            16.29623741656542
        ],
        "accuracy": {
            "macro": [
                0.8783880341066069,
                0.9353594055161244,
                0.9373124374791597,
                0.941409041108941,
                0.941885390368218,
                0.9413137712570857
            ],
            "micro": [
                0.8783880341066069,
                0.9353594055161244,
                0.9373124374791597,
                0.9414090411089411,
                0.941885390368218,
                0.9413137712570857
            ]
        },
        "precision": {
            "macro": [
                0.3842451874366768,
                0.8130177523690205,
                0.8192901930797112,
                0.815282473830505,
                0.8219955628014786,
                0.8107040418509441
            ],
            "micro": [
                0.8615136876006442,
                0.8114350624763347,
                0.8178733031674208,
                0.8102240896358543,
                0.8102367688022284,
                0.8049620951068229
            ],
            "weighted": [
                0.3710351491440695,
                0.8119327384798237,
                0.8185020787343712,
                0.8141212812613926,
                0.820183114222203,
                0.8086887283945658
            ]
        },
        "recall": {
            "macro": [
                0.18172479717605858,
                0.7143896920484194,
                0.7246141821443014,
                0.7720701192332458,
                0.775590318702488,
                0.7784683791931598
            ],
            "micro": [
                0.1782145236508994,
                0.7138574283810792,
                0.7225183211192538,
                0.770819453697535,
                0.7751499000666222,
                0.7781479013990673
            ],
            "weighted": [
                0.1782145236508994,
                0.7138574283810792,
                0.7225183211192538,
                0.770819453697535,
                0.7751499000666222,
                0.7781479013990673
            ]
        },
        "f1": {
            "macro": [
                0.22275657552841022,
                0.7594112535106691,
                0.7625816716362708,
                0.7924967950391972,
                0.7955645736443975,
                0.7933623484788291
            ],
            "micro": [
                0.2953353574385868,
                0.7595250753145489,
                0.7672444287230279,
                0.7900307272106522,
                0.7923050732039496,
                0.7913279132791329
            ],
            "weighted": [
                0.2180676994466753,
                0.7586087817574599,
                0.7609415797354123,
                0.7912720205480077,
                0.7944816528125729,
                0.7922685232158567
            ]
        }
    },
    "test": {
        "loss": [
            2.70492422580719,
            2.7744494676589966,
            2.864213228225708,
            3.4874572157859802,
            3.943166971206665,
            3.9410367608070374
        ],
        "accuracy": {
            "macro": [
                0.7610837438423647,
                0.730295566502463,
                0.7389162561576355,
                0.7204433497536946,
                0.7007389162561576,
                0.7179802955665026
            ],
            "micro": [
                0.7610837438423645,
                0.7302955665024631,
                0.7389162561576355,
                0.7204433497536946,
                0.7007389162561576,
                0.7179802955665024
            ]
        },
        "precision": {
            "macro": [
                0.0,
                0.338265306122449,
                0.628212396069539,
                0.6634100448690115,
                0.6752100840336135,
                0.6351634901206504
            ],
            "micro": [
                0.0,
                0.3026315789473684,
                0.35443037974683544,
                0.3020833333333333,
                0.24528301886792453,
                0.2916666666666667
            ],
            "weighted": [
                0.0,
                0.49695767195767193,
                0.7560783572688335,
                0.8182858643851552,
                0.8356831621537504,
                0.7758835072176566
            ]
        },
        "recall": {
            "macro": [
                0.0,
                0.14182407454296855,
                0.11217575946838619,
                0.16805935360082827,
                0.16072997023457855,
                0.15748221952139002
            ],
            "micro": [
                0.0,
                0.12169312169312169,
                0.14814814814814814,
                0.15343915343915343,
                0.13756613756613756,
                0.14814814814814814
            ],
            "weighted": [
                0.0,
                0.12169312169312169,
                0.14814814814814814,
                0.15343915343915343,
                0.13756613756613756,
                0.14814814814814814
            ]
        },