{
    "train": {
        "loss": [
            136.15870574116707,
            70.74008009582758,
            49.57241801172495,
            39.9599205236882,
            34.93216599524021,
            28.069618159905076
        ],
        "accuracy": {
            "macro": [
                0.837448959751118,
                0.925366916618599,
                0.944882394411331,
                0.9549445619432161,
                0.9592546305197719,
                0.9679869255912324
            ],
            "micro": [
                0.837448959751118,
                0.9253669166185989,
                0.9448823944113312,
                0.9549445619432161,
                0.9592546305197719,
                0.9679869255912324
            ]
        },
        "precision": {
            "macro": [
                0.6230516130823477,
                0.8441905137743783,
                0.8674137389850638,
                0.8940493285918835,
                0.9003546003203241,
                0.9237751082096818
            ],
            "micro": [
                0.6259469696969697,
                0.839622641509434,
                0.8636175924014041,
                0.8902798982188295,
                0.8975282697888523,
                0.9226706527154958
            ]
        },
        "recall": {
            "macro": [
                0.06473979256709826,
                0.6863720948108445,
                0.797888043787451,
                0.8343841053404937,
                0.8557097802669857,
                0.884233728311162
            ],
            "micro": [
                0.06418722081957662,
                0.6872259294566253,
                0.7978824876001526,
                0.8345577712050377,
                0.8551678108314263,
                0.8834080717488789
            ]
        },
        "f1": {
            "macro": [
                0.11297532084195477,
                0.754214560357196,
                0.8297621860463397,
                0.8621822430416519,
                0.8764860878089652,
                0.9031007820879707
            ],
            "micro": [
                0.11643473665668487,
                0.7558188299433843,
                0.8294496777392167,
                0.8615187629272136,
                0.8758361408134369,
                0.9026125950477676
            ]
        }
    },
    "val": {
        "loss": [
            23.040263235569,
            15.191907860338688,
            14.17935648187995,
            14.017161779105663,
            14.659581961110234,
            15.031216155737638
        ],
        "accuracy": {
            "macro": [
                0.8973810449889795,
                0.9345909503435759,
                0.9367950213924544,
                0.9392583949176715,
                0.9317386231038506,
                0.9338130429145598
            ],
            "micro": [
                0.8973810449889796,
                0.9345909503435758,
                0.9367950213924543,
                0.9392583949176715,
                0.9317386231038507,
                0.9338130429145598
            ]
        },
        "precision": {
            "macro": [
                0.7162163384729693,
                0.8362182285854335,
                0.8333304489644165,
                0.8379972554726342,
                0.8148913202936515,
                0.8144289240678418
            ],
            "micro": [
                0.8259723137771918,
                0.8326947637292464,
                0.8311903774367483,
                0.83083771752327,
                0.8139727159983464,
                0.8123238018525977
            ],
            "weighted": [
                0.7127725730395265,
                0.8351938895800187,
                0.8321038878249892,
                0.837229095018759,
                0.8142339601355373,
                0.8144353425834452
            ]
        },
        "recall": {
            "macro": [
                0.48498962589861194,
                0.7612873184378676,
                0.7795074841362827,
                0.7986328118841474,
                0.7677637307928423,
                0.7863136444440673
            ],
            "micro": [
                0.48716951788491447,
                0.76049766718507,
                0.7791601866251944,
                0.7982115085536547,
                0.7655520995334371,
                0.7842146189735615
            ],
            "weighted": [
                0.48716951788491447,
                0.76049766718507,
                0.7791601866251944,
                0.7982115085536547,
                0.7655520995334371,
                0.7842146189735615
            ]
        },
        "f1": {
            "macro": [
                0.5633757271316232,
                0.7962397837808718,
                0.8050498208431791,
                0.8159281303418053,
                0.7882796636128776,
                0.7986758164489879
            ],
            "micro": [
                0.6128637808755197,
                0.7949603739077422,
                0.8043347381095726,
                0.8141978980765417,
                0.7890202364255661,
                0.7980217606330366
            ],
            "weighted": [
                0.5636638905735103,
                0.7953396429062218,
                0.8042961006642727,
                0.8153493513264536,
                0.7866901250304207,
                0.7975917056333653
            ]
        }
    },
    "test": {
        "loss": [
            2.762108087539673,
            2.9454668164253235,
            2.931318700313568,
            3.3551960587501526,
            2.8981415033340454,
            3.2616644501686096
        ],
        "accuracy": {
            "macro": [
                0.6810344827586207,
                0.7227011494252874,
                0.7241379310344828,
                0.6910919540229884,
                0.735632183908046,
                0.7169540229885057
            ],
            "micro": [
                0.6810344827586207,
                0.7227011494252874,
                0.7241379310344828,
                0.6910919540229885,
                0.735632183908046,
                0.7169540229885057
            ]
        },
        "precision": {
            "macro": [
                0.029411764705882356,
                0.25575522668545925,
                0.5987496874218555,
                0.5102824387379871,
                0.7610917537746805,
                0.6551573426573427
            ],
            "micro": [
                0.17647058823529413,
                0.4782608695652174,
                0.4827586206896552,
                0.37254901960784315,
                0.5252525252525253,
                0.45918367346938777
            ],
            "weighted": [
                0.012138188608776846,
                0.3776357148450172,
                0.6498680225611959,
                0.6078946684304986,
                0.807676566561584,
                0.7515031265031265
            ]
        },
        "recall": {
            "macro": [
                0.11538461538461538,
                0.2196489293263487,
                0.22090020940827393,
                0.23749794858665826,
                0.255547760184857,
                0.26523043115785055
            ],
            "micro": [
                0.047619047619047616,
                0.2328042328042328,
                0.2222222222222222,
                0.20105820105820105,
                0.2751322751322751,
                0.23809523809523808
            ],
            "weighted": [
                0.047619047619047616,
                0.2328042328042328,
                0.2222222222222222,
                0.20105820105820105,
                0.2751322751322751,
                0.23809523809523808
            ]
        },