{
    "train": {
        "loss": [
            55.99533945322037,
            43.19270829856396,
            36.88469134271145,
            31.637593507766724,
            27.65595307946205,
            24.061289630830288,
            19.895387150347233,
            17.791418358683586
        ],
        "accuracy": {
            "macro": [
                0.8640237020316028,
                0.8812205062205062,
                0.8901490776490778,
                0.9048691548691549,
                0.9187580437580437,
                0.9319766194766196,
                0.9472865722865723,
                0.9530512655512654
            ],
            "micro": [
                0.8640237020316027,
                0.8812205062205062,
                0.8901490776490777,
                0.9048691548691549,
                0.9187580437580437,
                0.9319766194766195,
                0.9472865722865723,
                0.9530512655512655
            ]
        },
        "precision": {
            "macro": [
                0.0734966037862009,
                0.29617340242340245,
                0.6337134795027874,
                0.7609963050688799,
                0.8016195760728926,
                0.8360582309699502,
                0.8718329124355668,
                0.8821575704347997
            ],
            "micro": [
                0.11558669001751314,
                0.7511737089201878,
                0.7933801404212638,
                0.7908533184606804,
                0.8147704590818363,
                0.8365079365079365,
                0.8634850166481687,
                0.8738069989395546
            ]
        },
        "recall": {
            "macro": [
                0.015007265483946573,
                0.03367723905694615,
                0.17728839169156835,
                0.3145517527573961,
                0.4545146656983571,
                0.5866565459197286,
                0.6981540891265943,
                0.7462678801781919
            ],
            "micro": [
                0.015068493150684932,
                0.03526559400484902,
                0.16894489534387014,
                0.3088651709867131,
                0.4430214890384198,
                0.5658149022976164,
                0.678587003924989,
                0.7210676000875083
            ]
        },
        "f1": {
            "macro": [
                0.020118017822665406,
                0.05552667188497296,
                0.2342255746703848,
                0.38851366897436934,
                0.543536804697315,
                0.669058658024363,
                0.7631546518539105,
                0.8010002014654664
            ],
            "micro": [
                0.026661280549383964,
                0.06736842105263159,
                0.27857017080471913,
                0.44423558897243104,
                0.5739595050618672,
                0.675035224798258,
                0.7599511599511599,
                0.7901234567901234
            ]
        }
    },
    "val": {
        "loss": [
            10.560288667678833,
            9.192456245422363,
            8.529053643345833,
            8.494140818715096,
            8.607560977339745,
            8.858642518520355,
            8.960178822278976,
            9.104787394404411
        ],
        "accuracy": {
            "macro": [
                0.8973779385171792,
                0.8982820976491863,
                0.8980560578661845,
                0.8979430379746834,
                0.8953435804701627,
                0.8918399638336347,
                0.8908227848101267,
                0.8911618444846293
            ],
            "micro": [
                0.8973779385171791,
                0.8982820976491862,
                0.8980560578661845,
                0.8979430379746836,
                0.8953435804701627,
                0.8918399638336347,
                0.8908227848101266,
                0.8911618444846293
            ]
        },
        "precision": {
            "macro": [
                0.0,
                0.11875,
                0.3386661922833649,
                0.49691765626595913,
                0.48140032902800256,
                0.49507056522244763,
                0.45747699074395265,
                0.48238704188653353
            ],
            "micro": [
                0,
                0.7222222222222222,
                0.5205479452054794,
                0.5068493150684932,
                0.4790697674418605,
                0.46153846153846156,
                0.45292207792207795,
                0.46099290780141844
            ],
            "weighted": [
                0.0,
                0.1488986784140969,
                0.3500665947777434,
                0.4854068389317905,
                0.5113249125545021,
                0.480176847309936,
                0.45872597071241844,
                0.4809511764747463
            ]
        },
        "recall": {
            "macro": [
                0.0,
                0.02513184489928676,
                0.08553601422226745,
                0.19402251123651126,
                0.21363890550625336,
                0.29713049297203137,
                0.2881363513234838,
                0.30097530220142454
            ],
            "micro": [
                0.0,
                0.014317180616740088,
                0.08370044052863436,
                0.20374449339207049,
                0.22687224669603523,
                0.3237885462555066,
                0.30726872246696035,
                0.3579295154185022
            ],
            "weighted": [
                0.0,
                0.014317180616740088,
                0.08370044052863436,
                0.20374449339207049,
                0.22687224669603523,
                0.3237885462555066,
                0.30726872246696035,
                0.3579295154185022
            ]
        },
        "f1": {
            "macro": [
                0.0,
                0.03923716778251167,
                0.1325880001070833,
                0.2632810384712441,
                0.27201497774155736,
                0.33924438837967635,
                0.3318532875682826,
                0.3425333220161618
            ],
            "micro": [
                0,
                0.028077753779697626,
                0.14421252371916507,
                0.2906520031421838,
                0.30792227204783257,
                0.3805825242718447,
                0.3661417322834646,
                0.40297582145071303
            ],
            "weighted": [
                0.0,
                0.023624543406236403,
                0.12997744306746026,
                0.2751941187269944,
                0.2879854348074314,
                0.36434693742623253,
                0.35753235137219885,
                0.38936346520075726
            ]
        }
    },
    "test": {
        "loss": [
            2.4619931280612946,
            2.1646384447813034,
            2.0303494036197662,
            2.0124761164188385,
            2.0627996027469635,
            2.099318504333496,
            2.0419910550117493,
            2.1103096902370453
        ],
        "accuracy": {
            "macro": [
                0.8981681034482758,
                0.898706896551724,
                0.9003232758620688,
                0.8981681034482758,
                0.8965517241379309,
                0.8927801724137929,
                0.8987068965517242,
                0.889008620689655
            ],
            "micro": [
                0.8981681034482759,
                0.8987068965517241,
                0.900323275862069,
                0.8981681034482759,
                0.896551724137931,
                0.8927801724137931,
                0.8987068965517241,
                0.8890086206896551
            ]
        },