{
    "train": {
        "loss": [
            57.44283387064934,
            45.45736861228943,
            37.47003099322319,
            32.124790742993355,
            28.220775291323662,
            23.318762123584747,
            19.924400493502617,
            17.348126284778118
        ],
        "accuracy": {
            "macro": [
                0.8468834688346885,
                0.8779238197424893,
                0.8918723175965666,
                0.904104077253219,
                0.9190718884120171,
                0.9359978540772531,
                0.9476394849785408,
                0.956464592274678
            ],
            "micro": [
                0.8468834688346883,
                0.8779238197424892,
                0.8918723175965665,
                0.9041040772532188,
                0.9190718884120171,
                0.9359978540772532,
                0.9476394849785408,
                0.9564645922746781
            ]
        },
        "precision": {
            "macro": [
                0.12517357334134338,
                0.3062217671251348,
                0.6146517562201224,
                0.6767324633835169,
                0.7988875028303473,
                0.8541005774736042,
                0.8768442791312665,
                0.8898940463320548
            ],
            "micro": [
                0.13874538745387455,
                0.7842105263157895,
                0.7972972972972973,
                0.8008249852681202,
                0.8241419205553413,
                0.8555023923444977,
                0.8684571115374075,
                0.8837991718426501
            ]
        },
        "recall": {
            "macro": [
                0.03930015898952968,
                0.027599431138697738,
                0.16652468558922362,
                0.3075416783633902,
                0.4536137350061836,
                0.5915235426345986,
                0.6875958272645004,
                0.7590890992287522
            ],
            "micro": [
                0.042294713160854897,
                0.03198111182657223,
                0.1666304583966978,
                0.29569190600522194,
                0.4548744146445296,
                0.581148429035753,
                0.682826976944624,
                0.7441708433209849
            ]
        },
        "f1": {
            "macro": [
                0.05438259228083942,
                0.04661788170302744,
                0.22248136010278866,
                0.3679503800875824,
                0.5344918694095006,
                0.6707619169728133,
                0.7482812386270562,
                0.8103290432134936
            ],
            "micro": [
                0.06482758620689656,
                0.061455970303155284,
                0.2756513926325247,
                0.4319084697282696,
                0.5862021670552737,
                0.6921290322580645,
                0.7645355850422196,
                0.8079971607713238
            ]
        }
    },
    "val": {
        "loss": [
            10.718546450138092,
            9.498410120606422,
            9.210902065038681,
            8.839591398835182,
            8.937568753957748,
            9.07193511724472,
            9.27531872689724,
            9.49898287653923
        ],
        "accuracy": {
            "macro": [
                0.8958709386281589,
                0.8964350180505416,
                0.8940658844765343,
                0.8912454873646211,
                0.8923736462093864,
                0.8843637184115524,
                0.8845893501805054,
                0.8836868231046932
            ],
            "micro": [
                0.8958709386281588,
                0.8964350180505415,
                0.8940658844765343,
                0.891245487364621,
                0.8923736462093863,
                0.8843637184115524,
                0.8845893501805054,
                0.8836868231046932
            ]
        },
        "precision": {
            "macro": [
                0.0,
                0.21365613553113552,
                0.21479532148934447,
                0.41671481188961296,
                0.489480519120882,
                0.4707969731797258,
                0.4646997834925514,
                0.4764857679149179
            ],
            "micro": [
                0,
                0.5454545454545454,
                0.44936708860759494,
                0.45243619489559167,
                0.46420323325635104,
                0.42388059701492536,
                0.4289772727272727,
                0.43333333333333335
            ],
            "weighted": [
                0.0,
                0.22559618063410047,
                0.257079680842593,
                0.4092309974354383,
                0.5269960320099846,
                0.4691753237261022,
                0.4642504727371206,
                0.4489357676311765
            ]
        },
        "recall": {
            "macro": [
                0.0,
                0.061093382636768785,
                0.1267274935384827,
                0.23230147095198278,
                0.25920631362569,
                0.3342365425704183,
                0.34301895439590857,
                0.37568605649693815
            ],
            "micro": [
                0.0,
                0.032502708559046585,
                0.07692307692307693,
                0.2112676056338028,
                0.21776814734561215,
                0.3076923076923077,
                0.3271939328277356,
                0.38028169014084506
            ],
            "weighted": [
                0.0,
                0.032502708559046585,
                0.07692307692307693,
                0.2112676056338028,
                0.21776814734561215,
                0.3076923076923077,
                0.3271939328277356,
                0.38028169014084506
            ]
        },
        "f1": {
            "macro": [
                0.0,
                0.08574089008552174,
                0.1284289950780925,
                0.25648157942031014,
                0.2872175678753973,
                0.3561494463884271,
                0.3717486961015602,
                0.40351192622282017
            ],
            "micro": [
                0,
                0.061349693251533735,
                0.13135985198889916,
                0.2880354505169867,
                0.29646017699115046,
                0.35655994978028877,
                0.3712354025814383,
                0.4050778995960762
            ],
            "weighted": [
                0.0,
                0.048866244526097065,
                0.09393690664624044,
                0.24710614395045552,
                0.2570528273620002,
                0.3359939935713019,
                0.3585340110467699,
                0.40101216715917637
            ]
        }
    },
    "test": {
        "loss": [
            2.4807074069976807,
            2.217236429452896,
            2.1045292168855667,
            2.0374189913272858,
            2.0792510211467743,
            2.078065812587738,
            2.117195248603821,
            2.1811895072460175
        ],
        "accuracy": {
            "macro": [
                0.8981681034482758,
                0.8970905172413792,
                0.8960129310344825,
                0.9003232758620688,
                0.8997844827586207,
                0.892780172413793,
                0.8927801724137929,
                0.8879310344827586
            ],
            "micro": [
                0.8981681034482759,
                0.8970905172413793,
                0.8960129310344828,
                0.900323275862069,
                0.8997844827586207,
                0.8927801724137931,
                0.8927801724137931,
                0.8879310344827587
            ]
        },