{
    "train": {
        "loss": [
            56.45621171593666,
            45.260184198617935,
            38.296073004603386,
            32.642667919397354,
            28.735388979315758,
            24.281076088547707,
            20.285576976835728,
            17.57198539376259
        ],
        "accuracy": {
            "macro": [
                0.8554176072234763,
                0.8766891891891891,
                0.8867438867438867,
                0.902321964821965,
                0.9150847275847275,
                0.9339339339339339,
                0.9468039468039469,
                0.9560810810810813
            ],
            "micro": [
                0.8554176072234763,
                0.8766891891891891,
                0.8867438867438867,
                0.9023219648219648,
                0.9150847275847276,
                0.933933933933934,
                0.9468039468039467,
                0.956081081081081
            ]
        },
        "precision": {
            "macro": [
                0.1513292146588731,
                0.4303385416666667,
                0.578618578232295,
                0.8197339670627516,
                0.8121139623424386,
                0.8580231976947805,
                0.8844346282904914,
                0.9001796447583706
            ],
            "micro": [
                0.13987473903966596,
                0.7971014492753623,
                0.7835616438356164,
                0.7982860909690178,
                0.8061831153388823,
                0.8543217869860796,
                0.8658020862700874,
                0.882230869001297
            ]
        },
        "recall": {
            "macro": [
                0.02922274857364702,
                0.00894638028742693,
                0.1248162760397153,
                0.2840785353397262,
                0.4455138124393691,
                0.5858643638782306,
                0.697402430559793,
                0.7689187960005937
            ],
            "micro": [
                0.030221019395579612,
                0.011853448275862068,
                0.12332902112979732,
                0.2662708883025506,
                0.43166383701188454,
                0.5671609714162905,
                0.6706704520637694,
                0.7417666303162487
            ]
        },
        "f1": {
            "macro": [
                0.04183704455104341,
                0.01693634392074952,
                0.18691123526714284,
                0.3592232477920714,
                0.5396081127962025,
                0.6766011293274743,
                0.7668139320746628,
                0.8218507668439636
            ],
            "micro": [
                0.049703264094955485,
                0.023359524315141218,
                0.21311475409836061,
                0.39934047815333884,
                0.5622667588113338,
                0.6817359855334538,
                0.7558454344080728,
                0.8059241706161138
            ]
        }
    },
    "val": {
        "loss": [
            10.508153736591339,
            9.419556826353073,
            8.993624657392502,
            8.9775300770998,
            8.61127220094204,
            8.742255702614784,
            9.214617103338242,
            9.435823187232018
        ],
        "accuracy": {
            "macro": [
                0.898395117540687,
                0.8992992766726943,
                0.8995253164556961,
                0.8956826401446653,
                0.893648282097649,
                0.8905967450271248,
                0.8921790235081375,
                0.886754068716094
            ],
            "micro": [
                0.8983951175406871,
                0.8992992766726944,
                0.8995253164556962,
                0.8956826401446655,
                0.8936482820976492,
                0.8905967450271248,
                0.8921790235081374,
                0.8867540687160941
            ]
        },
        "precision": {
            "macro": [
                0.0,
                0.046875,
                0.3300699300699301,
                0.4166428576770687,
                0.40586081983503075,
                0.4692493996892732,
                0.4727653677357539,
                0.4284112684193691
            ],
            "micro": [
                0,
                0.75,
                0.5625,
                0.4612903225806452,
                0.4461538461538462,
                0.44532488114104596,
                0.4506283662477558,
                0.4287690179806362
            ],
            "weighted": [
                0.0,
                0.03337041156840934,
                0.34548488219233486,
                0.4643862048149471,
                0.4182640754934583,
                0.4455969185091758,
                0.4864281101301759,
                0.4315387538824015
            ]
        },
        "recall": {
            "macro": [
                0.0,
                0.01875,
                0.10834594581007329,
                0.19052242478432746,
                0.22909950321822586,
                0.2847751919771835,
                0.30615306242909757,
                0.33456145616672406
            ],
            "micro": [
                0.0,
                0.013348164627363738,
                0.05005561735261402,
                0.15906562847608455,
                0.1935483870967742,
                0.3125695216907675,
                0.27919911012235815,
                0.3448275862068966
            ],
            "weighted": [
                0.0,
                0.013348164627363738,
                0.05005561735261402,
                0.15906562847608455,
                0.1935483870967742,
                0.3125695216907675,
                0.27919911012235815,
                0.3448275862068966
            ]
        },
        "f1": {
            "macro": [
                0.0,
                0.02678571428571428,
                0.12888290901169117,
                0.2189047266635374,
                0.27358726162418706,
                0.32290329711883053,
                0.3394468857945819,
                0.35843199453127117
            ],
            "micro": [
                0,
                0.02622950819672131,
                0.09193054136874362,
                0.23655913978494625,
                0.2699767261442979,
                0.36732026143790847,
                0.3447802197802198,
                0.38224414303329224
            ],
            "weighted": [
                0.0,
                0.01906880661051962,
                0.06645051224206748,
                0.1987634699123911,
                0.25179522974201723,
                0.3456533910752153,
                0.32861259814932514,
                0.36640200047350135
            ]
        }
    },
    "test": {
        "loss": [
            2.4461799561977386,
            2.1588156819343567,
            2.1244560331106186,
            2.1731434613466263,
            2.047971546649933,
            2.133933961391449,
            2.1075815558433533,
            2.334777683019638
        ],
        "accuracy": {
            "macro": [
                0.8981681034482758,
                0.8992456896551724,
                0.8965517241379308,
                0.8960129310344827,
                0.8933189655172414,
                0.8857758620689654,
                0.8938577586206896,
                0.8776939655172414
            ],
            "micro": [
                0.8981681034482759,
                0.8992456896551724,
                0.896551724137931,
                0.8960129310344828,
                0.8933189655172413,
                0.8857758620689655,
                0.8938577586206896,
                0.8776939655172413
            ]
        },