{
    "train": {
        "loss": [
            55.93866381049156,
            44.5749845802784,
            37.92125856876373,
            33.211244747042656,
            28.951365113258362,
            24.8535635471344,
            22.21264063566923,
            18.988577112555504
        ],
        "accuracy": {
            "macro": [
                0.8619579945799459,
                0.8765289699570815,
                0.8864270386266094,
                0.900670600858369,
                0.9137875536480685,
                0.9290504291845494,
                0.9398873390557939,
                0.9498390557939915
            ],
            "micro": [
                0.8619579945799458,
                0.8765289699570815,
                0.8864270386266094,
                0.9006706008583691,
                0.9137875536480686,
                0.9290504291845494,
                0.939887339055794,
                0.9498390557939914
            ]
        },
        "precision": {
            "macro": [
                0.106057280628109,
                0.2585937210937211,
                0.5888387134369063,
                0.7330087253703397,
                0.7712858336908864,
                0.832001172615332,
                0.8564039959316575,
                0.8616786245128687
            ],
            "micro": [
                0.14745762711864407,
                0.76,
                0.7674661105318039,
                0.7853277209861695,
                0.7932557205941388,
                0.8267100977198697,
                0.849755817293881,
                0.8632742225648934
            ]
        },
        "recall": {
            "macro": [
                0.01847875686418906,
                0.028239955969074016,
                0.14878280450153394,
                0.28448970592906453,
                0.4164627893044433,
                0.5564252293015195,
                0.6507169977063243,
                0.7246999929359405
            ],
            "micro": [
                0.019445686186857398,
                0.032292330571489274,
                0.15504529176321888,
                0.28073946689595874,
                0.42267379679144385,
                0.5456890991184692,
                0.6325919589392643,
                0.7151373216946988
            ]
        },
        "f1": {
            "macro": [
                0.026794536810126793,
                0.04690530718217787,
                0.20443712144216272,
                0.3512929499132798,
                0.48869352494982665,
                0.6404058283119655,
                0.7268476983873013,
                0.7787396403171963
            ],
            "micro": [
                0.03436018957345971,
                0.061952313022213164,
                0.25797406239046616,
                0.413618368962787,
                0.551493162154619,
                0.6574277943271598,
                0.7252666421478485,
                0.7822543083372148
            ]
        }
    },
    "val": {
        "loss": [
            10.308061242103577,
            9.176755249500275,
            8.522123634815216,
            8.885670080780983,
            8.64339530467987,
            8.666770905256271,
            9.019592002034187,
            9.480636090040207
        ],
        "accuracy": {
            "macro": [
                0.8991425992779783,
                0.9000451263537907,
                0.9002707581227437,
                0.8905685920577618,
                0.8923736462093864,
                0.891471119133574,
                0.8907942238267148,
                0.8828971119133574
            ],
            "micro": [
                0.8991425992779783,
                0.9000451263537906,
                0.9002707581227437,
                0.8905685920577617,
                0.8923736462093863,
                0.891471119133574,
                0.8907942238267148,
                0.8828971119133574
            ]
        },
        "precision": {
            "macro": [
                0.0,
                0.13217364532019704,
                0.2596177210108181,
                0.4609092782604303,
                0.4445887070983696,
                0.4424893228343352,
                0.47597203842579355,
                0.41891532722793245
            ],
            "micro": [
                0,
                0.5363636363636364,
                0.5280898876404494,
                0.42016806722689076,
                0.4444444444444444,
                0.43253968253968256,
                0.4401294498381877,
                0.4124087591240876
            ],
            "weighted": [
                0.0,
                0.16091568309804827,
                0.2663308645798827,
                0.4042373628282918,
                0.45912493775134966,
                0.4139204129393588,
                0.4577829091682288,
                0.4134256991674624
            ]
        },
        "recall": {
            "macro": [
                0.0,
                0.06592048488234928,
                0.11128692532128655,
                0.27582745126445557,
                0.3035572996071807,
                0.31934817253376235,
                0.35155991437670736,
                0.37143687416756194
            ],
            "micro": [
                0.0,
                0.06599552572706935,
                0.10514541387024609,
                0.22371364653243847,
                0.2684563758389262,
                0.24384787472035793,
                0.3042505592841163,
                0.37919463087248323
            ],
            "weighted": [
                0.0,
                0.06599552572706935,
                0.10514541387024609,
                0.22371364653243847,
                0.2684563758389262,
                0.24384787472035793,
                0.3042505592841163,
                0.37919463087248323
            ]
        },
        "f1": {
            "macro": [
                0.0,
                0.07823916800762859,
                0.140946483997894,
                0.2925016938381901,
                0.33158891961682896,
                0.34181167713513305,
                0.3807013701067555,
                0.38311506341446516
            ],
            "micro": [
                0,
                0.11752988047808764,
                0.17537313432835822,
                0.29197080291970806,
                0.3347280334728033,
                0.31187410586552217,
                0.35978835978835977,
                0.39510489510489505
            ],
            "weighted": [
                0.0,
                0.08835522404497047,
                0.13797207344246587,
                0.25553089219117264,
                0.3150890160906053,
                0.2913782721321246,
                0.3466338864937382,
                0.382273446607469
            ]
        }
    },
    "test": {
        "loss": [
            2.4207614064216614,
            2.1466216444969177,
            1.9970052242279053,
            2.099015459418297,
            1.988627403974533,
            2.0065679997205734,
            2.1260060220956802,
            2.1732431650161743
        ],
        "accuracy": {
            "macro": [
                0.8981681034482758,
                0.9008620689655171,
                0.8992456896551724,
                0.8906249999999999,
                0.8933189655172413,
                0.8938577586206896,
                0.8863146551724137,
                0.8884698275862067
            ],
            "micro": [
                0.8981681034482759,
                0.9008620689655172,
                0.8992456896551724,
                0.890625,
                0.8933189655172413,
                0.8938577586206896,
                0.8863146551724138,
                0.8884698275862069
            ]
        },