{
    "train": {
        "loss": [
            55.6266755759716,
            42.9056254029274,
            35.782313615083694,
            31.244214192032814,
            26.323066264390945,
            22.292563557624817,
            19.470083311200142,
            16.951968774199486
        ],
        "accuracy": {
            "macro": [
                0.8666158536585367,
                0.8803648068669528,
                0.8940450643776824,
                0.908074034334764,
                0.9241952789699571,
                0.939431330472103,
                0.9480418454935623,
                0.9571083690987124
            ],
            "micro": [
                0.8666158536585366,
                0.8803648068669528,
                0.8940450643776824,
                0.908074034334764,
                0.9241952789699571,
                0.939431330472103,
                0.9480418454935622,
                0.9571083690987124
            ]
        },
        "precision": {
            "macro": [
                0.06707426428629656,
                0.5382649613899614,
                0.6673110144668551,
                0.8104624864554103,
                0.8314844562320738,
                0.8588499220017122,
                0.8714688416182335,
                0.8931650771480565
            ],
            "micro": [
                0.13404825737265416,
                0.8492647058823529,
                0.7856440511307768,
                0.8061224489795918,
                0.8243093922651934,
                0.8588861076345432,
                0.8605087014725569,
                0.8841660452398707
            ]
        },
        "recall": {
            "macro": [
                0.011079953380477538,
                0.04299269521394691,
                0.18924648122737442,
                0.3497195079454504,
                0.5187109226214051,
                0.6228567169052764,
                0.7150282867725607,
                0.7781427463656099
            ],
            "micro": [
                0.011230907457322551,
                0.04967741935483871,
                0.17634076362833812,
                0.3286621414495292,
                0.48790058862001306,
                0.6030316344463972,
                0.6941684665226782,
                0.7584221748400853
            ]
        },
        "f1": {
            "macro": [
                0.014568946003038194,
                0.06800372173202456,
                0.2540186752125532,
                0.4388274214796127,
                0.6041952910021563,
                0.7057827921009584,
                0.7768721204482348,
                0.8278357845744179
            ],
            "micro": [
                0.02072538860103627,
                0.09386428281186508,
                0.28803172314347514,
                0.46694664800124436,
                0.6129827444535744,
                0.7085699535363964,
                0.7684399282725644,
                0.8164811201652704
            ]
        }
    },
    "val": {
        "loss": [
            10.613327085971832,
            9.765834540128708,
            9.134363114833832,
            8.861605241894722,
            8.82952456176281,
            9.127554565668106,
            9.39033618569374,
            9.85483667254448
        ],
        "accuracy": {
            "macro": [
                0.8928249097472925,
                0.8898916967509025,
                0.8913583032490975,
                0.8854918772563176,
                0.8914711191335741,
                0.8842509025270759,
                0.8837996389891697,
                0.8805279783393503
            ],
            "micro": [
                0.8928249097472925,
                0.8898916967509025,
                0.8913583032490975,
                0.8854918772563177,
                0.891471119133574,
                0.8842509025270758,
                0.8837996389891697,
                0.8805279783393501
            ]
        },
        "precision": {
            "macro": [
                0.0,
                0.2089041095890411,
                0.41704282407407406,
                0.3733035788311096,
                0.437460433693873,
                0.41508170333534106,
                0.4033062860498141,
                0.41246673092356145
            ],
            "micro": [
                0,
                0.3617021276595745,
                0.4694835680751174,
                0.4209245742092457,
                0.48507462686567165,
                0.44508670520231214,
                0.44594594594594594,
                0.4281949934123847
            ],
            "weighted": [
                0.0,
                0.1873527998077385,
                0.5003877995642702,
                0.41794571118755725,
                0.4675822431538639,
                0.45662496726104784,
                0.44268659699181817,
                0.44922217611996385
            ]
        },
        "recall": {
            "macro": [
                0.0,
                0.06382966045111076,
                0.11541920316487962,
                0.1808203886783165,
                0.20632022650678153,
                0.3060222268074077,
                0.3254988654478766,
                0.3045112713759671
            ],
            "micro": [
                0.0,
                0.035789473684210524,
                0.10526315789473684,
                0.18210526315789474,
                0.20526315789473684,
                0.32421052631578945,
                0.3473684210526316,
                0.34210526315789475
            ],
            "weighted": [
                0.0,
                0.035789473684210524,
                0.10526315789473684,
                0.18210526315789474,
                0.20526315789473684,
                0.32421052631578945,
                0.3473684210526316,
                0.34210526315789475
            ]
        },
        "f1": {
            "macro": [
                0.0,
                0.0710388995176731,
                0.14034228504179347,
                0.22448992841262772,
                0.26745092402137416,
                0.3352212269488684,
                0.34955717190460533,
                0.33486429109774557
            ],
            "micro": [
                0,
                0.06513409961685823,
                0.17196904557179707,
                0.2542248346803821,
                0.28846153846153844,
                0.3751522533495737,
                0.3905325443786982,
                0.38033937975424226
            ],
            "weighted": [
                0.0,
                0.03615758146741265,
                0.1416207688333783,
                0.234378060043411,
                0.2719307055532072,
                0.3624186761625325,
                0.37820608622169716,
                0.36778880531587993
            ]
        }
    },
    "test": {
        "loss": [
            2.400934875011444,
            2.193583160638809,
            1.9953221678733826,
            1.960858553647995,
            1.9190586805343628,
            1.9902282506227493,
            2.011775717139244,
            2.074394389986992
        ],
        "accuracy": {
            "macro": [
                0.8981681034482758,
                0.8954741379310345,
                0.8981681034482758,
                0.892780172413793,
                0.8965517241379309,
                0.8922413793103449,
                0.8965517241379308,
                0.8960129310344827
            ],
            "micro": [
                0.8981681034482759,
                0.8954741379310345,
                0.8981681034482759,
                0.8927801724137931,
                0.896551724137931,
                0.8922413793103449,
                0.896551724137931,
                0.8960129310344828
            ]
        },