{
    "train": {
        "loss": [
            58.86159920692444,
            47.9399718940258,
            40.33715410530567,
            34.74042135477066,
            29.879102021455765,
            25.272914588451385,
            21.442100510001183,
            18.1350005120039
        ],
        "accuracy": {
            "macro": [
                0.8398984198645599,
                0.8755362505362507,
                0.8829901329901328,
                0.8974152724152723,
                0.9129933504933503,
                0.9296171171171171,
                0.944471256971257,
                0.9548208923208923
            ],
            "micro": [
                0.8398984198645598,
                0.8755362505362505,
                0.882990132990133,
                0.8974152724152724,
                0.9129933504933505,
                0.9296171171171171,
                0.944471256971257,
                0.9548208923208923
            ]
        },
        "precision": {
            "macro": [
                0.13223176966809513,
                0.06770833333333334,
                0.5681704614314694,
                0.693129269274856,
                0.8188242203690783,
                0.8396183669989774,
                0.8837081028420428,
                0.8954563417832029
            ],
            "micro": [
                0.12620192307692307,
                0.5641025641025641,
                0.7635933806146572,
                0.8154335719968179,
                0.8144522144522145,
                0.8406871000336814,
                0.8682788051209104,
                0.8786717752234994
            ]
        },
        "recall": {
            "macro": [
                0.04475669343668282,
                0.0027118256016137915,
                0.06932159993533582,
                0.22796696064963523,
                0.4025157116922674,
                0.5519875209640545,
                0.6775668258619858,
                0.7617737928888427
            ],
            "micro": [
                0.04740406320541761,
                0.004734237142242307,
                0.07041639415740135,
                0.221909504221693,
                0.3802786242925555,
                0.5370051635111877,
                0.6549356223175966,
                0.7397849462365591
            ]
        },
        "f1": {
            "macro": [
                0.05394114574677846,
                0.005097814770289159,
                0.11155690273967274,
                0.3147998791939646,
                0.4993136332826453,
                0.6420739430870975,
                0.7527983861805797,
                0.8151501907077912
            ],
            "micro": [
                0.06892024942566458,
                0.009389671361502348,
                0.12894211576846307,
                0.3488767869298843,
                0.5184745511203442,
                0.6553761323355651,
                0.7466666666666666,
                0.8032691185055458
            ]
        }
    },
    "val": {
        "loss": [
            10.898220479488373,
            9.666969209909439,
            9.008907556533813,
            8.715547442436218,
            8.586591705679893,
            9.156997099518776,
            9.314401715993881,
            9.35953976213932
        ],
        "accuracy": {
            "macro": [
                0.898395117540687,
                0.8977169981916816,
                0.898395117540687,
                0.8963607594936708,
                0.8946654611211575,
                0.8889014466546113,
                0.8841546112115731,
                0.8852848101265822
            ],
            "micro": [
                0.8983951175406871,
                0.8977169981916817,
                0.8983951175406871,
                0.8963607594936709,
                0.8946654611211573,
                0.8889014466546112,
                0.8841546112115732,
                0.8852848101265823
            ]
        },
        "precision": {
            "macro": [
                0.0,
                0.04375,
                0.1803886217948718,
                0.39222484827264237,
                0.3921715000068676,
                0.39711093787664,
                0.40250258468499217,
                0.47934212695279815
            ],
            "micro": [
                0,
                0.3125,
                0.5,
                0.47368421052631576,
                0.45646437994722955,
                0.41923076923076924,
                0.40425531914893614,
                0.41185410334346506
            ],
            "weighted": [
                0.0,
                0.04560622914349277,
                0.20658459541941188,
                0.42347181067458495,
                0.3939359122311883,
                0.43110251032501795,
                0.4024535152967284,
                0.4244805123210361
            ]
        },
        "recall": {
            "macro": [
                0.0,
                0.00587797619047619,
                0.06718103002070393,
                0.202668714677739,
                0.21931155541096273,
                0.27128022146140446,
                0.29989279719503886,
                0.3039199117151345
            ],
            "micro": [
                0.0,
                0.0055617352614015575,
                0.05116796440489433,
                0.18020022246941045,
                0.19243604004449388,
                0.2424916573971079,
                0.29588431590656283,
                0.3014460511679644
            ],
            "weighted": [
                0.0,
                0.0055617352614015575,
                0.05116796440489433,
                0.18020022246941045,
                0.19243604004449388,
                0.2424916573971079,
                0.29588431590656283,
                0.3014460511679644
            ]
        },
        "f1": {
            "macro": [
                0.0,
                0.010326086956521738,
                0.09259840424055756,
                0.21784030468763188,
                0.26341128194034413,
                0.29726161097969567,
                0.3274220796758196,
                0.3518441213533284
            ],
            "micro": [
                0,
                0.01092896174863388,
                0.09283551967709384,
                0.26107977437550367,
                0.270735524256651,
                0.3072586328400282,
                0.3416827231856134,
                0.3481053307642903
            ],
            "weighted": [
                0.0,
                0.009866034724573198,
                0.07939110065454258,
                0.2145781397669534,
                0.24214997605586358,
                0.284846107239599,
                0.3259454775803583,
                0.34460411993527695
            ]
        }
    },
    "test": {
        "loss": [
            2.511823058128357,
            2.249927580356598,
            2.097553715109825,
            2.032051369547844,
            1.974607527256012,
            2.1053450405597687,
            2.1358583122491837,
            2.214715987443924
        ],
        "accuracy": {
            "macro": [
                0.8981681034482758,
                0.8992456896551724,
                0.9003232758620688,
                0.8922413793103448,
                0.892780172413793,
                0.8900862068965516,
                0.8884698275862069,
                0.8900862068965517
            ],
            "micro": [
                0.8981681034482759,
                0.8992456896551724,
                0.900323275862069,
                0.8922413793103449,
                0.8927801724137931,
                0.8900862068965517,
                0.8884698275862069,
                0.8900862068965517
            ]
        },