{
    "train": {
        "loss": [
            59.68121826648712,
            47.35357344150543,
            39.73757514357567,
            33.82593873143196,
            29.323296949267387,
            24.956669315695763,
            21.343692667782307,
            17.953720033168793
        ],
        "accuracy": {
            "macro": [
                0.8316960252935862,
                0.8751877682403433,
                0.8841738197424894,
                0.9006706008583691,
                0.9150214592274679,
                0.9309012875536481,
                0.9450107296137339,
                0.9555793991416309
            ],
            "micro": [
                0.8316960252935862,
                0.8751877682403434,
                0.8841738197424893,
                0.9006706008583691,
                0.9150214592274678,
                0.9309012875536481,
                0.9450107296137339,
                0.9555793991416309
            ]
        },
        "precision": {
            "macro": [
                0.09903681220905955,
                0.102759009009009,
                0.5790927521437994,
                0.6203368466508461,
                0.8036888515059759,
                0.8614811512557804,
                0.8766883542730259,
                0.8942763950231719
            ],
            "micro": [
                0.11147721032399781,
                0.7,
                0.7794561933534743,
                0.7967332123411979,
                0.8151041666666666,
                0.8511125654450262,
                0.8765085602020769,
                0.8876811594202898
            ]
        },
        "recall": {
            "macro": [
                0.04637194385198203,
                0.0058966064586754244,
                0.1028400556267228,
                0.26401322284315765,
                0.39072868430751384,
                0.5376249512445829,
                0.6564824310373073,
                0.7460552890282265
            ],
            "micro": [
                0.04464482076094128,
                0.0074898352236250805,
                0.11006825938566553,
                0.28116994022203246,
                0.4064935064935065,
                0.5508259212198221,
                0.659835199661948,
                0.7373172828890799
            ]
        },
        "f1": {
            "macro": [
                0.05203220259916498,
                0.010757702099311026,
                0.15591007264672171,
                0.34921677485323677,
                0.4743211482391586,
                0.6246534004431923,
                0.7321251656752873,
                0.8030714804031424
            ],
            "micro": [
                0.06375628140703518,
                0.014821088291340248,
                0.19289719626168225,
                0.41565409499763295,
                0.5424610051993067,
                0.6688094625867833,
                0.7528929604628737,
                0.8055425082198214
            ]
        }
    },
    "val": {
        "loss": [
            10.699264913797379,
            9.455811455845833,
            8.605238750576973,
            8.39939846098423,
            8.438574075698853,
            8.90244223177433,
            8.731783881783485,
            9.118850976228714
        ],
        "accuracy": {
            "macro": [
                0.8991425992779783,
                0.8993682310469314,
                0.8986913357400723,
                0.8972247292418774,
                0.8931633574007222,
                0.8878610108303249,
                0.8930505415162455,
                0.8881994584837546
            ],
            "micro": [
                0.8991425992779783,
                0.8993682310469314,
                0.8986913357400722,
                0.8972247292418772,
                0.8931633574007221,
                0.8878610108303249,
                0.8930505415162455,
                0.8881994584837545
            ]
        },
        "precision": {
            "macro": [
                0.0,
                0.041666666666666664,
                0.328124195080331,
                0.32288175213267123,
                0.4057035282991663,
                0.3933859164313529,
                0.47052055456759356,
                0.4241682830089396
            ],
            "micro": [
                0,
                0.6666666666666666,
                0.4895833333333333,
                0.4755043227665706,
                0.4401805869074492,
                0.4134948096885813,
                0.45484949832775917,
                0.4241001564945227
            ],
            "weighted": [
                0.0,
                0.026845637583892617,
                0.35417834700544315,
                0.3350042996657683,
                0.42163491449977747,
                0.4070909508992907,
                0.46924046545960424,
                0.4275225634805755
            ]
        },
        "recall": {
            "macro": [
                0.0,
                0.006944444444444444,
                0.09708747651397809,
                0.18627008225591324,
                0.20088297109133482,
                0.27671375702792883,
                0.2944435448817926,
                0.3057271429796105
            ],
            "micro": [
                0.0,
                0.0044742729306487695,
                0.10514541387024609,
                0.18456375838926176,
                0.2181208053691275,
                0.26733780760626397,
                0.3042505592841163,
                0.30313199105145416
            ],
            "weighted": [
                0.0,
                0.0044742729306487695,
                0.10514541387024609,
                0.18456375838926176,
                0.2181208053691275,
                0.26733780760626397,
                0.3042505592841163,
                0.30313199105145416
            ]
        },
        "f1": {
            "macro": [
                0.0,
                0.011904761904761906,
                0.13619456620988996,
                0.21757646178052797,
                0.23868369050804186,
                0.3040068418051219,
                0.3339044725264762,
                0.3379935105413981
            ],
            "micro": [
                0,
                0.008888888888888889,
                0.17311233885819524,
                0.26591458501208703,
                0.2916978309648467,
                0.3247282608695652,
                0.36461126005361927,
                0.3535551206784084
            ],
            "weighted": [
                0.0,
                0.007670182166826463,
                0.14616534538233417,
                0.2188923821633844,
                0.24759638018585303,
                0.3063629432355868,
                0.344164220742122,
                0.3340222300664036
            ]
        }
    },
    "test": {
        "loss": [
            2.4959583580493927,
            2.263043314218521,
            2.0744790136814117,
            2.010067343711853,
            2.021964445710182,
            2.127665713429451,
            2.166403442621231,
            2.2600805461406708
        ],
        "accuracy": {
            "macro": [
                0.8981681034482758,
                0.8981681034482758,
                0.8976293103448275,
                0.8970905172413791,
                0.8922413793103448,
                0.8890086206896552,
                0.8873922413793102,
                0.8911637931034482
            ],
            "micro": [
                0.8981681034482759,
                0.8981681034482759,
                0.8976293103448276,
                0.8970905172413793,
                0.8922413793103449,
                0.8890086206896551,
                0.8873922413793104,
                0.8911637931034483
            ]
        },