{
    "train": {
        "loss": [
            60.123677253723145,
            47.55578109622002,
            40.29484277963638,
            33.9610266238451,
            29.51416927576065,
            25.14026701450348,
            21.26812943071127,
            17.848802998661995
        ],
        "accuracy": {
            "macro": [
                0.8234247967479674,
                0.8789967811158798,
                0.8839860515021459,
                0.9021727467811158,
                0.9146190987124464,
                0.9292113733905579,
                0.9443669527896995,
                0.9548283261802574
            ],
            "micro": [
                0.8234247967479674,
                0.8789967811158799,
                0.8839860515021459,
                0.9021727467811159,
                0.9146190987124464,
                0.9292113733905579,
                0.9443669527896996,
                0.9548283261802575
            ]
        },
        "precision": {
            "macro": [
                0.10222793867207644,
                0.1690340909090909,
                0.46575398009150587,
                0.7009328166911497,
                0.8103313459425331,
                0.8319345575531868,
                0.8730759730039326,
                0.8918024513963594
            ],
            "micro": [
                0.13121434392828035,
                0.68,
                0.7564935064935064,
                0.8234885337039611,
                0.8300993847610033,
                0.855162349507479,
                0.8805925030229746,
                0.8927707605482397
            ]
        },
        "recall": {
            "macro": [
                0.0728488183970497,
                0.005841831872877695,
                0.08609618925695176,
                0.24694619589440597,
                0.3836650971537679,
                0.5121136783594753,
                0.6410598134884952,
                0.7244858232073921
            ],
            "micro": [
                0.07244094488188976,
                0.007507175977036874,
                0.10040939452704159,
                0.25884665792922673,
                0.3831367409349061,
                0.5111208024422155,
                0.6343641114982579,
                0.7210766225309312
            ]
        },
        "f1": {
            "macro": [
                0.07319910639069435,
                0.010769262538130464,
                0.12891228269218147,
                0.3163647978040068,
                0.46229608152251256,
                0.5954218507341058,
                0.7201807549482253,
                0.7882342281087276
            ],
            "micro": [
                0.09334686186403826,
                0.014850404018344617,
                0.17728742628875785,
                0.39388399534651825,
                0.5242863548049619,
                0.6398253036713526,
                0.7374683544303797,
                0.797790585975024
            ]
        }
    },
    "val": {
        "loss": [
            11.13471046090126,
            10.250221759080887,
            9.380907222628593,
            9.180955439805984,
            9.198047488927841,
            9.275106757879257,
            9.329897657036781,
            9.939371347427368
        ],
        "accuracy": {
            "macro": [
                0.8928249097472925,
                0.892937725631769,
                0.892937725631769,
                0.891245487364621,
                0.8880866425992782,
                0.8883122743682311,
                0.8859431407942239,
                0.876917870036101
            ],
            "micro": [
                0.8928249097472925,
                0.892937725631769,
                0.892937725631769,
                0.891245487364621,
                0.8880866425992779,
                0.888312274368231,
                0.8859431407942239,
                0.8769178700361011
            ]
        },
        "precision": {
            "macro": [
                0.0,
                0.041666666666666664,
                0.24695445485886658,
                0.30266422378078905,
                0.42653919598291296,
                0.43398752842520744,
                0.44166290327122,
                0.40173045917321604
            ],
            "micro": [
                0,
                0.6666666666666666,
                0.5030674846625767,
                0.4675925925925926,
                0.4533333333333333,
                0.4494949494949495,
                0.4497528830313015,
                0.4087968952134541
            ],
            "weighted": [
                0.0,
                0.03087719298245614,
                0.21251654021932662,
                0.35157677938350634,
                0.46231864404260914,
                0.4322178207777427,
                0.4459887957631809,
                0.4140834733461815
            ]
        },
        "recall": {
            "macro": [
                0.0,
                0.002840909090909091,
                0.13062477717223486,
                0.14683395089549373,
                0.22107812015529751,
                0.2326340724602759,
                0.2819141286134435,
                0.3229006723186057
            ],
            "micro": [
                0.0,
                0.002105263157894737,
                0.0863157894736842,
                0.10631578947368421,
                0.21473684210526317,
                0.18736842105263157,
                0.2873684210526316,
                0.33263157894736844
            ],
            "weighted": [
                0.0,
                0.002105263157894737,
                0.0863157894736842,
                0.10631578947368421,
                0.21473684210526317,
                0.18736842105263157,
                0.2873684210526316,
                0.33263157894736844
            ]
        },
        "f1": {
            "macro": [
                0.0,
                0.0053191489361702135,
                0.16356742644923458,
                0.1687164107585058,
                0.26184793035853626,
                0.27716400124389845,
                0.3302933006361198,
                0.341812242667173
            ],
            "micro": [
                0,
                0.004197271773347324,
                0.14734950584007186,
                0.17324185248713553,
                0.2914285714285714,
                0.26448736998514116,
                0.35067437379576116,
                0.3668020893789901
            ],
            "weighted": [
                0.0,
                0.003941769316909295,
                0.11482795405805754,
                0.14515103141363683,
                0.2655701308628371,
                0.23428779924975318,
                0.33869241271113626,
                0.3541966491668867
            ]
        }
    },
    "test": {
        "loss": [
            2.5138185620307922,
            2.3057451248168945,
            2.1135770976543427,
            2.0975256115198135,
            2.0992181450128555,
            2.0824214965105057,
            2.125334218144417,
            2.296299159526825
        ],
        "accuracy": {
            "macro": [
                0.8981681034482758,
                0.898706896551724,
                0.8970905172413791,
                0.8949353448275861,
                0.892780172413793,
                0.8960129310344827,
                0.8949353448275862,
                0.8782327586206895
            ],
            "micro": [
                0.8981681034482759,
                0.8987068965517241,
                0.8970905172413793,
                0.8949353448275862,
                0.8927801724137931,
                0.8960129310344828,
                0.8949353448275862,
                0.8782327586206896
            ]
        },