{
    "train": {
        "loss": [
            57.66891688108444,
            45.349188297986984,
            39.09116441011429,
            33.50743295252323,
            29.18992230296135,
            25.525171533226967,
            21.58413479477167,
            18.558011554181576
        ],
        "accuracy": {
            "macro": [
                0.8492663656884876,
                0.8788610038610037,
                0.885430072930073,
                0.899479836979837,
                0.9137441012441013,
                0.9275525525525524,
                0.9409320034320033,
                0.9538556413556413
            ],
            "micro": [
                0.8492663656884876,
                0.8788610038610039,
                0.8854300729300729,
                0.899479836979837,
                0.9137441012441012,
                0.9275525525525525,
                0.9409320034320034,
                0.9538556413556414
            ]
        },
        "precision": {
            "macro": [
                0.09655257595862314,
                0.22965909090909092,
                0.5703121304259711,
                0.7997178616568515,
                0.8159270282513801,
                0.8465098780947494,
                0.858587733192769,
                0.8963864686353878
            ],
            "micro": [
                0.13166397415185785,
                0.8,
                0.7969018932874354,
                0.8072474942174248,
                0.8162037037037037,
                0.8411214953271028,
                0.8564635958395245,
                0.8879874378434964
            ]
        },
        "recall": {
            "macro": [
                0.03501561869361317,
                0.009451490187016739,
                0.08746817849763784,
                0.23303484650963796,
                0.389167425943203,
                0.5235858258163665,
                0.6452350403685122,
                0.744929768745263
            ],
            "micro": [
                0.036794582392776526,
                0.013149243918474688,
                0.10025985275010828,
                0.23031236251649803,
                0.3846825223652629,
                0.508695652173913,
                0.6262494567579313,
                0.7240717029449424
            ]
        },
        "f1": {
            "macro": [
                0.04716806488162657,
                0.017603302502657483,
                0.13017089654372316,
                0.313490928001171,
                0.4873759435113701,
                0.623119854095299,
                0.7197484993549783,
                0.8061141218372458
            ],
            "micro": [
                0.05751587861679605,
                0.025873221216041395,
                0.178111175226005,
                0.35837754578127673,
                0.522912650155717,
                0.6339745326469791,
                0.723484373038785,
                0.7976960150464324
            ]
        }
    },
    "val": {
        "loss": [
            10.732902824878693,
            9.341202825307846,
            8.838615834712982,
            8.643359050154686,
            8.454942747950554,
            8.549784153699875,
            8.646371737122536,
            9.233612030744553
        ],
        "accuracy": {
            "macro": [
                0.8973779385171792,
                0.8974909584086801,
                0.8982820976491863,
                0.8976039783001809,
                0.895117540687161,
                0.89376130198915,
                0.894891500904159,
                0.8910488245931283
            ],
            "micro": [
                0.8973779385171791,
                0.8974909584086799,
                0.8982820976491862,
                0.8976039783001808,
                0.895117540687161,
                0.89376130198915,
                0.8948915009041591,
                0.8910488245931284
            ]
        },
        "precision": {
            "macro": [
                0.0,
                0.0662202380952381,
                0.3265515734265734,
                0.3557363734967671,
                0.457329270059992,
                0.4602116843899171,
                0.4635557992645855,
                0.48660750304892225
            ],
            "micro": [
                0,
                0.5151515151515151,
                0.5338983050847458,
                0.5037593984962406,
                0.4791666666666667,
                0.47026022304832715,
                0.4795539033457249,
                0.4575757575757576
            ],
            "weighted": [
                0.0,
                0.09578875603104679,
                0.286556431820749,
                0.4792207767922123,
                0.46835575090472764,
                0.47125408872337626,
                0.47120606794412107,
                0.48013239224350523
            ]
        },
        "recall": {
            "macro": [
                0.0,
                0.018372603019175846,
                0.07220242128568807,
                0.15747807528886032,
                0.2368494114115315,
                0.26009080335358287,
                0.27384449931518806,
                0.3162638534361807
            ],
            "micro": [
                0.0,
                0.018722466960352423,
                0.06938325991189427,
                0.14757709251101322,
                0.2533039647577093,
                0.2786343612334802,
                0.2841409691629956,
                0.33259911894273125
            ],
            "weighted": [
                0.0,
                0.018722466960352423,
                0.06938325991189427,
                0.14757709251101322,
                0.2533039647577093,
                0.2786343612334802,
                0.2841409691629956,
                0.33259911894273125
            ]
        },
        "f1": {
            "macro": [
                0.0,
                0.026475694444444444,
                0.10601510493754822,
                0.19525950813973475,
                0.2926366311055369,
                0.30953493009384564,
                0.3282440329914366,
                0.3468539336423446
            ],
            "micro": [
                0,
                0.036131774707757705,
                0.12280701754385963,
                0.22827938671209538,
                0.33141210374639773,
                0.34993084370677735,
                0.35684647302904565,
                0.385204081632653
            ],
            "weighted": [
                0.0,
                0.028749082232011745,
                0.10281473491807845,
                0.20228084491687628,
                0.30337325899870765,
                0.32128328271616863,
                0.34162602714325857,
                0.36579332154471644
            ]
        }
    },
    "test": {
        "loss": [
            2.4922093749046326,
            2.203659161925316,
            2.07669934630394,
            2.0633284896612167,
            2.0085209161043167,
            2.069928377866745,
            2.041223257780075,
            2.1584034860134125
        ],
        "accuracy": {
            "macro": [
                0.8981681034482758,
                0.8981681034482758,
                0.8981681034482757,
                0.8992456896551723,
                0.8949353448275862,
                0.890625,
                0.898706896551724,
                0.8917025862068964
            ],
            "micro": [
                0.8981681034482759,
                0.8981681034482759,
                0.8981681034482759,
                0.8992456896551724,
                0.8949353448275862,
                0.890625,
                0.8987068965517241,
                0.8917025862068966
            ]
        },