{
    "train": {
        "loss": [
            58.773101925849915,
            46.05972947180271,
            38.507747650146484,
            33.05771328508854,
            28.865417152643204,
            24.50981467962265,
            20.928018882870674,
            17.24579941481352
        ],
        "accuracy": {
            "macro": [
                0.8501580849141823,
                0.8775482832618026,
                0.8887070815450644,
                0.9015826180257511,
                0.9152896995708155,
                0.93068669527897,
                0.9456008583690989,
                0.9564914163090129
            ],
            "micro": [
                0.8501580849141824,
                0.8775482832618026,
                0.8887070815450644,
                0.9015826180257511,
                0.9152896995708154,
                0.93068669527897,
                0.9456008583690987,
                0.9564914163090129
            ]
        },
        "precision": {
            "macro": [
                0.15955975066534867,
                0.17754955242966752,
                0.5746707776009007,
                0.5891598825693263,
                0.7536931694418745,
                0.8460206615137958,
                0.8885184684797446,
                0.8935051574563223
            ],
            "micro": [
                0.13396715643906656,
                0.7934782608695652,
                0.7730900798175598,
                0.7856677524429967,
                0.817353579175705,
                0.8525552486187845,
                0.8831440526001195,
                0.894750656167979
            ]
        },
        "recall": {
            "macro": [
                0.03356239947857779,
                0.012637649576616257,
                0.13441887654239595,
                0.2639253337174736,
                0.3969654283445587,
                0.5374677369773037,
                0.6577516899147215,
                0.7478801315621574
            ],
            "micro": [
                0.03474557274153777,
                0.015804286642130332,
                0.14649956784788246,
                0.2652881654201496,
                0.40770396018177885,
                0.5337224383916991,
                0.6435104529616724,
                0.7362850971922246
            ]
        },
        "f1": {
            "macro": [
                0.04192560373403624,
                0.021702828107711968,
                0.1862454835780673,
                0.3288617287699612,
                0.4742628642189737,
                0.6232579146354535,
                0.7349241403652678,
                0.8040328597762031
            ],
            "micro": [
                0.05517977928088288,
                0.03099129696455105,
                0.24632152588555858,
                0.39664528860384807,
                0.5440369621715275,
                0.6564743419303376,
                0.7445200302343159,
                0.8078199052132701
            ]
        }
    },
    "val": {
        "loss": [
            10.80386570096016,
            9.465782180428505,
            8.90637657046318,
            8.803053706884384,
            8.643763333559036,
            8.708045527338982,
            9.074295073747635,
            9.537899628281593
        ],
        "accuracy": {
            "macro": [
                0.8958709386281589,
                0.8956453068592058,
                0.8957581227436824,
                0.8876353790613719,
                0.8906814079422384,
                0.8901173285198557,
                0.8876353790613719,
                0.8833483754512635
            ],
            "micro": [
                0.8958709386281588,
                0.8956453068592057,
                0.8957581227436823,
                0.8876353790613718,
                0.8906814079422383,
                0.8901173285198556,
                0.8876353790613718,
                0.8833483754512635
            ]
        },
        "precision": {
            "macro": [
                0.0,
                0.0661231884057971,
                0.3382700004736643,
                0.32333148179220156,
                0.4422688013035124,
                0.43892076649771555,
                0.45358378065330496,
                0.418302842610703
            ],
            "micro": [
                0,
                0.4772727272727273,
                0.4973544973544973,
                0.4094292803970223,
                0.4549019607843137,
                0.4543828264758497,
                0.44045676998368677,
                0.4268774703557312
            ],
            "weighted": [
                0.0,
                0.10372603514060955,
                0.41502134619592684,
                0.3058355020844413,
                0.44443829764449544,
                0.46402462378675835,
                0.43594941552292715,
                0.4286223430784655
            ]
        },
        "recall": {
            "macro": [
                0.0,
                0.02001488095238095,
                0.1307941743945488,
                0.19812106423518389,
                0.25378254072313045,
                0.3040455064299172,
                0.2981047717420381,
                0.3427696359172432
            ],
            "micro": [
                0.0,
                0.02275189599133261,
                0.10184182015167931,
                0.17876489707475623,
                0.2513542795232936,
                0.27518959913326113,
                0.29252437703141926,
                0.35102925243770317
            ],
            "weighted": [
                0.0,
                0.02275189599133261,
                0.10184182015167931,
                0.17876489707475623,
                0.2513542795232936,
                0.27518959913326113,
                0.29252437703141926,
                0.35102925243770317
            ]
        },
        "f1": {
            "macro": [
                0.0,
                0.029699576165544746,
                0.15473564693474393,
                0.2220369273454057,
                0.29697018673123005,
                0.33187381633712193,
                0.3323288963686873,
                0.36268692371697725
            ],
            "micro": [
                0,
                0.043433298862461216,
                0.16906474820143885,
                0.248868778280543,
                0.3237962316817864,
                0.3427800269905533,
                0.3515625,
                0.38525564803804996
            ],
            "weighted": [
                0.0,
                0.035726238218679776,
                0.13448804917956292,
                0.18838831918822785,
                0.28815980292337856,
                0.32384394617401413,
                0.3262710446104225,
                0.3691478156539344
            ]
        }
    },
    "test": {
        "loss": [
            2.4956803917884827,
            2.2255956828594208,
            2.086711972951889,
            2.0773667246103287,
            2.067475914955139,
            2.0735836923122406,
            2.2256809026002884,
            2.2962841987609863
        ],
        "accuracy": {
            "macro": [
                0.8981681034482758,
                0.8997844827586206,
                0.8992456896551724,
                0.8927801724137929,
                0.886853448275862,
                0.8981681034482759,
                0.8895474137931034,
                0.8890086206896551
            ],
            "micro": [
                0.8981681034482759,
                0.8997844827586207,
                0.8992456896551724,
                0.8927801724137931,
                0.8868534482758621,
                0.8981681034482759,
                0.8895474137931034,
                0.8890086206896551
            ]
        },