{
    "train": {
        "loss": [
            56.410206228494644,
            48.23854571580887,
            42.93766322731972,
            37.59073615074158,
            32.633557483553886,
            28.086185604333878,
            24.28457362949848,
            21.269959397614002
        ],
        "accuracy": {
            "macro": [
                0.85186230248307,
                0.8758043758043758,
                0.878003003003003,
                0.8858858858858858,
                0.8998283998283999,
                0.9165057915057914,
                0.92996567996568,
                0.941521879021879
            ],
            "micro": [
                0.8518623024830699,
                0.8758043758043758,
                0.878003003003003,
                0.8858858858858859,
                0.8998283998283998,
                0.9165057915057915,
                0.9299656799656799,
                0.941521879021879
            ]
        },
        "precision": {
            "macro": [
                0.15734433525009558,
                0.0625,
                0.3765354046242775,
                0.6208687502524248,
                0.7976102848036112,
                0.8471394197532188,
                0.8476546082287093,
                0.8703149764853432
            ],
            "micro": [
                0.14325323475046212,
                0.42857142857142855,
                0.73568281938326,
                0.7882882882882883,
                0.7929069031032299,
                0.8260869565217391,
                0.838182412553122,
                0.8557885665038782
            ]
        },
        "recall": {
            "macro": [
                0.027856414543906007,
                0.0005062443275769895,
                0.02796501125126428,
                0.11042023364039677,
                0.26558819573106496,
                0.42036382272520845,
                0.5526527272324296,
                0.657893966867682
            ],
            "micro": [
                0.034613666815542656,
                0.0006478082487583676,
                0.03585999570538974,
                0.11314655172413793,
                0.2686118858614031,
                0.417312661498708,
                0.5477462080751976,
                0.6395448690425075
            ]
        },
        "f1": {
            "macro": [
                0.039898133166029796,
                0.0010041267158933667,
                0.04090571967668536,
                0.16839051191868265,
                0.3575824425194922,
                0.5168120594047875,
                0.6435876668572187,
                0.7365447046596952
            ],
            "micro": [
                0.05575539568345324,
                0.00129366106080207,
                0.06838656838656838,
                0.1978891820580475,
                0.4012820512820513,
                0.5545064377682403,
                0.662532299741602,
                0.732030962034648
            ]
        }
    },
    "val": {
        "loss": [
            10.903741210699081,
            10.07783380150795,
            9.434155017137527,
            9.231051459908485,
            8.757148489356041,
            8.876342967152596,
            9.368134781718254,
            9.880962371826172
        ],
        "accuracy": {
            "macro": [
                0.898395117540687,
                0.8982820976491861,
                0.8991862567811935,
                0.8922920433996383,
                0.8985081374321879,
                0.886641048824593,
                0.8755650994575044,
                0.8681057866184448
            ],
            "micro": [
                0.8983951175406871,
                0.8982820976491862,
                0.8991862567811935,
                0.8922920433996383,
                0.898508137432188,
                0.8866410488245932,
                0.8755650994575045,
                0.8681057866184448
            ]
        },
        "precision": {
            "macro": [
                0.0,
                0.03125,
                0.14013480392156863,
                0.35590642717026577,
                0.49103567051097274,
                0.40683060546494043,
                0.4285145630018781,
                0.41401114545741585
            ],
            "micro": [
                0,
                0.4,
                0.5522388059701493,
                0.4176829268292683,
                0.5014245014245015,
                0.4155844155844156,
                0.3867713004484305,
                0.37090558766859344
            ],
            "weighted": [
                0.0,
                0.02224694104560623,
                0.19286680189317104,
                0.36486806700658925,
                0.5396045159292323,
                0.4164535812081477,
                0.39931396983525375,
                0.39721572603120936
            ]
        },
        "recall": {
            "macro": [
                0.0,
                0.003125,
                0.03970724096008474,
                0.1782240258046228,
                0.24284410250585853,
                0.28904760684144004,
                0.37908076032002264,
                0.42141034466957245
            ],
            "micro": [
                0.0,
                0.002224694104560623,
                0.041156840934371525,
                0.15239154616240266,
                0.19577308120133483,
                0.28476084538375973,
                0.38375973303670746,
                0.42825361512791993
            ],
            "weighted": [
                0.0,
                0.002224694104560623,
                0.041156840934371525,
                0.15239154616240266,
                0.19577308120133483,
                0.28476084538375973,
                0.38375973303670746,
                0.42825361512791993
            ]
        },
        "f1": {
            "macro": [
                0.0,
                0.005681818181818182,
                0.05764209195060259,
                0.20120779745763456,
                0.2667928862271422,
                0.3145869852264203,
                0.3720923281948987,
                0.399123255588277
            ],
            "micro": [
                0,
                0.004424778761061947,
                0.07660455486542442,
                0.22330888345558272,
                0.2816,
                0.33795379537953796,
                0.3852596314907873,
                0.39752194114610223
            ],
            "weighted": [
                0.0,
                0.0040448983719284055,
                0.06356344844026192,
                0.1911170998912847,
                0.25367889565171575,
                0.3221000442904753,
                0.37849606700300636,
                0.400057609621041
            ]
        }
    },
    "test": {
        "loss": [
            2.5491958260536194,
            2.3660570681095123,
            2.221981629729271,
            2.1599256098270416,
            2.0540204495191574,
            2.0793638825416565,
            2.1505759209394455,
            2.215400144457817
        ],
        "accuracy": {
            "macro": [
                0.8981681034482758,
                0.8981681034482758,
                0.8976293103448274,
                0.8906249999999998,
                0.8992456896551724,
                0.892780172413793,
                0.8776939655172414,
                0.8706896551724137
            ],
            "micro": [
                0.8981681034482759,
                0.8981681034482759,
                0.8976293103448276,
                0.890625,
                0.8992456896551724,
                0.8927801724137931,
                0.8776939655172413,
                0.8706896551724138
            ]
        },