{
    "train": {
        "loss": [
            56.19862174987793,
            47.19806286692619,
            40.00750721991062,
            35.23359705507755,
            30.964703246951103,
            27.009594336152077,
            24.197812259197235,
            20.484175212681293
        ],
        "accuracy": {
            "macro": [
                0.8544489611562781,
                0.8760997854077253,
                0.8852736051502145,
                0.8939377682403434,
                0.9063036480686697,
                0.9198766094420601,
                0.9291309012875538,
                0.9424892703862661
            ],
            "micro": [
                0.8544489611562782,
                0.8760997854077254,
                0.8852736051502146,
                0.8939377682403433,
                0.9063036480686695,
                0.9198766094420601,
                0.9291309012875536,
                0.9424892703862661
            ]
        },
        "precision": {
            "macro": [
                0.08532023505855252,
                0.10416666666666666,
                0.4644149420437892,
                0.6831001753740309,
                0.7878394651836774,
                0.8264686221517036,
                0.83058446327076,
                0.8540847803913104
            ],
            "micro": [
                0.10857142857142857,
                0.6666666666666666,
                0.8323699421965318,
                0.7946096654275093,
                0.8132596685082873,
                0.8268133659331703,
                0.8294177732379979,
                0.8631201434548715
            ]
        },
        "recall": {
            "macro": [
                0.02620360627596175,
                0.000925791636451535,
                0.061732571445315125,
                0.18141927702968716,
                0.32056781852436284,
                0.4584673321468544,
                0.5594534543955153,
                0.6396300709562249
            ],
            "micro": [
                0.026303645592985696,
                0.0012981393336218088,
                0.06390059906811627,
                0.18635571054925892,
                0.318132699373244,
                0.4419516445218907,
                0.5322263491369893,
                0.6313948404022737
            ]
        },
        "f1": {
            "macro": [
                0.03657098156725707,
                0.0018260795422248327,
                0.09526732504041346,
                0.24594420886769505,
                0.39034025522607374,
                0.5400939099614949,
                0.6445396863615156,
                0.7149013982283932
            ],
            "micro": [
                0.04234769687964338,
                0.0025912329950334703,
                0.11868947043066146,
                0.3019067796610169,
                0.45735591113872925,
                0.5760113555713272,
                0.6483896726111259,
                0.7292929292929293
            ]
        }
    },
    "val": {
        "loss": [
            11.24014699459076,
            10.290399923920631,
            9.489528015255928,
            9.176357448101044,
            9.326125770807266,
            9.396324381232262,
            9.263865113258362,
            9.830393940210342
        ],
        "accuracy": {
            "macro": [
                0.8928249097472925,
                0.8931633574007221,
                0.8925992779783394,
                0.8888763537906139,
                0.8818817689530687,
                0.8770306859205775,
                0.8818817689530686,
                0.8725180505415162
            ],
            "micro": [
                0.8928249097472925,
                0.8931633574007221,
                0.8925992779783394,
                0.8888763537906137,
                0.8818817689530686,
                0.8770306859205776,
                0.8818817689530686,
                0.8725180505415162
            ]
        },
        "precision": {
            "macro": [
                0.0,
                0.09659090909090909,
                0.35551339285714284,
                0.3598707134474586,
                0.413574858234301,
                0.37547667957298214,
                0.39666764974644614,
                0.36802715354143445
            ],
            "micro": [
                0,
                0.6153846153846154,
                0.4930555555555556,
                0.4458204334365325,
                0.4165232358003442,
                0.4116161616161616,
                0.4332874828060523,
                0.40405117270788915
            ],
            "weighted": [
                0.0,
                0.13263157894736843,
                0.355640977443609,
                0.42790582403937405,
                0.46501737413094757,
                0.42200291705197823,
                0.4436473521143145,
                0.416293370898913
            ]
        },
        "recall": {
            "macro": [
                0.0,
                0.009748217468805703,
                0.10299902648476332,
                0.17511304990933685,
                0.2629626803698554,
                0.35723184635602834,
                0.3411410695552162,
                0.3904477536228329
            ],
            "micro": [
                0.0,
                0.008421052631578947,
                0.07473684210526316,
                0.15157894736842106,
                0.25473684210526315,
                0.3431578947368421,
                0.33157894736842103,
                0.3989473684210526
            ],
            "weighted": [
                0.0,
                0.008421052631578947,
                0.07473684210526316,
                0.15157894736842106,
                0.25473684210526315,
                0.3431578947368421,
                0.33157894736842103,
                0.3989473684210526
            ]
        },
        "f1": {
            "macro": [
                0.0,
                0.01604020979020979,
                0.13537031734051067,
                0.18715156082837547,
                0.2850740487761504,
                0.3519692445810004,
                0.34703809684738185,
                0.364452264655882
            ],
            "micro": [
                0,
                0.0166147455867082,
                0.12979890310786105,
                0.22623723487824038,
                0.3161332462442848,
                0.3742824339839265,
                0.3756708407871198,
                0.4014830508474576
            ],
            "weighted": [
                0.0,
                0.014234817813765182,
                0.10933043761586042,
                0.1936558579134656,
                0.2913121338783658,
                0.36712950494012825,
                0.3580540089387373,
                0.39022605764427304
            ]
        }
    },
    "test": {
        "loss": [
            2.530519276857376,
            2.3406873047351837,
            2.1045802235603333,
            2.0440810918807983,
            2.028732106089592,
            2.0333658903837204,
            1.9716169834136963,
            2.099500760436058
        ],
        "accuracy": {
            "macro": [
                0.8981681034482758,
                0.898706896551724,
                0.8981681034482758,
                0.8949353448275862,
                0.8911637931034481,
                0.884698275862069,
                0.8954741379310344,
                0.8803879310344828
            ],
            "micro": [
                0.8981681034482759,
                0.8987068965517241,
                0.8981681034482759,
                0.8949353448275862,
                0.8911637931034483,
                0.884698275862069,
                0.8954741379310345,
                0.8803879310344828
            ]
        },