{
    "train": {
        "loss": [
            56.69644883275032,
            48.88386219739914,
            42.759268537163734,
            36.440707206726074,
            32.051147267222404,
            27.726800099015236,
            23.47861609607935,
            19.926608569920063
        ],
        "accuracy": {
            "macro": [
                0.8498193315266487,
                0.8755364806866954,
                0.8796942060085837,
                0.8920064377682404,
                0.9041309012875536,
                0.9195010729613734,
                0.9343079399141629,
                0.946942060085837
            ],
            "micro": [
                0.8498193315266486,
                0.8755364806866953,
                0.8796942060085837,
                0.8920064377682403,
                0.9041309012875537,
                0.9195010729613734,
                0.934307939914163,
                0.9469420600858369
            ]
        },
        "precision": {
            "macro": [
                0.10913505002409304,
                0.044642857142857144,
                0.41418832766642805,
                0.6139208806579212,
                0.7861862977612386,
                0.8069515575159177,
                0.8340667755429506,
                0.8634565033425105
            ],
            "micro": [
                0.16565809379727686,
                0.7142857142857143,
                0.7510373443983402,
                0.8139784946236559,
                0.8135593220338984,
                0.8283552369573874,
                0.844296155068319,
                0.8714759535655058
            ]
        },
        "recall": {
            "macro": [
                0.039697879355912256,
                0.0008468834688346884,
                0.029995710834882193,
                0.14935368861478399,
                0.29572803675621756,
                0.443543247568751,
                0.5771524674652448,
                0.6813039908897451
            ],
            "micro": [
                0.049368800721370606,
                0.001076889941847943,
                0.039296569691706466,
                0.16420824295010847,
                0.29954809554551326,
                0.44731182795698926,
                0.5756065857885615,
                0.6757393913416202
            ]
        },
        "f1": {
            "macro": [
                0.05251681615100402,
                0.0016622340425531917,
                0.04775458610850407,
                0.2091336042159539,
                0.37905741187738384,
                0.5331515717599046,
                0.6600335333265711,
                0.7489862272343296
            ],
            "micro": [
                0.07606807919416463,
                0.002150537634408602,
                0.07468537239529605,
                0.2732851985559567,
                0.43787354513998117,
                0.5809244518921939,
                0.6845291768646142,
                0.7612264606470304
            ]
        }
    },
    "val": {
        "loss": [
            10.878991782665253,
            10.326334178447723,
            9.551049306988716,
            9.161424592137337,
            9.107211977243423,
            9.51311956346035,
            9.421671569347382,
            9.705588206648827
        ],
        "accuracy": {
            "macro": [
                0.8958709386281589,
                0.8959837545126355,
                0.8928249097472925,
                0.8897788808664261,
                0.8867328519855596,
                0.8756768953068592,
                0.8795126353790614,
                0.8792870036101083
            ],
            "micro": [
                0.8958709386281588,
                0.8959837545126353,
                0.8928249097472925,
                0.889778880866426,
                0.8867328519855595,
                0.8756768953068592,
                0.8795126353790613,
                0.8792870036101083
            ]
        },
        "precision": {
            "macro": [
                0.0,
                0.041666666666666664,
                0.15095732118758434,
                0.4193842336624741,
                0.41473565009936675,
                0.3706908883087882,
                0.39928698622111847,
                0.40327312030371915
            ],
            "micro": [
                0,
                0.5714285714285714,
                0.4105960264900662,
                0.42105263157894735,
                0.4140127388535032,
                0.39482961222091656,
                0.4110429447852761,
                0.4109090909090909
            ],
            "weighted": [
                0.0,
                0.032502708559046585,
                0.19609638522508455,
                0.3883509209437702,
                0.402730042092151,
                0.4082798458966474,
                0.421246757224605,
                0.4367327708884945
            ]
        },
        "recall": {
            "macro": [
                0.0,
                0.005555555555555556,
                0.06350904261852125,
                0.18292115979911927,
                0.23102984946896082,
                0.3416082571833952,
                0.34488277148873503,
                0.3746911775112942
            ],
            "micro": [
                0.0,
                0.004333694474539545,
                0.06717226435536294,
                0.1560130010834236,
                0.2112676056338028,
                0.3640303358613218,
                0.3629469122426869,
                0.36728060671722645
            ],
            "weighted": [
                0.0,
                0.004333694474539545,
                0.06717226435536294,
                0.1560130010834236,
                0.2112676056338028,
                0.3640303358613218,
                0.3629469122426869,
                0.36728060671722645
            ]
        },
        "f1": {
            "macro": [
                0.0,
                0.00980392156862745,
                0.07847382125824826,
                0.21005803441077092,
                0.2600189188328411,
                0.3308986141950588,
                0.3547500457905438,
                0.371486879848717
            ],
            "micro": [
                0,
                0.008602150537634409,
                0.1154562383612663,
                0.2276679841897233,
                0.2797704447632711,
                0.37880496054115,
                0.38550057537399307,
                0.3878718535469107
            ],
            "weighted": [
                0.0,
                0.007647696131540373,
                0.08658127650704367,
                0.2014926726041482,
                0.2519978282730795,
                0.36576578229247475,
                0.3736357360680363,
                0.3846947878435077
            ]
        }
    },
    "test": {
        "loss": [
            2.5042436718940735,
            2.378993183374405,
            2.158340737223625,
            2.04372102022171,
            2.0285150557756424,
            2.1155937016010284,
            2.0400022119283676,
            2.1170869767665863
        ],
        "accuracy": {
            "macro": [
                0.8981681034482758,
                0.898706896551724,
                0.9014008620689654,
                0.8997844827586206,
                0.8954741379310344,
                0.8895474137931034,
                0.8949353448275863,
                0.886853448275862
            ],
            "micro": [
                0.8981681034482759,
                0.8987068965517241,
                0.9014008620689655,
                0.8997844827586207,
                0.8954741379310345,
                0.8895474137931034,
                0.8949353448275862,
                0.8868534482758621
            ]
        },