{
    "train": {
        "loss": [
            56.32476183772087,
            48.138866782188416,
            42.52981896698475,
            36.607205241918564,
            31.97249199450016,
            27.394796192646027,
            23.229760356247425,
            20.480385310947895,
            18.115678511559963,
            14.24648629873991,
            12.897276990115643,
            11.106374770402908,
            9.579952761530876,
            7.833762997761369,
            7.2465224880725145,
            5.877042286098003
        ],
        "accuracy": {
            "macro": [
                0.8538279132791329,
                0.8766630901287554,
                0.8780847639484979,
                0.8891362660944206,
                0.9005901287553648,
                0.919206008583691,
                0.9355150214592275,
                0.9436695278969959,
                0.9521190987124463,
                0.9648605150214593,
                0.9682671673819744,
                0.9726931330472103,
                0.9760997854077254,
                0.9812231759656652,
                0.981357296137339,
                0.9857296137339054
            ],
            "micro": [
                0.8538279132791328,
                0.8766630901287553,
                0.8780847639484979,
                0.8891362660944206,
                0.9005901287553648,
                0.919206008583691,
                0.9355150214592275,
                0.9436695278969958,
                0.9521190987124464,
                0.9648605150214592,
                0.9682671673819743,
                0.9726931330472103,
                0.9760997854077254,
                0.9812231759656652,
                0.981357296137339,
                0.9857296137339056
            ]
        },
        "precision": {
            "macro": [
                0.08077202910508892,
                0.03125,
                0.3958100574845858,
                0.6832165974010279,
                0.7188048580188671,
                0.8272403469285458,
                0.8539523055350514,
                0.8623021546720899,
                0.879542419405894,
                0.9062119865127032,
                0.9097578751951522,
                0.920665755515407,
                0.9330897292691339,
                0.9377296482963019,
                0.9429525891851982,
                0.9523302647587315
            ],
            "micro": [
                0.15217391304347827,
                0.5,
                0.7375,
                0.7655677655677655,
                0.7680323139065205,
                0.8263976460697772,
                0.8455743879472694,
                0.8548887010425472,
                0.8725848563968669,
                0.9032101167315175,
                0.9030247056107135,
                0.9111518204717197,
                0.9230243680255067,
                0.9357674104124408,
                0.9358659217877094,
                0.9486451048951049
            ]
        },
        "recall": {
            "macro": [
                0.030051946713630175,
                9.968102073365231e-05,
                0.025669545556449836,
                0.12412732018061134,
                0.28107502162073766,
                0.43039569984972564,
                0.5945269063577,
                0.6708382176956255,
                0.7361819029093235,
                0.8120805462699374,
                0.8495430678231798,
                0.8789676785214576,
                0.8927273862986408,
                0.9153738772118131,
                0.9200752310792055,
                0.9408339942113025
            ],
            "micro": [
                0.03442109968708091,
                0.00021748586341887777,
                0.037990985189954925,
                0.13725919439579684,
                0.2871628910463862,
                0.43066812705366925,
                0.5848892748588798,
                0.6568521324962113,
                0.7204138823022203,
                0.8028534370946823,
                0.8367565254599915,
                0.8633109134302451,
                0.8799392097264438,
                0.9091307203853733,
                0.9112271540469974,
                0.9359637774902976
            ]
        },
        "f1": {
            "macro": [
                0.04002062374540623,
                0.00019872813990461048,
                0.041720350308127485,
                0.18468171494619007,
                0.3750721136724701,
                0.5399737033382426,
                0.6849321598379782,
                0.7465339428221792,
                0.7963012440321138,
                0.8538986829405417,
                0.8768417498412108,
                0.8986471721182655,
                0.911414925681401,
                0.925937482924586,
                0.9311445354296024,
                0.9464924917460825
            ],
            "micro": [
                0.05614290922347795,
                0.0004347826086956522,
                0.07225964482547459,
                0.23278262483757192,
                0.4180276381909548,
                0.5662442396313364,
                0.6914784394250514,
                0.7428991185112636,
                0.7892313142047467,
                0.8500801098649576,
                0.8686285397001665,
                0.8865864527629234,
                0.9009669889963321,
                0.9222567747667704,
                0.9233822070334031,
                0.9422617755589321
            ]
        }
    },
    "val": {
        "loss": [
            11.213055282831192,
            10.402594804763794,
            9.504570499062538,
            9.20288796722889,
            8.929508030414581,
            9.303476125001907,
            9.609661489725113,
            9.380418941378593,
            9.999040007591248,
            10.744721740484238,
            11.29076811671257,
            11.197266951203346,
            11.81611356139183,
            12.091588884592056,
            12.041685670614243,
            12.899920240044594
        ],
        "accuracy": {
            "macro": [
                0.8928249097472925,
                0.8928249097472925,
                0.890004512635379,
                0.8870712996389891,
                0.8883122743682311,
                0.8789485559566788,
                0.8763537906137184,
                0.879625451263538,
                0.875,
                0.8660875451263537,
                0.8666516245487363,
                0.8692463898916967,
                0.8676669675090252,
                0.8693592057761732,
                0.8755640794223826,
                0.8701489169675091
            ],
            "micro": [
                0.8928249097472925,
                0.8928249097472925,
                0.890004512635379,
                0.8870712996389891,
                0.888312274368231,
                0.8789485559566786,
                0.8763537906137184,
                0.8796254512635379,
                0.875,
                0.8660875451263538,
                0.8666516245487365,
                0.8692463898916968,
                0.8676669675090253,
                0.8693592057761733,
                0.8755640794223827,
                0.8701489169675091
            ]
        },
        "precision": {
            "macro": [
                0.0,
                0.0,
                0.3217052045177045,
                0.4041102194815003,
                0.42750592324531167,
                0.4103515228653058,
                0.3996243009152408,
                0.40327428676795724,
                0.392396440075533,
                0.37178757299525333,
                0.37211383937053927,
                0.4104171674485005,
                0.4147555971545832,
                0.36298438529301824,
                0.3926969484261768,
                0.3714733159717001
            ],