{
    "train": {
        "loss": [
            56.646162033081055,
            48.57636657357216,
            42.675740256905556,
            36.84984344244003,
            32.65691354870796,
            28.05718019604683,
            23.723912589251995,
            20.67300544679165
        ],
        "accuracy": {
            "macro": [
                0.8567720090293451,
                0.8765819390819389,
                0.8806574431574431,
                0.8897468897468896,
                0.8999624624624625,
                0.9167739167739168,
                0.9331831831831832,
                0.9438277563277563
            ],
            "micro": [
                0.8567720090293454,
                0.876581939081939,
                0.8806574431574432,
                0.8897468897468898,
                0.8999624624624625,
                0.9167739167739167,
                0.9331831831831832,
                0.9438277563277563
            ]
        },
        "precision": {
            "macro": [
                0.05961919584766513,
                0.0625,
                0.42609100109861997,
                0.5690843449686274,
                0.7243708984161132,
                0.7966070860520718,
                0.8616199282388828,
                0.8564432293598805
            ],
            "micro": [
                0.0799492385786802,
                1.0,
                0.8090452261306532,
                0.7662835249042146,
                0.7778497409326425,
                0.8143908421913328,
                0.8445968005223637,
                0.853195164075993
            ]
        },
        "recall": {
            "macro": [
                0.021186238114011338,
                0.00010229132569558102,
                0.027163361647324955,
                0.12270483908332847,
                0.2525004138914309,
                0.4260962054669396,
                0.5621341579475253,
                0.6724387373034943
            ],
            "micro": [
                0.014272768463978252,
                0.00021720243266724586,
                0.03519895059029296,
                0.1324795760653566,
                0.26171279145783394,
                0.42912537699267556,
                0.5620247664566587,
                0.6515717740162673
            ]
        },
        "f1": {
            "macro": [
                0.02317988177056584,
                0.0002042483660130719,
                0.045948860558079514,
                0.1807535537905822,
                0.3359418375919171,
                0.5235986695013771,
                0.6550445934252282,
                0.7442409842088746
            ],
            "micro": [
                0.02422145328719723,
                0.0004343105320304017,
                0.06746281164885816,
                0.22590361445783133,
                0.39165172020218486,
                0.562076749435666,
                0.6749282546308375,
                0.7388757322697245
            ]
        }
    },
    "val": {
        "loss": [
            10.867693394422531,
            10.303718328475952,
            9.245121523737907,
            9.013058856129646,
            8.804706513881683,
            8.946417942643166,
            9.145769998431206,
            9.367403596639633
        ],
        "accuracy": {
            "macro": [
                0.8973779385171792,
                0.8974909584086799,
                0.8989602169981916,
                0.8930831826401447,
                0.8908227848101267,
                0.8842676311030743,
                0.8838155515370706,
                0.878503616636528
            ],
            "micro": [
                0.8973779385171791,
                0.8974909584086799,
                0.8989602169981917,
                0.8930831826401446,
                0.8908227848101266,
                0.8842676311030742,
                0.8838155515370705,
                0.878503616636528
            ]
        },
        "precision": {
            "macro": [
                0.0,
                0.0625,
                0.2899868618618619,
                0.3227319583977193,
                0.4051258915142335,
                0.4016431585779983,
                0.4118938903570591,
                0.4248807958025503
            ],
            "micro": [
                0,
                1.0,
                0.5795454545454546,
                0.4444444444444444,
                0.4468864468864469,
                0.42428198433420367,
                0.43135011441647597,
                0.4204003813155386
            ],
            "weighted": [
                0.0,
                0.0473568281938326,
                0.4433768570332447,
                0.41423371308211376,
                0.4508262114110796,
                0.43837282145607875,
                0.44439379205035084,
                0.43360334029837627
            ]
        },
        "recall": {
            "macro": [
                0.0,
                0.0014534883720930232,
                0.04090507977022763,
                0.18154096195428512,
                0.26178160140054046,
                0.3259696810498215,
                0.41293249299785095,
                0.44364022894673766
            ],
            "micro": [
                0.0,
                0.0011013215859030838,
                0.05616740088105727,
                0.16740088105726872,
                0.2687224669603524,
                0.3579295154185022,
                0.41519823788546256,
                0.4856828193832599
            ],
            "weighted": [
                0.0,
                0.0011013215859030838,
                0.05616740088105727,
                0.16740088105726872,
                0.2687224669603524,
                0.3579295154185022,
                0.41519823788546256,
                0.4856828193832599
            ]
        },
        "f1": {
            "macro": [
                0.0,
                0.0028409090909090906,
                0.06600854618067514,
                0.20683320919554618,
                0.29752895603238805,
                0.33601002107062583,
                0.3915452870168309,
                0.4132331396248705
            ],
            "micro": [
                0,
                0.0022002200220022005,
                0.10240963855421686,
                0.24320000000000003,
                0.3356258596973865,
                0.38829151732377537,
                0.4231200897867564,
                0.4506898313745529
            ],
            "weighted": [
                0.0,
                0.0021525830997196635,
                0.09260913651868603,
                0.20848181494797352,
                0.31292976469409756,
                0.3714106864523607,
                0.41573208279162865,
                0.44894238587760477
            ]
        }
    },
    "test": {
        "loss": [
            2.5298823416233063,
            2.4147908687591553,
            2.201377034187317,
            2.1222469359636307,
            2.130174830555916,
            2.1744683533906937,
            2.2031745612621307,
            2.2057261019945145
        ],
        "accuracy": {
            "macro": [
                0.8981681034482758,
                0.8981681034482758,
                0.8992456896551724,
                0.8900862068965516,
                0.8906249999999999,
                0.888469827586207,
                0.8755387931034483,
                0.8760775862068967
            ],
            "micro": [
                0.8981681034482759,
                0.8981681034482759,
                0.8992456896551724,
                0.8900862068965517,
                0.890625,
                0.8884698275862069,
                0.8755387931034483,
                0.8760775862068966
            ]
        },