{
    "train": {
        "loss": [
            57.24644061923027,
            48.243109703063965,
            42.13205347955227,
            36.91509407758713,
            32.46986809372902,
            28.596229061484337,
            23.989964678883553,
            20.516861274838448,
            17.890765704214573,
            14.88526289910078,
            12.876353573054075,
            10.985814169049263,
            9.70508087053895,
            8.117848066613078,
            6.937802018597722,
            6.165531123057008
        ],
        "accuracy": {
            "macro": [
                0.8491982836495032,
                0.8758047210300429,
                0.8788358369098713,
                0.8886534334763949,
                0.9013143776824032,
                0.9134656652360514,
                0.9321083690987124,
                0.9448766094420602,
                0.9520654506437767,
                0.9640826180257511,
                0.9689109442060085,
                0.9739806866952789,
                0.9766094420600856,
                0.9796673819742491,
                0.9828862660944206,
                0.9843884120171673
            ],
            "micro": [
                0.8491982836495031,
                0.8758047210300429,
                0.8788358369098712,
                0.8886534334763948,
                0.9013143776824034,
                0.9134656652360515,
                0.9321083690987124,
                0.9448766094420601,
                0.9520654506437768,
                0.9640826180257511,
                0.9689109442060085,
                0.9739806866952789,
                0.9766094420600858,
                0.979667381974249,
                0.9828862660944206,
                0.9843884120171674
            ]
        },
        "precision": {
            "macro": [
                0.17900783656025684,
                0.0625,
                0.39932126347434854,
                0.7366226919647009,
                0.7859780614834058,
                0.8190995359310421,
                0.8427286922808828,
                0.8731048615907387,
                0.8756181326733589,
                0.9098239371147635,
                0.9158883519188745,
                0.9206695360266359,
                0.9328076969974031,
                0.9376109337551868,
                0.9433054844657653,
                0.9515659259985182
            ],
            "micro": [
                0.14785651793525809,
                1.0,
                0.7668393782383419,
                0.7830188679245284,
                0.7956860395446375,
                0.810624493106245,
                0.8465573770491803,
                0.864514348785872,
                0.8617534942820838,
                0.8995654273297924,
                0.9055920307901291,
                0.9181716833890747,
                0.9247095621090259,
                0.9290718038528897,
                0.9361427649967748,
                0.9439151147682979
            ]
        },
        "recall": {
            "macro": [
                0.030824020989064185,
                0.00013048016701461377,
                0.025958371784686754,
                0.13825668897263518,
                0.27498880688443617,
                0.4294508745264595,
                0.5683946766293304,
                0.6839609506922347,
                0.7449611844301992,
                0.8106643578176621,
                0.8572670264749694,
                0.8772971359911904,
                0.8947354166519841,
                0.9138673101875429,
                0.9337423473420603,
                0.9369357281631856
            ],
            "micro": [
                0.03724928366762178,
                0.00021593608291945585,
                0.032034632034632034,
                0.14338155905851868,
                0.28461208744106303,
                0.42013451029844473,
                0.5558665231431646,
                0.6670215030870769,
                0.7317652136383255,
                0.801462680146268,
                0.8435259384226065,
                0.8722728235543317,
                0.8855370132648694,
                0.9072253099615221,
                0.9273695420660277,
                0.9310123878684323
            ]
        },
        "f1": {
            "macro": [
                0.041898154686238434,
                0.00026041666666666666,
                0.04333982800677337,
                0.19488636540958587,
                0.3643500963805705,
                0.5338505447630786,
                0.6612241232345167,
                0.758025645067093,
                0.7999291220692584,
                0.8538774388414554,
                0.883716588632973,
                0.8972625490040658,
                0.9128343887723271,
                0.9250910321193037,
                0.9383197592723059,
                0.9440754945592169
            ],
            "micro": [
                0.05950704225352113,
                0.0004317789291882556,
                0.06150010388531062,
                0.24237999634969887,
                0.419258089976322,
                0.5534330011074197,
                0.6710851202079272,
                0.7530344910467491,
                0.7914575796475668,
                0.8476851325218973,
                0.8734578010699858,
                0.8946339343906148,
                0.9046994535519125,
                0.918018602638979,
                0.9317355018189599,
                0.9374193548387098
            ]
        }
    },
    "val": {
        "loss": [
            10.954362332820892,
            9.970101207494736,
            9.110546365380287,
            8.826538354158401,
            8.9756198823452,
            8.685186713933945,
            8.948177754878998,
            10.130641296505928,
            9.402303129434586,
            10.605614334344864,
            10.51979985833168,
            10.996328115463257,
            11.427299737930298,
            12.257407426834106,
            12.211845427751541,
            12.687323153018951
        ],
        "accuracy": {
            "macro": [
                0.8991425992779783,
                0.8989169675090253,
                0.8998194945848376,
                0.8923736462093864,
                0.8889891696750902,
                0.8905685920577618,
                0.8836868231046932,
                0.8681182310469313,
                0.8818817689530686,
                0.8725180505415162,
                0.8784972924187726,
                0.8754512635379061,
                0.8752256317689531,
                0.8722924187725632,
                0.878158844765343,
                0.8771435018050542
            ],
            "micro": [
                0.8991425992779783,
                0.8989169675090253,
                0.8998194945848376,
                0.8923736462093863,
                0.8889891696750902,
                0.8905685920577617,
                0.8836868231046932,
                0.8681182310469314,
                0.8818817689530686,
                0.8725180505415162,
                0.8784972924187726,
                0.8754512635379061,
                0.8752256317689531,
                0.8722924187725631,
                0.878158844765343,
                0.8771435018050542
            ]
        },
        "precision": {
            "macro": [
                0.0,
                0.0,
                0.1972750603864734,
                0.4119172166449774,
                0.38922789062030977,
                0.38263348773261646,
                0.4047291165156464,
                0.3872069894989728,
                0.41232284645262784,
                0.4098530006495464,
                0.39452398184726595,
                0.4037530481992753,
                0.4249890060122966,
                0.4154809748553604,
                0.41717563912555183,
                0.40512666912644757
            ],