{
    "train": {
        "loss": [
            56.31496688723564,
            49.13309195637703,
            41.78397035598755,
            35.87021467089653,
            30.81430123746395,
            26.621247053146362,
            23.014896735548973,
            18.997316479682922
        ],
        "accuracy": {
            "macro": [
                0.8560862691960252,
                0.874087982832618,
                0.8806866952789698,
                0.8931330472103005,
                0.9072961373390559,
                0.9225053648068671,
                0.9370439914163089,
                0.9510193133047211
            ],
            "micro": [
                0.8560862691960253,
                0.874087982832618,
                0.8806866952789699,
                0.8931330472103004,
                0.9072961373390558,
                0.922505364806867,
                0.937043991416309,
                0.951019313304721
            ]
        },
        "precision": {
            "macro": [
                0.10208903289101348,
                0.056818181818181816,
                0.4367254367597251,
                0.73952248504736,
                0.7565803811016855,
                0.8487054645025028,
                0.8559711716340501,
                0.8836375369257998
            ],
            "micro": [
                0.1608548931383577,
                0.9090909090909091,
                0.7848101265822784,
                0.8239771646051379,
                0.8096544157981349,
                0.8400303260045489,
                0.85329703569268,
                0.8758912067599683
            ]
        },
        "recall": {
            "macro": [
                0.027258006201269416,
                0.001644736842105263,
                0.048483431412319755,
                0.1868523809054411,
                0.3282015321859436,
                0.48912101101264627,
                0.6222235449133756,
                0.7321264363435779
            ],
            "micro": [
                0.03181312569521691,
                0.00212630236019562,
                0.05358686257562662,
                0.18563772775991425,
                0.32191930207197383,
                0.47320093956865256,
                0.6023916292974589,
                0.709822383907554
            ]
        },
        "f1": {
            "macro": [
                0.03591377172184687,
                0.00319693094629156,
                0.07184981417605078,
                0.26008566645619247,
                0.4164813253795947,
                0.5906198494135836,
                0.7039238258550669,
                0.7931841580010923
            ],
            "micro": [
                0.05312035661218425,
                0.004242681374628765,
                0.10032362459546926,
                0.30300909727081876,
                0.46067415730337086,
                0.6053817784455675,
                0.7062210539491802,
                0.784160756501182
            ]
        }
    },
    "val": {
        "loss": [
            10.817109793424606,
            10.067080318927765,
            9.25799284875393,
            8.72193107008934,
            8.976456195116043,
            9.075875386595726,
            9.7821094840765,
            9.597321137785912
        ],
        "accuracy": {
            "macro": [
                0.8991425992779783,
                0.8988041516245487,
                0.8973375451263538,
                0.8941787003610109,
                0.8858303249097473,
                0.8843637184115524,
                0.8729693140794224,
                0.8781588447653429
            ],
            "micro": [
                0.8991425992779783,
                0.8988041516245487,
                0.8973375451263538,
                0.8941787003610109,
                0.8858303249097473,
                0.8843637184115524,
                0.8729693140794224,
                0.878158844765343
            ]
        },
        "precision": {
            "macro": [
                0.0,
                0.020833333333333332,
                0.2827989755420182,
                0.30600728339525507,
                0.37680918910937367,
                0.44362868217019913,
                0.38397428306779363,
                0.43344534208093227
            ],
            "micro": [
                0,
                0.3333333333333333,
                0.45454545454545453,
                0.4308176100628931,
                0.4144927536231884,
                0.41278295605858856,
                0.38715953307393,
                0.4079207920792079
            ],
            "weighted": [
                0.0,
                0.013422818791946308,
                0.4335834820129473,
                0.38472689094677454,
                0.395274883845412,
                0.429512809129196,
                0.4093790734084857,
                0.4180611537975859
            ]
        },
        "recall": {
            "macro": [
                0.0,
                0.005208333333333333,
                0.11527088696920143,
                0.15894304624395708,
                0.3582280980738619,
                0.39286491880284186,
                0.4753445795505959,
                0.45880353712552063
            ],
            "micro": [
                0.0,
                0.003355704697986577,
                0.0894854586129754,
                0.15324384787472037,
                0.319910514541387,
                0.34675615212527966,
                0.4451901565995526,
                0.4608501118568233
            ],
            "weighted": [
                0.0,
                0.003355704697986577,
                0.0894854586129754,
                0.15324384787472037,
                0.319910514541387,
                0.34675615212527966,
                0.4451901565995526,
                0.4608501118568233
            ]
        },
        "f1": {
            "macro": [
                0.0,
                0.008333333333333333,
                0.13386276386856205,
                0.18929274554009767,
                0.34838924878564437,
                0.38030013541985813,
                0.4109946635296252,
                0.41406113083719187
            ],
            "micro": [
                0,
                0.006644518272425249,
                0.14953271028037385,
                0.22607260726072612,
                0.36111111111111116,
                0.3768996960486322,
                0.4141519250780437,
                0.43277310924369744
            ],
            "weighted": [
                0.0,
                0.005369127516778523,
                0.11367249738075472,
                0.20647511965081394,
                0.3437415664175896,
                0.3605858331158456,
                0.4085176960529946,
                0.4302438132339645
            ]
        }
    },
    "test": {
        "loss": [
            2.5335419178009033,
            2.3775371611118317,
            2.217273995280266,
            2.102986693382263,
            2.1580000817775726,
            2.0994902551174164,
            2.325516864657402,
            2.2340303361415863
        ],
        "accuracy": {
            "macro": [
                0.8981681034482758,
                0.8976293103448274,
                0.8954741379310344,
                0.8981681034482757,
                0.8917025862068964,
                0.8782327586206896,
                0.8723060344827586,
                0.8793103448275861
            ],
            "micro": [
                0.8981681034482759,
                0.8976293103448276,
                0.8954741379310345,
                0.8981681034482759,
                0.8917025862068966,
                0.8782327586206896,
                0.8723060344827587,
                0.8793103448275862
            ]
        },