{
    "train": {
        "loss": [
            70.74084302783012,
            46.922378316521645,
            36.79063056409359,
            29.142719238996506,
            23.788914524018764,
            20.281521320343018,
            16.315058175474405,
            12.40558671951294
        ],
        "accuracy": {
            "macro": [
                0.7547425474254742,
                0.8592989985693849,
                0.8931330472103004,
                0.9220314735336194,
                0.9345493562231759,
                0.9458512160228899,
                0.955436337625179,
                0.967024320457797
            ],
            "micro": [
                0.7547425474254743,
                0.8592989985693849,
                0.8931330472103004,
                0.9220314735336195,
                0.9345493562231759,
                0.9458512160228898,
                0.9554363376251789,
                0.9670243204577968
            ]
        },
        "precision": {
            "macro": [
                0.6085342889381781,
                0.7866053205177249,
                0.8322466079385071,
                0.8823070780295894,
                0.9014044403372874,
                0.9182261138791513,
                0.9303416461200934,
                0.9477295500088081
            ],
            "micro": [
                0.666077738515901,
                0.7965326270166145,
                0.8429136606935071,
                0.8845281306715064,
                0.8989608666814062,
                0.9174332510657393,
                0.9314543404735062,
                0.9472160356347439
            ]
        },
        "recall": {
            "macro": [
                0.3512989864995013,
                0.7145227756403839,
                0.8001773459786575,
                0.8605744749103484,
                0.9008288481113121,
                0.9092280095393438,
                0.9283666920603073,
                0.9499074956610173
            ],
            "micro": [
                0.44902334444973796,
                0.7467268623024831,
                0.8155820761089845,
                0.8703125,
                0.898762157382847,
                0.9131308619919607,
                0.9283146067415731,
                0.9499664954210408
            ]
        },
        "f1": {
            "macro": [
                0.4166893641603131,
                0.7468456091861148,
                0.8156082532648349,
                0.8709854759517922,
                0.9010111141572272,
                0.9133841778806658,
                0.9293026177824603,
                0.94876473205445
            ],
            "micro": [
                0.5364257256687536,
                0.7708260514971456,
                0.8290226596475165,
                0.8773627362736275,
                0.8988615010500719,
                0.915277000559597,
                0.9298818232976929,
                0.9485892717742835
            ]
        }
    },
    "val": {
        "loss": [
            14.058125108480453,
            13.031876996159554,
            12.990419417619705,
            13.297284290194511,
            13.875638201832771,
            13.831373691558838,
            14.061868622899055,
            14.792421668767929
        ],
        "accuracy": {
            "macro": [
                0.8282190132370638,
                0.835138387484958,
                0.841756919374248,
                0.839049338146811,
                0.8429602888086642,
                0.8468712394705175,
                0.8507821901323708,
                0.8546931407942239
            ],
            "micro": [
                0.8282190132370638,
                0.8351383874849578,
                0.8417569193742479,
                0.839049338146811,
                0.8429602888086642,
                0.8468712394705175,
                0.8507821901323707,
                0.8546931407942239
            ]
        },
        "precision": {
            "macro": [
                0.6356415587257233,
                0.6635256403711289,
                0.6397665617312787,
                0.64663574694945,
                0.6506302999225714,
                0.6646796700761537,
                0.6702535862105541,
                0.6843530828656209
            ],
            "micro": [
                0.6894618834080718,
                0.6998892580287929,
                0.6948118006103764,
                0.6976744186046512,
                0.6960486322188449,
                0.7197802197802198,
                0.7286821705426356,
                0.7214137214137214
            ],
            "weighted": [
                0.699165776274358,
                0.7214303640458201,
                0.7018770299413374,
                0.7102101547552171,
                0.7012853895643563,
                0.7378941508963254,
                0.7350585448511683,
                0.7218536757356108
            ]
        },
        "recall": {
            "macro": [
                0.6159621129698434,
                0.6520493027095531,
                0.6807256649208068,
                0.6831469481838192,
                0.6888951231820669,
                0.6810522614039094,
                0.6858270370905409,
                0.6907701716987288
            ],
            "micro": [
                0.6765676567656765,
                0.6952695269526953,
                0.7513751375137514,
                0.7260726072607261,
                0.7557755775577558,
                0.7205720572057206,
                0.7238723872387238,
                0.7634763476347635
            ],
            "weighted": [
                0.6765676567656765,
                0.6952695269526953,
                0.7513751375137514,
                0.7260726072607261,
                0.7557755775577558,
                0.7205720572057206,
                0.7238723872387238,
                0.7634763476347635
            ]
        },
        "f1": {
            "macro": [
                0.6199901574853283,
                0.6475719991105352,
                0.657218308216475,
                0.6606721040195844,
                0.6667208568307045,
                0.6680227853153328,
                0.6759427073023933,
                0.6840874529489341
            ],
            "micro": [
                0.682953914491949,
                0.6975717439293598,
                0.7219873150105709,
                0.7115902964959568,
                0.7246835443037976,
                0.7201759208356241,
                0.7262693156732892,
                0.7418492784607162
            ],
            "weighted": [
                0.6827582608277888,
                0.7008576419698718,
                0.7237821779036712,
                0.7158114739767419,
                0.7252479002453615,
                0.7257110342261077,
                0.7280676159253442,
                0.7391317081001274
            ]
        }
    },
    "test": {
        "loss": [
            3.514903485774994,
            3.15300515294075,
            2.715088590979576,
            2.644358992576599,
            2.5581125617027283,
            3.0855692923069,
            2.9929282516241074,
            3.2283425629138947
        ],
        "accuracy": {
            "macro": [
                0.8117816091954023,
                0.8318965517241379,
                0.8448275862068965,
                0.8491379310344828,
                0.853448275862069,
                0.8347701149425287,
                0.8577586206896551,
                0.8477011494252874
            ],
            "micro": [
                0.8117816091954023,
                0.8318965517241379,
                0.8448275862068966,
                0.8491379310344828,
                0.853448275862069,
                0.8347701149425287,
                0.8577586206896551,
                0.8477011494252874
            ]
        },