{
    "train": {
        "loss": [
            70.84385851025581,
            46.558278515934944,
            35.84368823468685,
            28.208117470145226,
            22.85342328250408,
            17.154897943139076,
            13.280098892748356,
            11.095302365720272
        ],
        "accuracy": {
            "macro": [
                0.7503386004514673,
                0.8575003575003574,
                0.8961818961818963,
                0.9241384241384242,
                0.9385099385099386,
                0.9556699556699556,
                0.9666094666094666,
                0.9714714714714714
            ],
            "micro": [
                0.7503386004514673,
                0.8575003575003575,
                0.8961818961818961,
                0.9241384241384242,
                0.9385099385099385,
                0.9556699556699557,
                0.9666094666094666,
                0.9714714714714715
            ]
        },
        "precision": {
            "macro": [
                0.6214668414185033,
                0.788188057141966,
                0.8418321309489366,
                0.8823044300087709,
                0.9020408222457738,
                0.932120171445718,
                0.9494202421910636,
                0.9583755891817974
            ],
            "micro": [
                0.6635825314581791,
                0.7988301119023398,
                0.8460807600950119,
                0.8854333409558656,
                0.9011116257526632,
                0.9342679843714089,
                0.9462292093871041,
                0.9560083352627923
            ]
        },
        "recall": {
            "macro": [
                0.3304826322813193,
                0.6848751415328659,
                0.7998948005099648,
                0.8661131271589181,
                0.8942679506648018,
                0.9191214077713897,
                0.9465825597713097,
                0.9539063188111266
            ],
            "micro": [
                0.42670157068062825,
                0.7232327883951186,
                0.8158497480531379,
                0.8736462093862816,
                0.8998612395929695,
                0.924073653102978,
                0.947308394160584,
                0.9518211157215306
            ]
        },
        "f1": {
            "macro": [
                0.39062644643181144,
                0.7301808212931192,
                0.8196099008687671,
                0.873319078578244,
                0.8977052223252692,
                0.9254562341621942,
                0.9479038180780375,
                0.9560829631516808
            ],
            "micro": [
                0.5194090382387021,
                0.7591540785498491,
                0.8306902985074628,
                0.8795002839295855,
                0.9004859986114325,
                0.9291428571428572,
                0.9467684942437022,
                0.9539101305302068
            ]
        }
    },
    "val": {
        "loss": [
            13.665914803743362,
            12.76692920923233,
            12.632816195487976,
            13.269335761666298,
            12.663951501250267,
            13.3687863945961,
            14.379522249102592,
            14.968727082014084
        ],
        "accuracy": {
            "macro": [
                0.833936106088005,
                0.8393610608800482,
                0.8438818565400843,
                0.8441832429174202,
                0.8589511754068716,
                0.8541289933694998,
                0.8559373116335142,
                0.8568414707655214
            ],
            "micro": [
                0.8339361060880048,
                0.8393610608800482,
                0.8438818565400844,
                0.8441832429174201,
                0.8589511754068716,
                0.8541289933694997,
                0.8559373116335142,
                0.8568414707655214
            ]
        },
        "precision": {
            "macro": [
                0.6835035962050723,
                0.6869683149054526,
                0.6593221942655294,
                0.6440022340133268,
                0.7111220098726875,
                0.6718377769362647,
                0.7076383364131532,
                0.6857800260932937
            ],
            "micro": [
                0.758485639686684,
                0.7346938775510204,
                0.7173252279635258,
                0.7075289575289575,
                0.7724687144482366,
                0.7475935828877005,
                0.7742690058479532,
                0.742299794661191
            ],
            "weighted": [
                0.7547460162090103,
                0.7529027901068901,
                0.7327969294975623,
                0.7191379439560095,
                0.7783801984208706,
                0.7500214922421468,
                0.783629066346411,
                0.7414072621459056
            ]
        },
        "recall": {
            "macro": [
                0.5425517531451277,
                0.6271869611330841,
                0.6920737983146976,
                0.7026826756782163,
                0.6544450613025422,
                0.6567617789018408,
                0.6337442069081128,
                0.6657865124601564
            ],
            "micro": [
                0.6135163674762407,
                0.6842661034846885,
                0.747624076029567,
                0.7740232312565998,
                0.7170010559662091,
                0.7381203801478353,
                0.6990496304118268,
                0.7634635691657867
            ],
            "weighted": [
                0.6135163674762407,
                0.6842661034846885,
                0.747624076029567,
                0.7740232312565998,
                0.7170010559662091,
                0.7381203801478353,
                0.6990496304118268,
                0.7634635691657867
            ]
        },
        "f1": {
            "macro": [
                0.6018108522756963,
                0.6466676783003523,
                0.6695132721202333,
                0.6669590393881789,
                0.6795421944589689,
                0.661578237094087,
                0.6645563087200194,
                0.6704976886252577
            ],
            "micro": [
                0.678342089900759,
                0.7085839256424276,
                0.7321613236814892,
                0.7392839132627332,
                0.7437020810514786,
                0.7428267800212539,
                0.7347391786903441,
                0.7527329515877147
            ],
            "weighted": [
                0.6747046860278783,
                0.7118833245461033,
                0.7364103027555821,
                0.7410147788489666,
                0.7453520025789767,
                0.7411458163194067,
                0.7358066108656861,
                0.7483639300874771
            ]
        }
    },
    "test": {
        "loss": [
            3.144561380147934,
            2.974043607711792,
            2.9418572038412094,
            3.20850470662117,
            2.9108481407165527,
            3.109434098005295,
            3.334777295589447,
            3.5491113513708115
        ],
        "accuracy": {
            "macro": [
                0.8290229885057471,
                0.8347701149425287,
                0.8419540229885056,
                0.8448275862068965,
                0.8663793103448277,
                0.8620689655172414,
                0.8620689655172414,
                0.8663793103448275
            ],
            "micro": [
                0.8290229885057471,
                0.8347701149425287,
                0.8419540229885057,
                0.8448275862068966,
                0.8663793103448276,
                0.8620689655172413,
                0.8620689655172413,
                0.8663793103448276
            ]
        },