{
    "train": {
        "loss": [
            73.8946605026722,
            46.28355148434639,
            34.672995790839195,
            28.342583276331425,
            21.705297596752644,
            17.966812174767256,
            13.640256762504578,
            11.415572356432676
        ],
        "accuracy": {
            "macro": [
                0.7381489841986456,
                0.8573573573573574,
                0.9001144001144001,
                0.9222794222794222,
                0.9422279422279423,
                0.9494494494494495,
                0.9603174603174605,
                0.967038467038467
            ],
            "micro": [
                0.7381489841986456,
                0.8573573573573574,
                0.9001144001144001,
                0.9222794222794223,
                0.9422279422279423,
                0.9494494494494494,
                0.9603174603174603,
                0.9670384670384671
            ]
        },
        "precision": {
            "macro": [
                0.6528450747001427,
                0.7868914962954813,
                0.8486578778562176,
                0.8828882359739773,
                0.9110729522675843,
                0.9246369529579055,
                0.9377210727758453,
                0.9510209548730257
            ],
            "micro": [
                0.6678111587982832,
                0.8009888751545118,
                0.849737382964147,
                0.883067236339105,
                0.9102419172507348,
                0.923559739968617,
                0.9355877616747182,
                0.947626476487631
            ]
        },
        "recall": {
            "macro": [
                0.28678232694628436,
                0.6951116875005235,
                0.8210959437191979,
                0.8646302246768789,
                0.9043139538779204,
                0.9177376675163743,
                0.9336144825006102,
                0.948759858439186
            ],
            "micro": [
                0.3650868137024871,
                0.7313769751693002,
                0.834304932735426,
                0.8738317757009346,
                0.90736984448952,
                0.9184128399465002,
                0.9366651312759097,
                0.9495310406431443
            ]
        },
        "f1": {
            "macro": [
                0.3596213259757964,
                0.7354830125516753,
                0.8336280427850115,
                0.8724296438428535,
                0.9074477039032177,
                0.9209999343206944,
                0.9353603229761105,
                0.9497980442442587
            ],
            "micro": [
                0.47208737864077666,
                0.7646017699115044,
                0.8419504468831317,
                0.8784252320769489,
                0.9088036117381489,
                0.9209790991393764,
                0.9361261364944182,
                0.9485778025655327
            ]
        }
    },
    "val": {
        "loss": [
            13.699589312076569,
            13.647981375455856,
            13.284047052264214,
            14.319063887000084,
            13.69759838283062,
            14.279757499694824,
            14.939344763755798,
            15.56263430416584
        ],
        "accuracy": {
            "macro": [
                0.8303194695599759,
                0.8215792646172394,
                0.8390596745027125,
                0.8375527426160337,
                0.8490054249547921,
                0.8487040385774564,
                0.853827606992164,
                0.8447860156720917
            ],
            "micro": [
                0.8303194695599759,
                0.8215792646172393,
                0.8390596745027125,
                0.8375527426160337,
                0.849005424954792,
                0.8487040385774564,
                0.853827606992164,
                0.8447860156720917
            ]
        },
        "precision": {
            "macro": [
                0.6505627622264905,
                0.6102565664877464,
                0.6387494875370495,
                0.6546792560132472,
                0.6718078486441478,
                0.663950440279785,
                0.6778068913421831,
                0.6643970752970032
            ],
            "micro": [
                0.697594501718213,
                0.6533980582524271,
                0.6947916666666667,
                0.6803519061583577,
                0.7253599114064231,
                0.7127882599580713,
                0.7266881028938906,
                0.7088204038257173
            ],
            "weighted": [
                0.7071580732106745,
                0.6742912742463453,
                0.7013879622687311,
                0.6899627919264822,
                0.731114483155069,
                0.7141434122614746,
                0.7263289615359346,
                0.7101538820785288
            ]
        },
        "recall": {
            "macro": [
                0.6055296535671947,
                0.6815040739744888,
                0.6788017013586493,
                0.7021442955410399,
                0.6653144701513386,
                0.6771855238971853,
                0.6861460713853659,
                0.6582051634563965
            ],
            "micro": [
                0.670704845814978,
                0.7411894273127754,
                0.7345814977973568,
                0.7665198237885462,
                0.7213656387665198,
                0.748898678414097,
                0.7466960352422908,
                0.7345814977973568
            ],
            "weighted": [
                0.670704845814978,
                0.7411894273127754,
                0.7345814977973568,
                0.7665198237885462,
                0.7213656387665198,
                0.748898678414097,
                0.7466960352422908,
                0.7345814977973568
            ]
        },
        "f1": {
            "macro": [
                0.6218616746955102,
                0.6317352163816822,
                0.6556339805493109,
                0.6688971210762024,
                0.6649943684513361,
                0.6673585189907558,
                0.6807498700814909,
                0.656485247447495
            ],
            "micro": [
                0.6838854576080854,
                0.6945304437564499,
                0.7141327623126339,
                0.7208700155359916,
                0.7233572611816675,
                0.7303974221267455,
                0.7365562194459533,
                0.7214710654407789
            ],
            "weighted": [
                0.6832663373940379,
                0.6957022764497309,
                0.7155529256816808,
                0.7208452605753467,
                0.7224147031066228,
                0.728662504349616,
                0.7350846354276214,
                0.718518900505787
            ]
        }
    },
    "test": {
        "loss": [
            3.4424620270729065,
            3.647830218076706,
            3.5291821360588074,
            3.493808478116989,
            3.5764703452587128,
            3.624984622001648,
            3.66365647315979,
            3.840832442045212
        ],
        "accuracy": {
            "macro": [
                0.8017241379310344,
                0.8074712643678161,
                0.8261494252873561,
                0.8261494252873564,
                0.8304597701149424,
                0.8318965517241379,
                0.8390804597701149,
                0.8318965517241379
            ],
            "micro": [
                0.8017241379310345,
                0.8074712643678161,
                0.8261494252873564,
                0.8261494252873564,
                0.8304597701149425,
                0.8318965517241379,
                0.8390804597701149,
                0.8318965517241379
            ]
        },