{
    "train": {
        "loss": [
            71.91771900653839,
            48.038352251052856,
            37.76901660859585,
            30.728825137019157,
            23.665248155593872,
            19.151693541556597,
            15.247055403888226,
            13.3617387637496
        ],
        "accuracy": {
            "macro": [
                0.747289972899729,
                0.8534334763948497,
                0.8901287553648068,
                0.9125894134477827,
                0.9353361945636623,
                0.9477825464949928,
                0.9600858369098714,
                0.9642346208869813
            ],
            "micro": [
                0.747289972899729,
                0.8534334763948498,
                0.8901287553648068,
                0.9125894134477825,
                0.9353361945636623,
                0.9477825464949928,
                0.9600858369098713,
                0.9642346208869814
            ]
        },
        "precision": {
            "macro": [
                0.5864438747894999,
                0.7742118325068775,
                0.8325381099386234,
                0.86587382507378,
                0.9042965263055301,
                0.9155977663862226,
                0.9409398267395462,
                0.9478674569162844
            ],
            "micro": [
                0.6585197934595525,
                0.7835322195704058,
                0.8385826771653543,
                0.8681244364292156,
                0.9026133571588117,
                0.9158180583842498,
                0.939059395009936,
                0.9428699955015745
            ]
        },
        "recall": {
            "macro": [
                0.335274646648303,
                0.7040416202801403,
                0.791851641962571,
                0.8443229776682335,
                0.8900152261085007,
                0.9164060951461815,
                0.9366381764598491,
                0.9453266083243261
            ],
            "micro": [
                0.4471715755025713,
                0.7419209039548023,
                0.8118834080717489,
                0.8580659536541889,
                0.8962075848303394,
                0.9187287173666289,
                0.9378169790518192,
                0.9445696259576386
            ]
        },
        "f1": {
            "macro": [
                0.3799958446365979,
                0.7340998257287236,
                0.8108705391749617,
                0.8542065260339909,
                0.8963777986188068,
                0.9159478238219249,
                0.9386400541596505,
                0.9464883173122782
            ],
            "micro": [
                0.5326465265209522,
                0.7621590249564713,
                0.8250170881749829,
                0.8630658897355445,
                0.8993990652125529,
                0.9172710788757933,
                0.9384377758164166,
                0.9437190454750113
            ]
        }
    },
    "val": {
        "loss": [
            15.040048450231552,
            13.271360695362091,
            12.941787332296371,
            13.180114522576332,
            15.078322738409042,
            14.214046493172646,
            14.52614675462246,
            15.30414679646492
        ],
        "accuracy": {
            "macro": [
                0.8170878459687123,
                0.8324308062575211,
                0.848977135980746,
                0.8444645006016845,
                0.8342358604091457,
                0.8477737665463296,
                0.8528880866425993,
                0.8459687123947052
            ],
            "micro": [
                0.8170878459687124,
                0.8324308062575211,
                0.8489771359807461,
                0.8444645006016848,
                0.8342358604091457,
                0.8477737665463297,
                0.8528880866425993,
                0.8459687123947052
            ]
        },
        "precision": {
            "macro": [
                0.6285065495945723,
                0.6327380839120121,
                0.6585474856759502,
                0.6572499237411948,
                0.5899831640168789,
                0.6405160981182995,
                0.6671306161927246,
                0.651076607042721
            ],
            "micro": [
                0.6504559270516718,
                0.6937639198218263,
                0.7096774193548387,
                0.7086021505376344,
                0.6728515625,
                0.711558854718982,
                0.7222222222222222,
                0.7210348706411699
            ],
            "weighted": [
                0.6668168206560474,
                0.7012956005747774,
                0.7198766735761958,
                0.7133920149385581,
                0.676088379638813,
                0.7103220678468776,
                0.7221076202743492,
                0.7306828058061094
            ]
        },
        "recall": {
            "macro": [
                0.5867157493978453,
                0.6216557865171587,
                0.6835931397080364,
                0.6440324888926862,
                0.6884854519957903,
                0.6604934278336535,
                0.6677258622747345,
                0.6526855643573218
            ],
            "micro": [
                0.7093922651933702,
                0.6883977900552486,
                0.7535911602209945,
                0.7281767955801105,
                0.7613259668508288,
                0.7414364640883978,
                0.7469613259668508,
                0.7082872928176795
            ],
            "weighted": [
                0.7093922651933702,
                0.6883977900552486,
                0.7535911602209945,
                0.7281767955801105,
                0.7613259668508288,
                0.7414364640883978,
                0.7469613259668508,
                0.7082872928176795
            ]
        },
        "f1": {
            "macro": [
                0.5430330139526555,
                0.6237227933852167,
                0.6665862301320885,
                0.6419833674784955,
                0.632802627339887,
                0.6494334604900155,
                0.6635690879250469,
                0.6507646289870774
            ],
            "micro": [
                0.6786469344608879,
                0.6910704381586246,
                0.7309753483386924,
                0.7182561307901908,
                0.7143597719025402,
                0.7261904761904763,
                0.7343834872351983,
                0.7146042363433667
            ],
            "weighted": [
                0.6473803425872348,
                0.690997149427251,
                0.733685066106607,
                0.7143815271187399,
                0.7136225289104106,
                0.7247877655319975,
                0.7314419527790206,
                0.7179369237447603
            ]
        }
    },
    "test": {
        "loss": [
            3.565825879573822,
            3.1552262157201767,
            3.010615289211273,
            2.9713395684957504,
            3.2060920894145966,
            3.097554847598076,
            3.4276420772075653,
            3.685105174779892
        ],
        "accuracy": {
            "macro": [
                0.8074712643678161,
                0.8362068965517242,
                0.8304597701149427,
                0.8433908045977011,
                0.8275862068965517,
                0.8448275862068965,
                0.8347701149425287,
                0.8175287356321839
            ],
            "micro": [
                0.8074712643678161,
                0.8362068965517241,
                0.8304597701149425,
                0.8433908045977011,
                0.8275862068965517,
                0.8448275862068966,
                0.8347701149425287,
                0.8175287356321839
            ]
        },