{
    "train": {
        "loss": [
            71.26780545711517,
            48.524210065603256,
            36.52673643827438,
            27.69114465266466,
            21.994689270853996,
            16.86221332103014,
            13.6225681938231,
            11.546347944065928
        ],
        "accuracy": {
            "macro": [
                0.7508280638361939,
                0.8512875536480687,
                0.895994277539342,
                0.922961373390558,
                0.9395565092989986,
                0.9552217453505008,
                0.9637339055793991,
                0.9675250357653792
            ],
            "micro": [
                0.7508280638361939,
                0.8512875536480686,
                0.8959942775393419,
                0.922961373390558,
                0.9395565092989986,
                0.9552217453505008,
                0.9637339055793992,
                0.9675250357653791
            ]
        },
        "precision": {
            "macro": [
                0.6087860161053361,
                0.7776572013586907,
                0.845433967309169,
                0.8803146855407024,
                0.9060963083948085,
                0.9322237251120011,
                0.9406780602061683,
                0.9496136987151998
            ],
            "micro": [
                0.6643009226401704,
                0.7900649026460309,
                0.8459024048564091,
                0.8820454545454546,
                0.9099219620958752,
                0.9298443491991879,
                0.9382519863791147,
                0.9483337061060165
            ]
        },
        "recall": {
            "macro": [
                0.3331814573342425,
                0.6757360424110144,
                0.8010437038482962,
                0.8641531128910444,
                0.8948328392807551,
                0.9272611677376567,
                0.9445212230633458,
                0.9487544662382685
            ],
            "micro": [
                0.44192634560906513,
                0.7188280717692482,
                0.8202399818881594,
                0.874296012615454,
                0.9024767801857585,
                0.9290060851926978,
                0.9461996336996337,
                0.9500336096795877
            ]
        },
        "f1": {
            "macro": [
                0.38871477485318867,
                0.7194733076189331,
                0.8218497239348181,
                0.871642086301287,
                0.900163501757654,
                0.9295533728010271,
                0.9423863515006842,
                0.9491280802364913
            ],
            "micro": [
                0.5307626878366883,
                0.752764894755619,
                0.8328735632183908,
                0.8781536372892861,
                0.906184079049628,
                0.9294250281848929,
                0.9422090504958395,
                0.9491828967987463
            ]
        }
    },
    "val": {
        "loss": [
            13.587470144033432,
            12.237323939800262,
            12.375376775860786,
            12.776991382241249,
            13.207481160759926,
            14.393275529146194,
            14.06607748568058,
            16.019742637872696
        ],
        "accuracy": {
            "macro": [
                0.8270156438026475,
                0.8411552346570398,
                0.8465703971119134,
                0.8444645006016848,
                0.8468712394705173,
                0.8396510228640194,
                0.8558965102286402,
                0.8390493381468112
            ],
            "micro": [
                0.8270156438026474,
                0.8411552346570397,
                0.8465703971119134,
                0.8444645006016848,
                0.8468712394705175,
                0.8396510228640193,
                0.8558965102286402,
                0.839049338146811
            ]
        },
        "precision": {
            "macro": [
                0.6671509204991848,
                0.6665521164020997,
                0.6814427068871579,
                0.665065730778129,
                0.6664812052467205,
                0.6449518188740848,
                0.6907580806753683,
                0.6491584042953972
            ],
            "micro": [
                0.7137305699481865,
                0.7110862262038073,
                0.7277970011534025,
                0.7174887892376681,
                0.7291666666666666,
                0.6987179487179487,
                0.7465277777777778,
                0.6939203354297694
            ],
            "weighted": [
                0.7195942374182461,
                0.7154718504471634,
                0.7483148108316634,
                0.7238378270586433,
                0.7392539615091752,
                0.6982778808472646,
                0.7418212156328559,
                0.6917912213783245
            ]
        },
        "recall": {
            "macro": [
                0.4904577670407107,
                0.6271784300449387,
                0.6471331762032072,
                0.6259993572584058,
                0.6369486413553272,
                0.6387078624887105,
                0.6279393329076987,
                0.6521915869325694
            ],
            "micro": [
                0.6088397790055249,
                0.7016574585635359,
                0.6972375690607735,
                0.7071823204419889,
                0.6961325966850829,
                0.7226519337016575,
                0.712707182320442,
                0.7314917127071823
            ],
            "weighted": [
                0.6088397790055249,
                0.7016574585635359,
                0.6972375690607735,
                0.7071823204419889,
                0.6961325966850829,
                0.7226519337016575,
                0.712707182320442,
                0.7314917127071823
            ]
        },
        "f1": {
            "macro": [
                0.5258552010821419,
                0.6413843629276667,
                0.6510328787102683,
                0.6354184608624979,
                0.6488318283261605,
                0.6375251270829553,
                0.6527360820111675,
                0.6472436621263604
            ],
            "micro": [
                0.6571258199165175,
                0.7063403781979978,
                0.7121896162528216,
                0.7122982749026154,
                0.7122668174109666,
                0.7104834329168931,
                0.7292255511588468,
                0.7122108660570199
            ],
            "weighted": [
                0.6267118194745346,
                0.7042445649213718,
                0.7126227886045364,
                0.7100087027921622,
                0.7158719125155985,
                0.7066509927617659,
                0.7244022421932723,
                0.7085555056730631
            ]
        }
    },
    "test": {
        "loss": [
            3.333708941936493,
            2.9393261671066284,
            3.053155839443207,
            2.9725557565689087,
            3.0487512350082397,
            3.362378418445587,
            3.4258832037448883,
            3.8969449400901794
        ],
        "accuracy": {
            "macro": [
                0.8189655172413793,
                0.8505747126436782,
                0.8333333333333334,
                0.8362068965517241,
                0.8405172413793102,
                0.8333333333333334,
                0.8419540229885056,
                0.8419540229885056
            ],
            "micro": [
                0.8189655172413793,
                0.8505747126436781,
                0.8333333333333334,
                0.8362068965517241,
                0.8405172413793104,
                0.8333333333333334,
                0.8419540229885057,
                0.8419540229885057
            ]
        },