{
    "train": {
        "loss": [
            1273.4748836653307
        ],
        "accuracy": {
            "macro": [
                0.9703130089384652
            ],
            "micro": [
                0.9703130089384652
            ]
        },
        "precision": {
            "macro": [
                0.8629325793879633
            ],
            "micro": [
                0.9258660638020367
            ]
        },
        "recall": {
            "macro": [
                0.681342017386216
            ],
            "micro": [
                0.8613958632136661
            ]
        },
        "f1": {
            "macro": [
                0.7428689362720584
            ],
            "micro": [
                0.8924681773764295
            ]
        }
    },
    "val": {
        "loss": [
            245.17787053731445
        ],
        "accuracy": {
            "macro": [
                0.9762747761604403
            ],
            "micro": [
                0.9762747761604403
            ]
        },
        "precision": {
            "macro": [
                0.8528662782660739
            ],
            "micro": [
                0.9316535284176191
            ],
            "weighted": [
                0.9299319449595963
            ]
        },
        "recall": {
            "macro": [
                0.7654158574647685
            ],
            "micro": [
                0.9001701450610352
            ],
            "weighted": [
                0.9001701450610352
            ]
        },
        "f1": {
            "macro": [
                0.8029389203757564
            ],
            "micro": [
                0.9156412857463664
            ],
            "weighted": [
                0.9136903737847385
            ]
        }
    },
    "test": {
        "loss": [
            1.2382105886936188
        ],
        "accuracy": {
            "macro": [
                0.7623152709359607
            ],
            "micro": [
                0.7623152709359606
            ]
        },
        "precision": {
            "macro": [
                0.6841269841269841
            ],
            "micro": [
                0.47619047619047616
            ],
            "weighted": [
                0.8592004703115814
            ]
        },
        "recall": {
            "macro": [
                0.21785046111082979
            ],
            "micro": [
                0.21164021164021163
            ],
            "weighted": [
                0.21164021164021163
            ]
        },
        "f1": {
            "macro": [
                0.2599737593128634
            ],
            "micro": [
                0.293040293040293
            ],
            "weighted": [
                0.3004580915972841
            ]
        }
    }
}