{
    "train": {
        "loss": [
            1269.5482265939936
        ],
        "accuracy": {
            "macro": [
                0.9701450159117329
            ],
            "micro": [
                0.9701450159117327
            ]
        },
        "precision": {
            "macro": [
                0.8364368996728793
            ],
            "micro": [
                0.92421577010753
            ]
        },
        "recall": {
            "macro": [
                0.6784671159606219
            ],
            "micro": [
                0.8619450212503544
            ]
        },
        "f1": {
            "macro": [
                0.7338781867403078
            ],
            "micro": [
                0.891994926167464
            ]
        }
    },
    "val": {
        "loss": [
            244.17666689246835
        ],
        "accuracy": {
            "macro": [
                0.9763510901605158
            ],
            "micro": [
                0.976351090160516
            ]
        },
        "precision": {
            "macro": [
                0.8681370771763811
            ],
            "micro": [
                0.9331041296186524
            ],
            "weighted": [
                0.9327262318765972
            ]
        },
        "recall": {
            "macro": [
                0.7549130301640178
            ],
            "micro": [
                0.8990671286600922
            ],
            "weighted": [
                0.8990671286600922
            ]
        },
        "f1": {
            "macro": [
                0.7974971012035763
            ],
            "micro": [
                0.9157694694384115
            ],
            "weighted": [
                0.9141581709340967
            ]
        }
    },
    "test": {
        "loss": [
            1.1957079470157623
        ],
        "accuracy": {
            "macro": [
                0.7635467980295567
            ],
            "micro": [
                0.7635467980295566
            ]
        },
        "precision": {
            "macro": [
                0.6596895168323741
            ],
            "micro": [
                0.47761194029850745
            ],
            "weighted": [
                0.8566389518770471
            ]
        },
        "recall": {
            "macro": [
                0.18473931342594938
            ],
            "micro": [
                0.1693121693121693
            ],
            "weighted": [
                0.1693121693121693
            ]
        },
        "f1": {
            "macro": [
                0.2074376646745068
            ],
            "micro": [
                0.24999999999999994
            ],
            "weighted": [
                0.2368363037222686
            ]
        }
    }
}