{
    "train": {
        "loss": [
            1267.3834587736055
        ],
        "accuracy": {
            "macro": [
                0.9701807062053112
            ],
            "micro": [
                0.9701807062053113
            ]
        },
        "precision": {
            "macro": [
                0.8349271507481111
            ],
            "micro": [
                0.9224710984861184
            ]
        },
        "recall": {
            "macro": [
                0.6821473275829127
            ],
            "micro": [
                0.8641297365202785
            ]
        },
        "f1": {
            "macro": [
                0.7377711812990729
            ],
            "micro": [
                0.8923478503574384
            ]
        }
    },
    "val": {
        "loss": [
            245.30406806687824
        ],
        "accuracy": {
            "macro": [
                0.9756236065323856
            ],
            "micro": [
                0.9756236065323857
            ]
        },
        "precision": {
            "macro": [
                0.8625667766570108
            ],
            "micro": [
                0.9347303071773122
            ],
            "weighted": [
                0.9319032618965618
            ]
        },
        "recall": {
            "macro": [
                0.7415435415675382
            ],
            "micro": [
                0.8918387002219338
            ],
            "weighted": [
                0.8918387002219338
            ]
        },
        "f1": {
            "macro": [
                0.7916654090988764
            ],
            "micro": [
                0.9127809120094754
            ],
            "weighted": [
                0.9098276921820573
            ]
        }
    },
    "test": {
        "loss": [
            1.128197729587555
        ],
        "accuracy": {
            "macro": [
                0.7733990147783251
            ],
            "micro": [
                0.7733990147783252
            ]
        },
        "precision": {
            "macro": [
                0.7297863426895684
            ],
            "micro": [
                0.5384615384615384
            ],
            "weighted": [
                0.9213641794286956
            ]
        },
        "recall": {
            "macro": [
                0.2108451776078504
            ],
            "micro": [
                0.18518518518518517
            ],
            "weighted": [
                0.18518518518518517
            ]
        },
        "f1": {
            "macro": [
                0.243592035766133
            ],
            "micro": [
                0.2755905511811023
            ],
            "weighted": [
                0.2581522418968146
            ]
        }
    }
}