{
    "train": {
        "loss": [
            1803.2967144791037
        ],
        "accuracy": {
            "macro": [
                0.9573393870427335
            ],
            "micro": [
                0.9573393870427336
            ]
        },
        "precision": {
            "macro": [
                0.9064652123502164
            ],
            "micro": [
                0.9044799184128728
            ]
        },
        "recall": {
            "macro": [
                0.832862019487668
            ],
            "micro": [
                0.8328457890614764
            ]
        },
        "f1": {
            "macro": [
                0.867430817465669
            ],
            "micro": [
                0.8671860297697815
            ]
        }
    },
    "val": {
        "loss": [
            317.88553249918914
        ],
        "accuracy": {
            "macro": [
                0.9698613611097251
            ],
            "micro": [
                0.9698613611097252
            ]
        },
        "precision": {
            "macro": [
                0.8246163001502692
            ],
            "micro": [
                0.9199987416239344
            ],
            "weighted": [
                0.9281697188797859
            ]
        },
        "recall": {
            "macro": [
                0.8629860582226428
            ],
            "micro": [
                0.897313261098859
            ],
            "weighted": [
                0.897313261098859
            ]
        },
        "f1": {
            "macro": [
                0.8377963533044496
            ],
            "micro": [
                0.9085144100920157
            ],
            "weighted": [
                0.9109773629227632
            ]
        }
    },
    "test": {
        "loss": [
            1.0735094547271729
        ],
        "accuracy": {
            "macro": [
                0.8017241379310344
            ],
            "micro": [
                0.8017241379310345
            ]
        },
        "precision": {
            "macro": [
                0.8452862926547136
            ],
            "micro": [
                0.7524752475247525
            ],
            "weighted": [
                0.8866886385683378
            ]
        },
        "recall": {
            "macro": [
                0.4050996494544881
            ],
            "micro": [
                0.4021164021164021
            ],
            "weighted": [
                0.4021164021164021
            ]
        },
        "f1": {
            "macro": [
                0.476785778171313
            ],
            "micro": [
                0.5241379310344828
            ],
            "weighted": [
                0.5131175909564114
            ]
        }
    }
}