{
    "train": {
        "loss": [
            1815.7020418737084
        ],
        "accuracy": {
            "macro": [
                0.9569820202316771
            ],
            "micro": [
                0.956982020231677
            ]
        },
        "precision": {
            "macro": [
                0.9056466367113604
            ],
            "micro": [
                0.9038811911664996
            ]
        },
        "recall": {
            "macro": [
                0.8310628059026913
            ],
            "micro": [
                0.831148799773562
            ]
        },
        "f1": {
            "macro": [
                0.8660696632223187
            ],
            "micro": [
                0.8659905259261732
            ]
        }
    },
    "val": {
        "loss": [
            328.42180668449146
        ],
        "accuracy": {
            "macro": [
                0.9687207356575938
            ],
            "micro": [
                0.9687207356575938
            ]
        },
        "precision": {
            "macro": [
                0.8146451823959496
            ],
            "micro": [
                0.9167948813800756
            ],
            "weighted": [
                0.9266108840149186
            ]
        },
        "recall": {
            "macro": [
                0.86191057942081
            ],
            "micro": [
                0.8935533728872713
            ],
            "weighted": [
                0.8935533728872713
            ]
        },
        "f1": {
            "macro": [
                0.832103349130365
            ],
            "micro": [
                0.9050249382370764
            ],
            "weighted": [
                0.9079713545293034
            ]
        }
    },
    "test": {
        "loss": [
            1.1310563683509827
        ],
        "accuracy": {
            "macro": [
                0.7902298850574713
            ],
            "micro": [
                0.7902298850574713
            ]
        },
        "precision": {
            "macro": [
                0.8193536673928831
            ],
            "micro": [
                0.7047619047619048
            ],
            "weighted": [
                0.8523071780152389
            ]
        },
        "recall": {
            "macro": [
                0.36964458033006425
            ],
            "micro": [
                0.3915343915343915
            ],
            "weighted": [
                0.3915343915343915
            ]
        },
        "f1": {
            "macro": [
                0.3992906373075546
            ],
            "micro": [
                0.5034013605442177
            ],
            "weighted": [
                0.4503183269966299
            ]
        }
    }
}