{
    "train": {
        "loss": [
            1279.1670085857622
        ],
        "accuracy": {
            "macro": [
                0.9701926842305351
            ],
            "micro": [
                0.9701926842305351
            ]
        },
        "precision": {
            "macro": [
                0.8591916766115691
            ],
            "micro": [
                0.9255741556774945
            ]
        },
        "recall": {
            "macro": [
                0.6803946800187709
            ],
            "micro": [
                0.8607976716652009
            ]
        },
        "f1": {
            "macro": [
                0.7402799638983787
            ],
            "micro": [
                0.8920114681228987
            ]
        }
    },
    "val": {
        "loss": [
            241.8167563878378
        ],
        "accuracy": {
            "macro": [
                0.9765192369990663
            ],
            "micro": [
                0.9765192369990663
            ]
        },
        "precision": {
            "macro": [
                0.8601571283734213
            ],
            "micro": [
                0.9342395108697802
            ],
            "weighted": [
                0.932343216839307
            ]
        },
        "recall": {
            "macro": [
                0.7553147222421085
            ],
            "micro": [
                0.8991390335251667
            ],
            "weighted": [
                0.8991390335251667
            ]
        },
        "f1": {
            "macro": [
                0.7996616483095484
            ],
            "micro": [
                0.9163532686172018
            ],
            "weighted": [
                0.9142195701728271
            ]
        }
    },
    "test": {
        "loss": [
            1.1320993304252625
        ],
        "accuracy": {
            "macro": [
                0.7807881773399015
            ],
            "micro": [
                0.7807881773399015
            ]
        },
        "precision": {
            "macro": [
                0.674363711001642
            ],
            "micro": [
                0.5774647887323944
            ],
            "weighted": [
                0.8518100407468223
            ]
        },
        "recall": {
            "macro": [
                0.2077684796002768
            ],
            "micro": [
                0.21693121693121692
            ],
            "weighted": [
                0.21693121693121692
            ]
        },
        "f1": {
            "macro": [
                0.26268919908454336
            ],
            "micro": [
                0.31538461538461543
            ],
            "weighted": [
                0.31614786329943545
            ]
        }
    }
}