{
    "train": {
        "loss": [
            1279.6851810403168
        ],
        "accuracy": {
            "macro": [
                0.9699939579029581
            ],
            "micro": [
                0.9699939579029582
            ]
        },
        "precision": {
            "macro": [
                0.8609026601403287
            ],
            "micro": [
                0.9227146007742387
            ]
        },
        "recall": {
            "macro": [
                0.6779110310204063
            ],
            "micro": [
                0.8624394013510144
            ]
        },
        "f1": {
            "macro": [
                0.736879086891218
            ],
            "micro": [
                0.8915594138793402
            ]
        }
    },
    "val": {
        "loss": [
            246.15357335198496
        ],
        "accuracy": {
            "macro": [
                0.9760520935702444
            ],
            "micro": [
                0.9760520935702444
            ]
        },
        "precision": {
            "macro": [
                0.8334180940490253
            ],
            "micro": [
                0.9281309344348949
            ],
            "weighted": [
                0.9276056252122302
            ]
        },
        "recall": {
            "macro": [
                0.7821532102820503
            ],
            "micro": [
                0.9024250961282217
            ],
            "weighted": [
                0.9024250961282217
            ]
        },
        "f1": {
            "macro": [
                0.8057393376635636
            ],
            "micro": [
                0.9150975263721735
            ],
            "weighted": [
                0.9146426996944038
            ]
        }
    },
    "test": {
        "loss": [
            1.1936448514461517
        ],
        "accuracy": {
            "macro": [
                0.7586206896551725
            ],
            "micro": [
                0.7586206896551724
            ]
        },
        "precision": {
            "macro": [
                0.7083015024191495
            ],
            "micro": [
                0.46153846153846156
            ],
            "weighted": [
                0.8884126040988788
            ]
        },
        "recall": {
            "macro": [
                0.2426496570505787
            ],
            "micro": [
                0.2222222222222222
            ],
            "weighted": [
                0.2222222222222222
            ]
        },
        "f1": {
            "macro": [
                0.2483375974067463
            ],
            "micro": [
                0.3
            ],
            "weighted": [
                0.2913207785400457
            ]
        }
    }
}