{
    "train": {
        "loss": [
            1815.738582154736
        ],
        "accuracy": {
            "macro": [
                0.957157724588205
            ],
            "micro": [
                0.9571577245882051
            ]
        },
        "precision": {
            "macro": [
                0.906571609665959
            ],
            "micro": [
                0.9045761100047652
            ]
        },
        "recall": {
            "macro": [
                0.831496266768661
            ],
            "micro": [
                0.8314903758791586
            ]
        },
        "f1": {
            "macro": [
                0.8667921351088209
            ],
            "micro": [
                0.8664948443333512
            ]
        }
    },
    "val": {
        "loss": [
            311.28744525901857
        ],
        "accuracy": {
            "macro": [
                0.9702368387723225
            ],
            "micro": [
                0.9702368387723224
            ]
        },
        "precision": {
            "macro": [
                0.8297411019395059
            ],
            "micro": [
                0.9213498617170688
            ],
            "weighted": [
                0.9293340846967666
            ]
        },
        "recall": {
            "macro": [
                0.8648719702806917
            ],
            "micro": [
                0.8982184977084012
            ],
            "weighted": [
                0.8982184977084012
            ]
        },
        "f1": {
            "macro": [
                0.8422638317726988
            ],
            "micro": [
                0.9096371503367486
            ],
            "weighted": [
                0.9120060246640488
            ]
        }
    },
    "test": {
        "loss": [
            1.2288643717765808
        ],
        "accuracy": {
            "macro": [
                0.7629310344827586
            ],
            "micro": [
                0.7629310344827587
            ]
        },
        "precision": {
            "macro": [
                0.8140229044834307
            ],
            "micro": [
                0.62
            ],
            "weighted": [
                0.8686473127262601
            ]
        },
        "recall": {
            "macro": [
                0.3208938089986477
            ],
            "micro": [
                0.328042328042328
            ],
            "weighted": [
                0.328042328042328
            ]
        },
        "f1": {
            "macro": [
                0.36509464547801934
            ],
            "micro": [
                0.42906574394463665
            ],
            "weighted": [
                0.41473343910601007
            ]
        }
    }
}