{
    "train": {
        "loss": [
            1812.4354822579771
        ],
        "accuracy": {
            "macro": [
                0.9571164667420181
            ],
            "micro": [
                0.9571164667420182
            ]
        },
        "precision": {
            "macro": [
                0.9065207773304486
            ],
            "micro": [
                0.90450294325994
            ]
        },
        "recall": {
            "macro": [
                0.831301310281062
            ],
            "micro": [
                0.8313801566684482
            ]
        },
        "f1": {
            "macro": [
                0.8665712262399566
            ],
            "micro": [
                0.8664014284205471
            ]
        }
    },
    "val": {
        "loss": [
            325.2553866449598
        ],
        "accuracy": {
            "macro": [
                0.9687553970916153
            ],
            "micro": [
                0.9687553970916153
            ]
        },
        "precision": {
            "macro": [
                0.8236089582007383
            ],
            "micro": [
                0.9189309964369184
            ],
            "weighted": [
                0.9268736487775773
            ]
        },
        "recall": {
            "macro": [
                0.8617298743700044
            ],
            "micro": [
                0.891276748351661
            ],
            "weighted": [
                0.891276748351661
            ]
        },
        "f1": {
            "macro": [
                0.8379893605436312
            ],
            "micro": [
                0.9048926376784505
            ],
            "weighted": [
                0.9073806621938101
            ]
        }
    },
    "test": {
        "loss": [
            1.0138861536979675
        ],
        "accuracy": {
            "macro": [
                0.7844827586206896
            ],
            "micro": [
                0.7844827586206896
            ]
        },
        "precision": {
            "macro": [
                0.825055825055825
            ],
            "micro": [
                0.7096774193548387
            ],
            "weighted": [
                0.8708867597756487
            ]
        },
        "recall": {
            "macro": [
                0.3321702640251027
            ],
            "micro": [
                0.3492063492063492
            ],
            "weighted": [
                0.3492063492063492
            ]
        },
        "f1": {
            "macro": [
                0.3895353913958565
            ],
            "micro": [
                0.4680851063829788
            ],
            "weighted": [
                0.44287833954869754
            ]
        }
    }
}