{
    "train": {
        "loss": [
            1820.2625585645437
        ],
        "accuracy": {
            "macro": [
                0.9570170413930938
            ],
            "micro": [
                0.9570170413930938
            ]
        },
        "precision": {
            "macro": [
                0.9070070279332336
            ],
            "micro": [
                0.9051806755244654
            ]
        },
        "recall": {
            "macro": [
                0.8299005391105232
            ],
            "micro": [
                0.8299372673580866
            ]
        },
        "f1": {
            "macro": [
                0.8661099134222116
            ],
            "micro": [
                0.8659275058409933
            ]
        }
    },
    "val": {
        "loss": [
            315.93131343781715
        ],
        "accuracy": {
            "macro": [
                0.9699507975252922
            ],
            "micro": [
                0.9699507975252921
            ]
        },
        "precision": {
            "macro": [
                0.8348149289958947
            ],
            "micro": [
                0.9229454087811365
            ],
            "weighted": [
                0.9295494182429188
            ]
        },
        "recall": {
            "macro": [
                0.8603595616904646
            ],
            "micro": [
                0.8944939876877049
            ],
            "weighted": [
                0.8944939876877049
            ]
        },
        "f1": {
            "macro": [
                0.8449394735698269
            ],
            "micro": [
                0.9084969993747479
            ],
            "weighted": [
                0.9105548678530523
            ]
        }
    },
    "test": {
        "loss": [
            1.1616311073303223
        ],
        "accuracy": {
            "macro": [
                0.7672413793103449
            ],
            "micro": [
                0.7672413793103449
            ]
        },
        "precision": {
            "macro": [
                0.8355263157894738
            ],
            "micro": [
                0.6451612903225806
            ],
            "weighted": [
                0.890171858216971
            ]
        },
        "recall": {
            "macro": [
                0.34018562829046695
            ],
            "micro": [
                0.31746031746031744
            ],
            "weighted": [
                0.31746031746031744
            ]
        },
        "f1": {
            "macro": [
                0.38533076243564807
            ],
            "micro": [
                0.425531914893617
            ],
            "weighted": [
                0.41602648395814956
            ]
        }
    }
}