{
    "train": {
        "loss": [
            76.21942338347435,
            50.13915066421032,
            37.46292693167925,
            31.222143910825253,
            23.118181362748146,
            18.275395650416613,
            16.3412635140121,
            12.639444008469582
        ],
        "accuracy": {
            "macro": [
                0.7291948833709556,
                0.8449163449163449,
                0.8896038896038897,
                0.9109824109824108,
                0.9378664378664379,
                0.9529529529529531,
                0.9555269555269555,
                0.9659659659659661
            ],
            "micro": [
                0.7291948833709556,
                0.8449163449163449,
                0.8896038896038896,
                0.910982410982411,
                0.9378664378664379,
                0.9529529529529529,
                0.9555269555269555,
                0.965965965965966
            ]
        },
        "precision": {
            "macro": [
                0.5927083525397945,
                0.7739661929553762,
                0.831319695939206,
                0.8584080016469559,
                0.9059635761752575,
                0.926991425953589,
                0.9361845243921404,
                0.9448589514213989
            ],
            "micro": [
                0.6410138248847926,
                0.7900024503798089,
                0.8372673626872447,
                0.8607508532423208,
                0.9055100182149363,
                0.9242860305512508,
                0.9273494778938014,
                0.945879182573546
            ]
        },
        "recall": {
            "macro": [
                0.2359113500919876,
                0.6594766465090678,
                0.7964806563873571,
                0.8442706741969647,
                0.8941846427310699,
                0.9275104221883792,
                0.9318698021537372,
                0.9465587782850324
            ],
            "micro": [
                0.33032533839943007,
                0.7107583774250441,
                0.816873339238264,
                0.8566576086956522,
                0.8975400586774994,
                0.9296370518815409,
                0.9339897068695457,
                0.9471553856532494
            ]
        },
        "f1": {
            "macro": [
                0.28638472012387245,
                0.7060247729209189,
                0.8123848336889278,
                0.8508814443818716,
                0.8992125100494514,
                0.9271255914376,
                0.9337868781408796,
                0.945343355807822
            ],
            "micro": [
                0.43598182103118627,
                0.7482882673784379,
                0.8269446312485988,
                0.8586993530813756,
                0.90150742377876,
                0.9269538188277087,
                0.9306577480490523,
                0.9465168539325842
            ]
        }
    },
    "val": {
        "loss": [
            14.128985494375229,
            12.752273678779602,
            12.70175439119339,
            13.559839367866516,
            13.191036313772202,
            14.067100510001183,
            14.934096038341522,
            15.194426715373993
        ],
        "accuracy": {
            "macro": [
                0.8152501506931887,
                0.8450874020494274,
                0.8426763110307413,
                0.834840265220012,
                0.8526220614828209,
                0.8508137432188065,
                0.8474984930681132,
                0.8511151295961423
            ],
            "micro": [
                0.8152501506931886,
                0.8450874020494273,
                0.8426763110307414,
                0.8348402652200121,
                0.8526220614828209,
                0.8508137432188065,
                0.8474984930681133,
                0.8511151295961422
            ]
        },
        "precision": {
            "macro": [
                0.7011516152949923,
                0.6612603013199941,
                0.6405066920697265,
                0.6499620860570635,
                0.6776320315304116,
                0.6822460825061029,
                0.6658650574325681,
                0.6869773610869002
            ],
            "micro": [
                0.6969292389853138,
                0.6977911646586346,
                0.683111954459203,
                0.6956521739130435,
                0.7216931216931217,
                0.7092198581560284,
                0.7208791208791209,
                0.7041420118343196
            ],
            "weighted": [
                0.7314605614049824,
                0.7006422956685089,
                0.6862597479712559,
                0.7202078124975684,
                0.7179794431202953,
                0.7099719149986016,
                0.7362487939041154,
                0.706409000689036
            ]
        },
        "recall": {
            "macro": [
                0.4275585676726377,
                0.715680308143316,
                0.7300019388194964,
                0.6647444659662097,
                0.6769737118557204,
                0.6757365754132753,
                0.6841205028919619,
                0.7013886344741914
            ],
            "micro": [
                0.5748898678414097,
                0.7654185022026432,
                0.7929515418502202,
                0.7048458149779736,
                0.751101321585903,
                0.7709251101321586,
                0.7224669603524229,
                0.7863436123348018
            ],
            "weighted": [
                0.5748898678414097,
                0.7654185022026432,
                0.7929515418502202,
                0.7048458149779736,
                0.751101321585903,
                0.7709251101321586,
                0.7224669603524229,
                0.7863436123348018
            ]
        },
        "f1": {
            "macro": [
                0.4454828675588489,
                0.685975816634778,
                0.6800830305762645,
                0.6407582018783495,
                0.6748965467277265,
                0.6664378312575546,
                0.6683391597039808,
                0.6829111747274098
            ],
            "micro": [
                0.6300543150271576,
                0.7300420168067226,
                0.7339449541284403,
                0.7002188183807438,
                0.7361036157582299,
                0.7387862796833773,
                0.7216721672167216,
                0.7429760665972945
            ],
            "weighted": [
                0.5622111492714962,
                0.7302183597512353,
                0.7342058433207737,
                0.702898130227732,
                0.7330258668708091,
                0.7333707491353646,
                0.7265495876270897,
                0.738712344238172
            ]
        }
    },
    "test": {
        "loss": [
            3.444260358810425,
            3.060705006122589,
            3.153548687696457,
            3.2503111362457275,
            2.92773100733757,
            3.386906236410141,
            3.40739107131958,
            3.7622183561325073
        ],
        "accuracy": {
            "macro": [
                0.8189655172413793,
                0.8275862068965517,
                0.8232758620689654,
                0.8261494252873564,
                0.8591954022988505,
                0.8448275862068965,
                0.8390804597701149,
                0.8433908045977011
            ],
            "micro": [
                0.8189655172413793,
                0.8275862068965517,
                0.8232758620689655,
                0.8261494252873564,
                0.8591954022988506,
                0.8448275862068966,
                0.8390804597701149,
                0.8433908045977011
            ]
        },