{
    "train": {
        "loss": [
            79.50394415855408,
            53.69161331653595,
            40.1942044198513,
            30.16264495253563,
            24.555926591157913,
            18.466272179037333,
            15.516590997576714,
            12.630082305520773
        ],
        "accuracy": {
            "macro": [
                0.7070912375790424,
                0.8374105865522173,
                0.8825464949928469,
                0.9149499284692418,
                0.9334048640915592,
                0.9516452074391989,
                0.9582975679542204,
                0.9650214592274678
            ],
            "micro": [
                0.7070912375790425,
                0.8374105865522175,
                0.8825464949928469,
                0.9149499284692417,
                0.9334048640915593,
                0.9516452074391989,
                0.9582975679542203,
                0.9650214592274678
            ]
        },
        "precision": {
            "macro": [
                0.5315398222158366,
                0.7691809052757441,
                0.8238939221520969,
                0.8683252524799162,
                0.8996245843394203,
                0.9274650733166045,
                0.938473459450527,
                0.9459902689535872
            ],
            "micro": [
                0.5679138903126602,
                0.7753941586973379,
                0.8281505728314239,
                0.8704826038159371,
                0.8947129566598593,
                0.921172194457065,
                0.9329102447869447,
                0.9428947946408961
            ]
        },
        "recall": {
            "macro": [
                0.19117414325663148,
                0.6184269828368593,
                0.7704334806179194,
                0.8497364273394518,
                0.8921203406979892,
                0.9242755660468681,
                0.9356171557703729,
                0.9494096574692419
            ],
            "micro": [
                0.2666025024061598,
                0.6811989100817438,
                0.7961339626882445,
                0.8636971046770602,
                0.8941043083900226,
                0.9249543795620438,
                0.9348171701112877,
                0.949358690844759
            ]
        },
        "f1": {
            "macro": [
                0.23529831310152016,
                0.6750382589982351,
                0.794440122312969,
                0.8577616263380071,
                0.8954329435147835,
                0.9255754780818131,
                0.9368730566523538,
                0.947644495298698
            ],
            "micro": [
                0.362862289176355,
                0.7252508159071679,
                0.81182672473069,
                0.8670765790944662,
                0.8944085289781104,
                0.923059412702026,
                0.9338627339761769,
                0.9461157024793388
            ]
        }
    },
    "val": {
        "loss": [
            15.656917989253998,
            13.422789871692657,
            12.660821303725243,
            13.586068734526634,
            13.458728194236755,
            13.487534910440445,
            14.297027498483658,
            15.003707125782967
        ],
        "accuracy": {
            "macro": [
                0.8011432009626954,
                0.8267148014440434,
                0.8414560770156437,
                0.8420577617328521,
                0.8471720818291214,
                0.8450661853188929,
                0.8495788206979543,
                0.8489771359807462
            ],
            "micro": [
                0.8011432009626955,
                0.8267148014440433,
                0.8414560770156438,
                0.842057761732852,
                0.8471720818291215,
                0.8450661853188929,
                0.8495788206979543,
                0.8489771359807461
            ]
        },
        "precision": {
            "macro": [
                0.6859766672459204,
                0.6670657120214476,
                0.6490909252662741,
                0.6474399971098631,
                0.6611854078436199,
                0.6502956920958384,
                0.657513414271748,
                0.6638991254031811
            ],
            "micro": [
                0.6380846325167038,
                0.6907216494845361,
                0.6993736951983298,
                0.6927710843373494,
                0.7039674465920651,
                0.712742980561555,
                0.7136886102403344,
                0.7104446742502585
            ],
            "weighted": [
                0.6809830511551301,
                0.7245868752744383,
                0.7042897320842334,
                0.6933833937446264,
                0.6996081545217232,
                0.7143989684910248,
                0.7151963561604399,
                0.7134064595469819
            ]
        },
        "recall": {
            "macro": [
                0.5138044087551501,
                0.6209795419331906,
                0.6748399089111162,
                0.6823013322594762,
                0.6728666314591726,
                0.6611401553160506,
                0.6935921962738635,
                0.6832396578742728
            ],
            "micro": [
                0.6303630363036303,
                0.6633663366336634,
                0.7370737073707371,
                0.759075907590759,
                0.7612761276127613,
                0.7260726072607261,
                0.7513751375137514,
                0.7557755775577558
            ],
            "weighted": [
                0.6303630363036303,
                0.6633663366336634,
                0.7370737073707371,
                0.759075907590759,
                0.7612761276127613,
                0.7260726072607261,
                0.7513751375137514,
                0.7557755775577558
            ]
        },
        "f1": {
            "macro": [
                0.48642044610732144,
                0.6193378157916779,
                0.6572977863777644,
                0.6609100640365528,
                0.6613539622015149,
                0.6549921512330933,
                0.6746548349659819,
                0.6705750439572045
            ],
            "micro": [
                0.6342003320420586,
                0.6767676767676769,
                0.7177289769683985,
                0.7244094488188977,
                0.7315010570824524,
                0.7193460490463216,
                0.7320471596998928,
                0.7324093816631131
            ],
            "weighted": [
                0.5978418713818603,
                0.6757181128735225,
                0.7167554796783786,
                0.7213238164946202,
                0.7256981433812201,
                0.7194755669958353,
                0.7324348333780292,
                0.7316682110432884
            ]
        }
    },
    "test": {
        "loss": [
            3.7684780955314636,
            3.2643711864948273,
            2.987149477005005,
            3.027416914701462,
            3.004755347967148,
            3.2655403316020966,
            3.5480441749095917,
            3.6642028093338013
        ],
        "accuracy": {
            "macro": [
                0.7887931034482758,
                0.8204022988505746,
                0.8491379310344828,
                0.8419540229885057,
                0.8505747126436782,
                0.8505747126436782,
                0.8405172413793105,
                0.8390804597701149
            ],
            "micro": [
                0.7887931034482759,
                0.8204022988505747,
                0.8491379310344828,
                0.8419540229885057,
                0.8505747126436781,
                0.8505747126436781,
                0.8405172413793104,
                0.8390804597701149
            ]
        },