{
    "train": {
        "loss": [
            80.61509078741074,
            53.17354582250118,
            40.25857558846474,
            30.42065354436636,
            23.61208390444517,
            18.34383548796177,
            16.305582996457815,
            11.830685131251812
        ],
        "accuracy": {
            "macro": [
                0.7076934658235472,
                0.8317596566523605,
                0.8804721030042918,
                0.9168812589413449,
                0.9370529327610874,
                0.9499284692417739,
                0.9546494992846924,
                0.9693848354792561
            ],
            "micro": [
                0.7076934658235471,
                0.8317596566523605,
                0.8804721030042918,
                0.9168812589413448,
                0.9370529327610873,
                0.949928469241774,
                0.9546494992846924,
                0.9693848354792561
            ]
        },
        "precision": {
            "macro": [
                0.5077724761797342,
                0.7510769250634314,
                0.8169001648450469,
                0.8752657038750561,
                0.9044544189995455,
                0.9210273633963565,
                0.9317034219479629,
                0.9562362365686125
            ],
            "micro": [
                0.5902806870548806,
                0.7606993736951984,
                0.8228773584905661,
                0.8744059742023083,
                0.9032764811490126,
                0.9214932126696832,
                0.9294755877034359,
                0.9517474633596392
            ]
        },
        "recall": {
            "macro": [
                0.20707308553366988,
                0.6173334388614998,
                0.7699329257172169,
                0.8527031694696515,
                0.8963629637993269,
                0.915667991859168,
                0.9265550642129593,
                0.9519784381547751
            ],
            "micro": [
                0.32661103384330087,
                0.6701149425287356,
                0.7913359038330687,
                0.8642361887720867,
                0.8996423781850693,
                0.9202440126525079,
                0.9273793414524132,
                0.9517474633596392
            ]
        },
        "f1": {
            "macro": [
                0.21038280093986195,
                0.6697503339521699,
                0.7915620641087595,
                0.8633719754402981,
                0.9001856395004073,
                0.9180579216089298,
                0.92895042081526,
                0.9539987565403458
            ],
            "micro": [
                0.420534248619609,
                0.7125397213395257,
                0.8067984738120015,
                0.8692913385826772,
                0.9014557670772676,
                0.9208681890119828,
                0.9284262813276135,
                0.9517474633596392
            ]
        }
    },
    "val": {
        "loss": [
            15.830962151288986,
            13.11792853474617,
            12.188355654478073,
            13.089589193463326,
            13.500866696238518,
            14.237396866083145,
            14.07281768321991,
            14.898808360099792
        ],
        "accuracy": {
            "macro": [
                0.7845968712394704,
                0.829121540312876,
                0.8468712394705175,
                0.8399518652226233,
                0.8459687123947052,
                0.8429602888086642,
                0.8459687123947052,
                0.8507821901323708
            ],
            "micro": [
                0.7845968712394705,
                0.8291215403128761,
                0.8468712394705175,
                0.8399518652226233,
                0.8459687123947052,
                0.8429602888086642,
                0.8459687123947052,
                0.8507821901323707
            ]
        },
        "precision": {
            "macro": [
                0.6569300610331145,
                0.6545036746868932,
                0.6909167597282976,
                0.6429172851143813,
                0.6705168219171026,
                0.6768677153118223,
                0.6649124336701079,
                0.6647885745219613
            ],
            "micro": [
                0.6285714285714286,
                0.6984687868080094,
                0.7234762979683973,
                0.6928645294725957,
                0.7180910099889012,
                0.7183580387685291,
                0.7185761957730812,
                0.7182497331910352
            ],
            "weighted": [
                0.7020781828071694,
                0.7173621635878504,
                0.729100778552624,
                0.6963115560897216,
                0.7278715348873231,
                0.7389991107385402,
                0.7186084479142886,
                0.7134998813096146
            ]
        },
        "recall": {
            "macro": [
                0.4066994969104287,
                0.5945495849071684,
                0.642232491168297,
                0.6799117211568614,
                0.6567029929033738,
                0.6365237215076247,
                0.6434240240407602,
                0.6674127636216888
            ],
            "micro": [
                0.5104972375690607,
                0.6552486187845303,
                0.7082872928176795,
                0.7403314917127072,
                0.7149171270718232,
                0.6961325966850829,
                0.7138121546961326,
                0.7436464088397791
            ],
            "weighted": [
                0.5104972375690607,
                0.6552486187845303,
                0.7082872928176795,
                0.7403314917127072,
                0.7149171270718232,
                0.6961325966850829,
                0.7138121546961326,
                0.7436464088397791
            ]
        },
        "f1": {
            "macro": [
                0.4272735534010938,
                0.6056638364025612,
                0.657001913365799,
                0.6586405064191859,
                0.6573243657567501,
                0.6456514542146211,
                0.6517398842647182,
                0.664747641478531
            ],
            "micro": [
                0.5634146341463414,
                0.6761687571265679,
                0.7158012283640424,
                0.7158119658119658,
                0.716500553709856,
                0.7070707070707071,
                0.7161862527716187,
                0.7307274701411509
            ],
            "weighted": [
                0.5128556855333235,
                0.674463346894338,
                0.7145187210186368,
                0.716536685978026,
                0.7163709332203345,
                0.7090076175664981,
                0.7135683846712146,
                0.727530705375322
            ]
        }
    },
    "test": {
        "loss": [
            3.684657871723175,
            3.14047047495842,
            2.9457054883241653,
            2.8416962921619415,
            3.246024638414383,
            3.510598450899124,
            3.263773262500763,
            3.4282080978155136
        ],
        "accuracy": {
            "macro": [
                0.7787356321839081,
                0.814655172413793,
                0.8333333333333334,
                0.8491379310344827,
                0.8405172413793105,
                0.8347701149425287,
                0.8477011494252872,
                0.8419540229885057
            ],
            "micro": [
                0.7787356321839081,
                0.8146551724137931,
                0.8333333333333334,
                0.8491379310344828,
                0.8405172413793104,
                0.8347701149425287,
                0.8477011494252874,
                0.8419540229885057
            ]
        },