{
    "train": {
        "loss": [
            78.31091368198395,
            52.30821320414543,
            38.964181527495384,
            29.700712993741035,
            23.54256545752287,
            19.25507026910782,
            15.925458118319511,
            13.10839182883501
        ],
        "accuracy": {
            "macro": [
                0.7127915726109856,
                0.8366938366938368,
                0.8876733876733877,
                0.9164879164879164,
                0.9378664378664379,
                0.9502359502359502,
                0.9570284570284571,
                0.9652509652509651
            ],
            "micro": [
                0.7127915726109857,
                0.8366938366938367,
                0.8876733876733877,
                0.9164879164879165,
                0.9378664378664379,
                0.9502359502359502,
                0.9570284570284571,
                0.9652509652509652
            ]
        },
        "precision": {
            "macro": [
                0.4702771531884748,
                0.7656571887167732,
                0.8247512576702026,
                0.8704166872171886,
                0.9047140422537021,
                0.9239394600849623,
                0.9352632888824971,
                0.9434589951561665
            ],
            "micro": [
                0.5708582834331337,
                0.7771992326664839,
                0.8336974993930566,
                0.8746581586144029,
                0.9047729918509895,
                0.9229332087809435,
                0.9326388888888889,
                0.9441692931112111
            ]
        },
        "recall": {
            "macro": [
                0.2391071436156764,
                0.6021617862716763,
                0.7718546117668265,
                0.848413204289014,
                0.8891764070336928,
                0.9158928653945221,
                0.925334038061962,
                0.946460788007408
            ],
            "micro": [
                0.34276126558005754,
                0.6584629672625958,
                0.7949074074074074,
                0.8613105924596051,
                0.8941555453290382,
                0.9152385363594256,
                0.9285549665821617,
                0.9462996389891697
            ]
        },
        "f1": {
            "macro": [
                0.26251543069922595,
                0.6652454334537979,
                0.7967288083888588,
                0.8587375353541612,
                0.8967497264208159,
                0.9196874825726503,
                0.9301437786402165,
                0.9448141741409047
            ],
            "micro": [
                0.42833607907743,
                0.7129210658622424,
                0.8138405024291977,
                0.8679330619629128,
                0.8994329360027774,
                0.9190697674418604,
                0.9305924471647997,
                0.9452332657200813
            ]
        }
    },
    "val": {
        "loss": [
            14.406588196754456,
            13.327710807323456,
            13.184311419725418,
            12.451789677143097,
            12.467219308018684,
            13.11277186870575,
            14.70544221997261,
            14.329809993505478
        ],
        "accuracy": {
            "macro": [
                0.8215792646172392,
                0.8366485834840264,
                0.8417721518987342,
                0.8601567209162145,
                0.8583484026522,
                0.8592525617842073,
                0.8490054249547921,
                0.8556359252561784
            ],
            "micro": [
                0.8215792646172393,
                0.8366485834840265,
                0.8417721518987342,
                0.8601567209162145,
                0.8583484026522001,
                0.8592525617842074,
                0.849005424954792,
                0.8556359252561784
            ]
        },
        "precision": {
            "macro": [
                0.6406572714011295,
                0.6722399736750604,
                0.6552224525008562,
                0.6785572771399887,
                0.7020927480140163,
                0.6918937224930196,
                0.665021079887392,
                0.6944885526089504
            ],
            "micro": [
                0.7363515312916112,
                0.7156549520766773,
                0.7139959432048681,
                0.7502590673575129,
                0.7670772676371781,
                0.7569593147751607,
                0.728952772073922,
                0.7577092511013216
            ],
            "weighted": [
                0.7366235987194802,
                0.7319306221601026,
                0.7311544454570975,
                0.7456517644482072,
                0.7684576266206893,
                0.7605254101936412,
                0.7369634350159434,
                0.7622532450438051
            ]
        },
        "recall": {
            "macro": [
                0.4342156496074407,
                0.6607527453131748,
                0.6950580785923887,
                0.6743852244170774,
                0.6355819802761922,
                0.6465786573745256,
                0.6731408281144358,
                0.6692483857504788
            ],
            "micro": [
                0.5839493136219641,
                0.7096092925026399,
                0.7434002111932418,
                0.764519535374868,
                0.723336853220697,
                0.7465681098204857,
                0.7497360084477297,
                0.7265047518479408
            ],
            "weighted": [
                0.5839493136219641,
                0.7096092925026399,
                0.7434002111932418,
                0.764519535374868,
                0.723336853220697,
                0.7465681098204857,
                0.7497360084477297,
                0.7265047518479408
            ]
        },
        "f1": {
            "macro": [
                0.48097589405851754,
                0.6577459648553604,
                0.6680703810302674,
                0.6751133480532179,
                0.6638238739498054,
                0.6640070872703704,
                0.6642907833032149,
                0.6792725264733129
            ],
            "micro": [
                0.651354534746761,
                0.7126193001060446,
                0.7284014485256078,
                0.7573221757322175,
                0.7445652173913043,
                0.7517278043593834,
                0.739198334200937,
                0.74177897574124
            ],
            "weighted": [
                0.6165743284641882,
                0.7156229092850902,
                0.7342687645227803,
                0.7544570384354559,
                0.7421070587860523,
                0.7485245893218265,
                0.7404585925644546,
                0.7418980799281115
            ]
        }
    },
    "test": {
        "loss": [
            3.6030898690223694,
            3.1880196034908295,
            3.2249451875686646,
            3.053427278995514,
            3.104824870824814,
            3.494143307209015,
            3.50554496049881,
            3.6398245245218277
        ],
        "accuracy": {
            "macro": [
                0.7945402298850576,
                0.8218390804597702,
                0.8290229885057472,
                0.8390804597701149,
                0.8548850574712645,
                0.8491379310344828,
                0.8477011494252872,
                0.8347701149425286
            ],
            "micro": [
                0.7945402298850575,
                0.8218390804597702,
                0.8290229885057471,
                0.8390804597701149,
                0.8548850574712644,
                0.8491379310344828,
                0.8477011494252874,
                0.8347701149425287
            ]
        },