{
    "train": {
        "loss": [
            75.95597153902054,
            47.53376463055611,
            36.15082708001137,
            28.31281255930662,
            23.801927089691162,
            18.586671117693186,
            14.947704710066319,
            12.934787504374981
        ],
        "accuracy": {
            "macro": [
                0.7249322493224932,
                0.8559370529327611,
                0.8966380543633762,
                0.921316165951359,
                0.936480686695279,
                0.9506437768240344,
                0.9597281831187411,
                0.965665236051502
            ],
            "micro": [
                0.7249322493224932,
                0.8559370529327611,
                0.8966380543633763,
                0.9213161659513591,
                0.936480686695279,
                0.9506437768240343,
                0.9597281831187411,
                0.9656652360515021
            ]
        },
        "precision": {
            "macro": [
                0.5985723424574007,
                0.7801311107282473,
                0.8422658616188282,
                0.8784386235350996,
                0.9056284417397943,
                0.925818935027111,
                0.9385119736612463,
                0.9512718814865454
            ],
            "micro": [
                0.6243574535389482,
                0.7914542364651614,
                0.8424340583063397,
                0.8735115704336104,
                0.9023182534323655,
                0.9210110584518167,
                0.9358974358974359,
                0.9464725643896976
            ]
        },
        "recall": {
            "macro": [
                0.2804759756958291,
                0.7003243100490896,
                0.8136940673930058,
                0.8725449115262789,
                0.8945521330208283,
                0.9215999668187281,
                0.9372097487345661,
                0.9443409138570303
            ],
            "micro": [
                0.36866682232080317,
                0.7383918459796149,
                0.8265607264472191,
                0.8786440677966102,
                0.898274703114497,
                0.923094322551459,
                0.9373732822707818,
                0.9460488023281844
            ]
        },
        "f1": {
            "macro": [
                0.3374965439041682,
                0.733224751465384,
                0.8267704939004692,
                0.8746130412690678,
                0.8996909102091557,
                0.9233848756485835,
                0.9376127223791633,
                0.9476012909512943
            ],
            "micro": [
                0.46359365825014676,
                0.7640028122802905,
                0.8344219090179903,
                0.8760703019378098,
                0.9002919380193127,
                0.9220515137821962,
                0.9366347777152506,
                0.9462606359158082
            ]
        }
    },
    "val": {
        "loss": [
            14.30244317650795,
            13.596439778804779,
            13.87495830655098,
            13.427957534790039,
            13.737592682242393,
            14.653155162930489,
            14.793465599417686,
            15.038571245968342
        ],
        "accuracy": {
            "macro": [
                0.8137785800240674,
                0.8234055354993983,
                0.8345367027677497,
                0.8408543922984357,
                0.8402527075812274,
                0.8450661853188928,
                0.8477737665463296,
                0.8540914560770156
            ],
            "micro": [
                0.8137785800240674,
                0.8234055354993983,
                0.8345367027677497,
                0.8408543922984356,
                0.8402527075812274,
                0.8450661853188929,
                0.8477737665463297,
                0.8540914560770156
            ]
        },
        "precision": {
            "macro": [
                0.6418141571287623,
                0.6091846996125169,
                0.6373935342122413,
                0.6191381838024231,
                0.6286227773614699,
                0.6477169267316397,
                0.6393384257641951,
                0.6517129747521905
            ],
            "micro": [
                0.6756756756756757,
                0.672077922077922,
                0.6685660018993352,
                0.6938144329896907,
                0.6927835051546392,
                0.7142857142857143,
                0.711558854718982,
                0.7262931034482759
            ],
            "weighted": [
                0.723981133747522,
                0.6901478767542383,
                0.6693862241368486,
                0.6883742288494742,
                0.6899486841403926,
                0.7211913989614397,
                0.7129731309619866,
                0.7199913232327922
            ]
        },
        "recall": {
            "macro": [
                0.5121302986904491,
                0.6189733499061506,
                0.6542333919213618,
                0.6437187988233571,
                0.6502306903622693,
                0.6518767410273519,
                0.6530480184498041,
                0.6525830946413653
            ],
            "micro": [
                0.6077348066298343,
                0.6861878453038674,
                0.7779005524861878,
                0.7436464088397791,
                0.7425414364640884,
                0.7182320441988951,
                0.7414364640883978,
                0.7447513812154696
            ],
            "weighted": [
                0.6077348066298343,
                0.6861878453038674,
                0.7779005524861878,
                0.7436464088397791,
                0.7425414364640884,
                0.7182320441988951,
                0.7414364640883978,
                0.7447513812154696
            ]
        },
        "f1": {
            "macro": [
                0.5162041882366407,
                0.6053747152945808,
                0.6269071211294266,
                0.6276550439719476,
                0.6359827369283407,
                0.6472988869907397,
                0.6414380895584931,
                0.6467352562212637
            ],
            "micro": [
                0.6399069226294357,
                0.6790595954073264,
                0.7191011235955057,
                0.7178666666666667,
                0.7168000000000001,
                0.7162534435261709,
                0.7261904761904763,
                0.7354064375340971
            ],
            "weighted": [
                0.6119661105787265,
                0.6824143022441518,
                0.7086170598063046,
                0.71309038937723,
                0.7123373116735275,
                0.7173356665139144,
                0.7227238690927648,
                0.7281712756103366
            ]
        }
    },
    "test": {
        "loss": [
            3.42497581243515,
            3.064157173037529,
            3.2318776845932007,
            2.997101053595543,
            3.1481060832738876,
            3.2363297790288925,
            3.5357061624526978,
            3.5068768709897995
        ],
        "accuracy": {
            "macro": [
                0.8017241379310346,
                0.8333333333333331,
                0.8462643678160919,
                0.8520114942528737,
                0.860632183908046,
                0.8448275862068967,
                0.8534482758620691,
                0.8563218390804598
            ],
            "micro": [
                0.8017241379310345,
                0.8333333333333334,
                0.8462643678160919,
                0.8520114942528736,
                0.860632183908046,
                0.8448275862068966,
                0.853448275862069,
                0.8563218390804598
            ]
        },