{
    "train": {
        "loss": [
            1742.9024848099798
        ],
        "accuracy": {
            "macro": [
                0.9585465788290319
            ],
            "micro": [
                0.9585465788290319
            ]
        },
        "precision": {
            "macro": [
                0.9093867523160869
            ],
            "micro": [
                0.9073975651222568
            ]
        },
        "recall": {
            "macro": [
                0.8375868626729512
            ],
            "micro": [
                0.8375787285235856
            ]
        },
        "f1": {
            "macro": [
                0.8713352106190394
            ],
            "micro": [
                0.8710913742817289
            ]
        }
    },
    "val": {
        "loss": [
            331.0598284280277
        ],
        "accuracy": {
            "macro": [
                0.969144307515566
            ],
            "micro": [
                0.969144307515566
            ]
        },
        "precision": {
            "macro": [
                0.8297368611075027
            ],
            "micro": [
                0.9203649412667704
            ],
            "weighted": [
                0.928767119984326
            ]
        },
        "recall": {
            "macro": [
                0.8638493462342369
            ],
            "micro": [
                0.8921893876924847
            ],
            "weighted": [
                0.8921893876924847
            ]
        },
        "f1": {
            "macro": [
                0.8427135625040036
            ],
            "micro": [
                0.9060581746798367
            ],
            "weighted": [
                0.9085866005033917
            ]
        }
    },
    "test": {
        "loss": [
            1.2452147006988525
        ],
        "accuracy": {
            "macro": [
                0.7658045977011495
            ],
            "micro": [
                0.7658045977011494
            ]
        },
        "precision": {
            "macro": [
                0.8072291235334713
            ],
            "micro": [
                0.63
            ],
            "weighted": [
                0.8568114846582754
            ]
        },
        "recall": {
            "macro": [
                0.3707081150629538
            ],
            "micro": [
                0.3333333333333333
            ],
            "weighted": [
                0.3333333333333333
            ]
        },
        "f1": {
            "macro": [
                0.4207299219234279
            ],
            "micro": [
                0.43598615916955014
            ],
            "weighted": [
                0.43612187078201825
            ]
        }
    }
}