{
    "train": {
        "loss": [
            1194.509626464569
        ],
        "accuracy": {
            "macro": [
                0.9716386224345417
            ],
            "micro": [
                0.9716386224345418
            ]
        },
        "precision": {
            "macro": [
                0.8662411365300576
            ],
            "micro": [
                0.9271649989553562
            ]
        },
        "recall": {
            "macro": [
                0.700795508918464
            ],
            "micro": [
                0.8700404199410118
            ]
        },
        "f1": {
            "macro": [
                0.7598552498577168
            ],
            "micro": [
                0.8976948506432706
            ]
        }
    },
    "val": {
        "loss": [
            239.95692130966927
        ],
        "accuracy": {
            "macro": [
                0.9766684180008113
            ],
            "micro": [
                0.9766684180008113
            ]
        },
        "precision": {
            "macro": [
                0.8709734145867662
            ],
            "micro": [
                0.9371783757128427
            ],
            "weighted": [
                0.9359380726581694
            ]
        },
        "recall": {
            "macro": [
                0.7547884073208112
            ],
            "micro": [
                0.897014658358614
            ],
            "weighted": [
                0.897014658358614
            ]
        },
        "f1": {
            "macro": [
                0.8029611717033955
            ],
            "micro": [
                0.9166567802790879
            ],
            "weighted": [
                0.9145045390159081
            ]
        }
    },
    "test": {
        "loss": [
            1.114400327205658
        ],
        "accuracy": {
            "macro": [
                0.7610837438423645
            ],
            "micro": [
                0.7610837438423645
            ]
        },
        "precision": {
            "macro": [
                0.6486568986568988
            ],
            "micro": [
                0.4657534246575342
            ],
            "weighted": [
                0.8311400533622756
            ]
        },
        "recall": {
            "macro": [
                0.1859266245786983
            ],
            "micro": [
                0.17989417989417988
            ],
            "weighted": [
                0.17989417989417988
            ]
        },
        "f1": {
            "macro": [
                0.22201319983274875
            ],
            "micro": [
                0.2595419847328244
            ],
            "weighted": [
                0.25818605881262524
            ]
        }
    }
}