{
    "train": {
        "loss": [
            1752.737201185897
        ],
        "accuracy": {
            "macro": [
                0.9583406094263625
            ],
            "micro": [
                0.9583406094263625
            ]
        },
        "precision": {
            "macro": [
                0.9086884490027836
            ],
            "micro": [
                0.9068247819370641
            ]
        },
        "recall": {
            "macro": [
                0.8368550062173267
            ],
            "micro": [
                0.8368998171818467
            ]
        },
        "f1": {
            "macro": [
                0.8706163165205405
            ],
            "micro": [
                0.8704602717683441
            ]
        }
    },
    "val": {
        "loss": [
            348.8762157181336
        ],
        "accuracy": {
            "macro": [
                0.9679315210619301
            ],
            "micro": [
                0.9679315210619301
            ]
        },
        "precision": {
            "macro": [
                0.8071675058876152
            ],
            "micro": [
                0.9129418501131465
            ],
            "weighted": [
                0.9266099167950121
            ]
        },
        "recall": {
            "macro": [
                0.8686209821967381
            ],
            "micro": [
                0.892849334719255
            ],
            "weighted": [
                0.892849334719255
            ]
        },
        "f1": {
            "macro": [
                0.8278031808675462
            ],
            "micro": [
                0.9027838106171078
            ],
            "weighted": [
                0.9071459598355962
            ]
        }
    },
    "test": {
        "loss": [
            1.1528741419315338
        ],
        "accuracy": {
            "macro": [
                0.7801724137931035
            ],
            "micro": [
                0.7801724137931034
            ]
        },
        "precision": {
            "macro": [
                0.8215367965367965
            ],
            "micro": [
                0.6730769230769231
            ],
            "weighted": [
                0.8726070226070225
            ]
        },
        "recall": {
            "macro": [
                0.39210575117833185
            ],
            "micro": [
                0.37037037037037035
            ],
            "weighted": [
                0.37037037037037035
            ]
        },
        "f1": {
            "macro": [
                0.4154875027218596
            ],
            "micro": [
                0.477815699658703
            ],
            "weighted": [
                0.44410861197493223
            ]
        }
    }
}