{
    "train": {
        "loss": [
            1195.7532132249326
        ],
        "accuracy": {
            "macro": [
                0.9715709738148118
            ],
            "micro": [
                0.9715709738148118
            ]
        },
        "precision": {
            "macro": [
                0.8640699257423075
            ],
            "micro": [
                0.9265915484964204
            ]
        },
        "recall": {
            "macro": [
                0.6999893204097002
            ],
            "micro": [
                0.8701551715605097
            ]
        },
        "f1": {
            "macro": [
                0.758218011139574
            ],
            "micro": [
                0.8974870178951811
            ]
        }
    },
    "val": {
        "loss": [
            240.8787252651091
        ],
        "accuracy": {
            "macro": [
                0.9767266748153612
            ],
            "micro": [
                0.9767266748153612
            ]
        },
        "precision": {
            "macro": [
                0.8588528146576575
            ],
            "micro": [
                0.9325381844493732
            ],
            "weighted": [
                0.9316258264556259
            ]
        },
        "recall": {
            "macro": [
                0.7670093789638505
            ],
            "micro": [
                0.9025950793215798
            ],
            "weighted": [
                0.9025950793215798
            ]
        },
        "f1": {
            "macro": [
                0.8053952613866474
            ],
            "micro": [
                0.9173223472979769
            ],
            "weighted": [
                0.9158836850790882
            ]
        }
    },
    "test": {
        "loss": [
            1.134547084569931
        ],
        "accuracy": {
            "macro": [
                0.7610837438423645
            ],
            "micro": [
                0.7610837438423645
            ]
        },
        "precision": {
            "macro": [
                0.606755710414247
            ],
            "micro": [
                0.46835443037974683
            ],
            "weighted": [
                0.806691902897865
            ]
        },
        "recall": {
            "macro": [
                0.2174284560805298
            ],
            "micro": [
                0.19576719576719576
            ],
            "weighted": [
                0.19576719576719576
            ]
        },
        "f1": {
            "macro": [
                0.2397689165294799
            ],
            "micro": [
                0.2761194029850746
            ],
            "weighted": [
                0.2665475456555269
            ]
        }
    }
}