{
    "train": {
        "loss": [
            1735.821482686326
        ],
        "accuracy": {
            "macro": [
                0.958622538041973
            ],
            "micro": [
                0.958622538041973
            ]
        },
        "precision": {
            "macro": [
                0.9085312246145683
            ],
            "micro": [
                0.906831399105689
            ]
        },
        "recall": {
            "macro": [
                0.8386841240298611
            ],
            "micro": [
                0.8387433623748856
            ]
        },
        "f1": {
            "macro": [
                0.871586364473918
            ],
            "micro": [
                0.8714594568815799
            ]
        }
    },
    "val": {
        "loss": [
            328.50986245748936
        ],
        "accuracy": {
            "macro": [
                0.9688104074476347
            ],
            "micro": [
                0.9688104074476346
            ]
        },
        "precision": {
            "macro": [
                0.8243450071310762
            ],
            "micro": [
                0.9186466789121289
            ],
            "weighted": [
                0.9270806210634214
            ]
        },
        "recall": {
            "macro": [
                0.8620618293981216
            ],
            "micro": [
                0.8919743024259277
            ],
            "weighted": [
                0.8919743024259277
            ]
        },
        "f1": {
            "macro": [
                0.8378641152376498
            ],
            "micro": [
                0.9051140344049193
            ],
            "weighted": [
                0.9078718304733611
            ]
        }
    },
    "test": {
        "loss": [
            1.0304421484470367
        ],
        "accuracy": {
            "macro": [
                0.7758620689655172
            ],
            "micro": [
                0.7758620689655172
            ]
        },
        "precision": {
            "macro": [
                0.8180165459577223
            ],
            "micro": [
                0.6601941747572816
            ],
            "weighted": [
                0.8595867108939005
            ]
        },
        "recall": {
            "macro": [
                0.369215178489372
            ],
            "micro": [
                0.35978835978835977
            ],
            "weighted": [
                0.35978835978835977
            ]
        },
        "f1": {
            "macro": [
                0.40055486422211156
            ],
            "micro": [
                0.46575342465753433
            ],
            "weighted": [
                0.44496809770494844
            ]
        }
    }
}