{
    "train": {
        "loss": [
            1200.2607732091856
        ],
        "accuracy": {
            "macro": [
                0.9715015557140828
            ],
            "micro": [
                0.9715015557140829
            ]
        },
        "precision": {
            "macro": [
                0.8665527556030053
            ],
            "micro": [
                0.9271564599879376
            ]
        },
        "recall": {
            "macro": [
                0.6982154566917886
            ],
            "micro": [
                0.8690193630170752
            ]
        },
        "f1": {
            "macro": [
                0.7573500534786196
            ],
            "micro": [
                0.8971470453576362
            ]
        }
    },
    "val": {
        "loss": [
            244.35282753502543
        ],
        "accuracy": {
            "macro": [
                0.9764615246407269
            ],
            "micro": [
                0.976461524640727
            ]
        },
        "precision": {
            "macro": [
                0.8671557845204851
            ],
            "micro": [
                0.9331443663222888
            ],
            "weighted": [
                0.9320810182431507
            ]
        },
        "recall": {
            "macro": [
                0.7534224275275635
            ],
            "micro": [
                0.8998819811931321
            ],
            "weighted": [
                0.8998819811931321
            ]
        },
        "f1": {
            "macro": [
                0.7988158428865655
            ],
            "micro": [
                0.9162113815150675
            ],
            "weighted": [
                0.9143048941619537
            ]
        }
    },
    "test": {
        "loss": [
            1.2153713405132294
        ],
        "accuracy": {
            "macro": [
                0.7524630541871922
            ],
            "micro": [
                0.7524630541871922
            ]
        },
        "precision": {
            "macro": [
                0.6923512994941566
            ],
            "micro": [
                0.42857142857142855
            ],
            "weighted": [
                0.8616990005878895
            ]
        },
        "recall": {
            "macro": [
                0.2259427592376901
            ],
            "micro": [
                0.19047619047619047
            ],
            "weighted": [
                0.19047619047619047
            ]
        },
        "f1": {
            "macro": [
                0.22195760588617736
            ],
            "micro": [
                0.2637362637362637
            ],
            "weighted": [
                0.24265204959649406
            ]
        }
    }
}