{
    "train": {
        "loss": [
            1189.9400121103972
        ],
        "accuracy": {
            "macro": [
                0.9717326502222743
            ],
            "micro": [
                0.9717326502222743
            ]
        },
        "precision": {
            "macro": [
                0.86656206071678
            ],
            "micro": [
                0.9279379967719341
            ]
        },
        "recall": {
            "macro": [
                0.6994188161992142
            ],
            "micro": [
                0.8699236586011119
            ]
        },
        "f1": {
            "macro": [
                0.7584230801914945
            ],
            "micro": [
                0.8979948092160973
            ]
        }
    },
    "val": {
        "loss": [
            240.57946434128098
        ],
        "accuracy": {
            "macro": [
                0.9767697753908908
            ],
            "micro": [
                0.9767697753908908
            ]
        },
        "precision": {
            "macro": [
                0.8777696605382552
            ],
            "micro": [
                0.9342409179028164
            ],
            "weighted": [
                0.9334874603491979
            ]
        },
        "recall": {
            "macro": [
                0.7467161531544843
            ],
            "micro": [
                0.9009557171686403
            ],
            "weighted": [
                0.9009557171686403
            ]
        },
        "f1": {
            "macro": [
                0.793970275752914
            ],
            "micro": [
                0.9172964685221835
            ],
            "weighted": [
                0.9153524317277114
            ]
        }
    },
    "test": {
        "loss": [
            1.20696821808815
        ],
        "accuracy": {
            "macro": [
                0.7623152709359606
            ],
            "micro": [
                0.7623152709359606
            ]
        },
        "precision": {
            "macro": [
                0.6855590062111802
            ],
            "micro": [
                0.47560975609756095
            ],
            "weighted": [
                0.8605072463768116
            ]
        },
        "recall": {
            "macro": [
                0.20242638825588136
            ],
            "micro": [
                0.20634920634920634
            ],
            "weighted": [
                0.20634920634920634
            ]
        },
        "f1": {
            "macro": [
                0.2271606247993065
            ],
            "micro": [
                0.2878228782287823
            ],
            "weighted": [
                0.28523444741182413
            ]
        }
    }
}