{
    "train": {
        "loss": [
            1745.4978938195854
        ],
        "accuracy": {
            "macro": [
                0.9583163424730569
            ],
            "micro": [
                0.9583163424730569
            ]
        },
        "precision": {
            "macro": [
                0.907466605833772
            ],
            "micro": [
                0.9056094222176305
            ]
        },
        "recall": {
            "macro": [
                0.8381170450767783
            ],
            "micro": [
                0.8381239589926778
            ]
        },
        "f1": {
            "macro": [
                0.8707825787718314
            ],
            "micro": [
                0.8705607891996521
            ]
        }
    },
    "val": {
        "loss": [
            308.29322244483046
        ],
        "accuracy": {
            "macro": [
                0.9704190270037919
            ],
            "micro": [
                0.9704190270037919
            ]
        },
        "precision": {
            "macro": [
                0.8301577142756106
            ],
            "micro": [
                0.9227709266384911
            ],
            "weighted": [
                0.9315161493288421
            ]
        },
        "recall": {
            "macro": [
                0.8668390477786039
            ],
            "micro": [
                0.8977580883340046
            ],
            "weighted": [
                0.8977580883340046
            ]
        },
        "f1": {
            "macro": [
                0.84284142482602
            ],
            "micro": [
                0.9100926777392621
            ],
            "weighted": [
                0.912735729586639
            ]
        }
    },
    "test": {
        "loss": [
            1.2375234961509705
        ],
        "accuracy": {
            "macro": [
                0.7600574712643677
            ],
            "micro": [
                0.7600574712643678
            ]
        },
        "precision": {
            "macro": [
                0.8310185185185186
            ],
            "micro": [
                0.6078431372549019
            ],
            "weighted": [
                0.8971928277483833
            ]
        },
        "recall": {
            "macro": [
                0.3684983326112358
            ],
            "micro": [
                0.328042328042328
            ],
            "weighted": [
                0.328042328042328
            ]
        },
        "f1": {
            "macro": [
                0.3831394324585354
            ],
            "micro": [
                0.4261168384879725
            ],
            "weighted": [
                0.4086877746016905
            ]
        }
    }
}