{
    "train": {
        "loss": [
            1749.220775688067
        ],
        "accuracy": {
            "macro": [
                0.9581666629886452
            ],
            "micro": [
                0.9581666629886452
            ]
        },
        "precision": {
            "macro": [
                0.908000955882363
            ],
            "micro": [
                0.9062167212938139
            ]
        },
        "recall": {
            "macro": [
                0.8364116766890825
            ],
            "micro": [
                0.8364352255114657
            ]
        },
        "f1": {
            "macro": [
                0.8700882491022094
            ],
            "micro": [
                0.8699288334968346
            ]
        }
    },
    "val": {
        "loss": [
            320.97081896341115
        ],
        "accuracy": {
            "macro": [
                0.9691390718310076
            ],
            "micro": [
                0.9691390718310076
            ]
        },
        "precision": {
            "macro": [
                0.8250084718466048
            ],
            "micro": [
                0.9205773029375789
            ],
            "weighted": [
                0.928886037208272
            ]
        },
        "recall": {
            "macro": [
                0.863162196368604
            ],
            "micro": [
                0.8919157324701523
            ],
            "weighted": [
                0.8919157324701523
            ]
        },
        "f1": {
            "macro": [
                0.8401810171008193
            ],
            "micro": [
                0.9060199001098634
            ],
            "weighted": [
                0.9085922051579037
            ]
        }
    },
    "test": {
        "loss": [
            1.0964637696743011
        ],
        "accuracy": {
            "macro": [
                0.7887931034482759
            ],
            "micro": [
                0.7887931034482759
            ]
        },
        "precision": {
            "macro": [
                0.8407828282828284
            ],
            "micro": [
                0.7019230769230769
            ],
            "weighted": [
                0.8871131954465288
            ]
        },
        "recall": {
            "macro": [
                0.373075199889716
            ],
            "micro": [
                0.3862433862433862
            ],
            "weighted": [
                0.3862433862433862
            ]
        },
        "f1": {
            "macro": [
                0.4083562964694414
            ],
            "micro": [
                0.4982935153583617
            ],
            "weighted": [
                0.46202627520187894
            ]
        }
    }
}