{
    "train": {
        "loss": [
            1194.0888997884467
        ],
        "accuracy": {
            "macro": [
                0.9715860824602646
            ],
            "micro": [
                0.9715860824602646
            ]
        },
        "precision": {
            "macro": [
                0.8663723536821978
            ],
            "micro": [
                0.9271713344684064
            ]
        },
        "recall": {
            "macro": [
                0.6979724392452088
            ],
            "micro": [
                0.8696401124916131
            ]
        },
        "f1": {
            "macro": [
                0.7567700366514778
            ],
            "micro": [
                0.8974846915298451
            ]
        }
    },
    "val": {
        "loss": [
            240.1972313907463
        ],
        "accuracy": {
            "macro": [
                0.9765529932841328
            ],
            "micro": [
                0.9765529932841326
            ]
        },
        "precision": {
            "macro": [
                0.8857092195186417
            ],
            "micro": [
                0.9394488730951466
            ],
            "weighted": [
                0.9371087544694665
            ]
        },
        "recall": {
            "macro": [
                0.7316703551672334
            ],
            "micro": [
                0.8936621353605567
            ],
            "weighted": [
                0.8936621353605567
            ]
        },
        "f1": {
            "macro": [
                0.7929334592423698
            ],
            "micro": [
                0.9159836825152805
            ],
            "weighted": [
                0.9126086088277483
            ]
        }
    },
    "test": {
        "loss": [
            1.1164298355579376
        ],
        "accuracy": {
            "macro": [
                0.7795566502463054
            ],
            "micro": [
                0.7795566502463054
            ]
        },
        "precision": {
            "macro": [
                0.6644403215831788
            ],
            "micro": [
                0.5675675675675675
            ],
            "weighted": [
                0.8494972399734305
            ]
        },
        "recall": {
            "macro": [
                0.2370758849445485
            ],
            "micro": [
                0.2222222222222222
            ],
            "weighted": [
                0.2222222222222222
            ]
        },
        "f1": {
            "macro": [
                0.27394996900361973
            ],
            "micro": [
                0.3193916349809886
            ],
            "weighted": [
                0.3062081727343027
            ]
        }
    }
}