{
    "train": {
        "loss": [
            84.29468804597855,
            66.0225288271904,
            53.94959115982056,
            43.16283658146858,
            36.18573199212551,
            28.784292988479137,
            23.778657600283623,
            19.724181558936834
        ],
        "accuracy": {
            "macro": [
                0.6954230653417645,
                0.7838340486409155,
                0.8332618025751072,
                0.8799713876967096,
                0.9023605150214592,
                0.9232474964234619,
                0.9366952789699571,
                0.9475679542203147
            ],
            "micro": [
                0.6954230653417646,
                0.7838340486409155,
                0.8332618025751073,
                0.8799713876967096,
                0.9023605150214592,
                0.923247496423462,
                0.9366952789699571,
                0.9475679542203147
            ]
        },
        "precision": {
            "macro": [
                0.12566746602717827,
                0.628559485622238,
                0.792490676505743,
                0.8204145858491665,
                0.853488219401935,
                0.8853173327149957,
                0.9059179749659657,
                0.9165264743511266
            ],
            "micro": [
                0.5360178970917227,
                0.7841584158415842,
                0.7784946236559139,
                0.8241338112305854,
                0.8508100810081008,
                0.8783269961977186,
                0.9016178399650197,
                0.914187643020595
            ]
        },
        "recall": {
            "macro": [
                0.17367291596578685,
                0.3326231056321356,
                0.5632211646104625,
                0.7495501917508895,
                0.8319551124716452,
                0.8763956372919353,
                0.9012893611361817,
                0.9164923655172004
            ],
            "micro": [
                0.28476348942239127,
                0.4442450078528158,
                0.6577333636157165,
                0.785470280118424,
                0.8434084318536694,
                0.8812836624775583,
                0.9045843386707612,
                0.9177578681369171
            ]
        },
        "f1": {
            "macro": [
                0.1365321908404433,
                0.39587318484893985,
                0.5984722287928954,
                0.7804721089929078,
                0.8415727109515077,
                0.880138994426869,
                0.9032665938774435,
                0.9162455977497581
            ],
            "micro": [
                0.37193418193107736,
                0.5671727298768262,
                0.7130370552751446,
                0.8043376865671641,
                0.8470930883835556,
                0.8798028453007729,
                0.9030986532355196,
                0.9159692766250143
            ]
        }
    },
    "val": {
        "loss": [
            17.904497921466827,
            15.366824984550476,
            13.619949400424957,
            13.332753613591194,
            13.736686199903488,
            13.905928194522858,
            14.640963733196259,
            15.11299355328083
        ],
        "accuracy": {
            "macro": [
                0.7851985559566786,
                0.8080625752105896,
                0.8300240673886883,
                0.828820697954272,
                0.8348375451263538,
                0.8426594464500603,
                0.8378459687123948,
                0.8357400722021661
            ],
            "micro": [
                0.7851985559566786,
                0.8080625752105897,
                0.8300240673886883,
                0.8288206979542719,
                0.8348375451263538,
                0.8426594464500602,
                0.8378459687123947,
                0.8357400722021661
            ]
        },
        "precision": {
            "macro": [
                0.12224938875305624,
                0.5589176948122568,
                0.642939403204823,
                0.6069327037275256,
                0.6183019025300643,
                0.6443676648120167,
                0.617032274872691,
                0.6131885203108133
            ],
            "micro": [
                0.7334963325183375,
                0.6363636363636364,
                0.717391304347826,
                0.6772151898734177,
                0.6692015209125475,
                0.691,
                0.6914225941422594,
                0.696604600219058
            ],
            "weighted": [
                0.26746275108403467,
                0.6519748698180189,
                0.7006896694642717,
                0.6769892855077259,
                0.671633856675244,
                0.6880564418707253,
                0.6972605766714493,
                0.7010952903855301
            ]
        },
        "recall": {
            "macro": [
                0.15151515151515152,
                0.5331667829611909,
                0.5083386394829065,
                0.6298356992318459,
                0.6849738405130793,
                0.6416551474058523,
                0.6525045025984876,
                0.633702839688507
            ],
            "micro": [
                0.3314917127071823,
                0.6883977900552486,
                0.6198895027624309,
                0.7093922651933702,
                0.7779005524861878,
                0.7635359116022099,
                0.7303867403314918,
                0.7027624309392265
            ],
            "weighted": [
                0.3314917127071823,
                0.6883977900552486,
                0.6198895027624309,
                0.7093922651933702,
                0.7779005524861878,
                0.7635359116022099,
                0.7303867403314918,
                0.7027624309392265
            ]
        },
        "f1": {
            "macro": [
                0.13531799729364005,
                0.4693784770812466,
                0.54448885227939,
                0.6159640197925729,
                0.6395937115608662,
                0.6288037535431558,
                0.6290234345593672,
                0.6212560261793393
            ],
            "micro": [
                0.45662100456621,
                0.6613588110403397,
                0.6650859513930052,
                0.6929303831624392,
                0.7194685743484927,
                0.7254593175853018,
                0.7103707684040839,
                0.6996699669966996
            ],
            "weighted": [
                0.29605484490763245,
                0.6009908539366651,
                0.6480975742707936,
                0.6909416046727568,
                0.7132349054428976,
                0.7134787907339729,
                0.7088826527794106,
                0.7004162921305899
            ]
        }
    },
    "test": {
        "loss": [
            4.21864777803421,
            3.755430966615677,
            3.208858072757721,
            3.1556259095668793,
            3.3476356267929077,
            3.431472212076187,
            3.3131373524665833,
            3.28732630610466
        ],
        "accuracy": {
            "macro": [
                0.7614942528735632,
                0.7959770114942528,
                0.8304597701149427,
                0.8275862068965516,
                0.8448275862068965,
                0.8376436781609197,
                0.8376436781609194,
                0.8520114942528735
            ],
            "micro": [
                0.7614942528735632,
                0.7959770114942529,
                0.8304597701149425,
                0.8275862068965517,
                0.8448275862068966,
                0.8376436781609196,
                0.8376436781609196,
                0.8520114942528736
            ]
        },