{
    "train": {
        "loss": [
            85.67746686935425,
            66.05684569478035,
            50.55259868502617,
            39.67822588980198,
            32.51958955824375,
            26.59636849910021,
            22.273445580154657,
            17.719389356672764
        ],
        "accuracy": {
            "macro": [
                0.6761517615176151,
                0.7843347639484978,
                0.8593705293276108,
                0.8916309012875536,
                0.9144492131616596,
                0.9289699570815451,
                0.9418454935622318,
                0.953719599427754
            ],
            "micro": [
                0.6761517615176151,
                0.7843347639484979,
                0.8593705293276108,
                0.8916309012875536,
                0.9144492131616595,
                0.9289699570815451,
                0.9418454935622318,
                0.953719599427754
            ]
        },
        "precision": {
            "macro": [
                0.2156743705272148,
                0.805530174584575,
                0.8033864594282503,
                0.8423611254098851,
                0.8711698696985146,
                0.8983675612476993,
                0.9182524147578793,
                0.9291258930281456
            ],
            "micro": [
                0.4762861736334405,
                0.7789264413518887,
                0.807117969138875,
                0.8410596026490066,
                0.8694972067039106,
                0.891209547854028,
                0.9085379589997747,
                0.9241271262309758
            ]
        },
        "recall": {
            "macro": [
                0.19070216044162638,
                0.3327556842128763,
                0.680275749177523,
                0.7944980909616866,
                0.852854032166647,
                0.8775201760419864,
                0.9055525713780531,
                0.9323927350535072
            ],
            "micro": [
                0.28322179732313574,
                0.4434133091896786,
                0.7313937753721245,
                0.8180808529542426,
                0.8640906062624917,
                0.8820990458882326,
                0.9083333333333333,
                0.9305837277439711
            ]
        },
        "f1": {
            "macro": [
                0.1847502788156489,
                0.40157512774295284,
                0.7292774115257679,
                0.815725371227675,
                0.8610916919021308,
                0.88739850724774,
                0.9113385599645171,
                0.9306316171381633
            ],
            "micro": [
                0.3552158273381295,
                0.565123323236694,
                0.7673923331755796,
                0.8294111023533387,
                0.8667854756070394,
                0.8866308939376641,
                0.9084356346435409,
                0.9273441886580572
            ]
        }
    },
    "val": {
        "loss": [
            17.891073137521744,
            14.697767406702042,
            13.45053830742836,
            13.14793936908245,
            13.644837513566017,
            13.655826449394226,
            14.625586420297623,
            15.018646895885468
        ],
        "accuracy": {
            "macro": [
                0.779181708784597,
                0.8240072202166067,
                0.8315282791817088,
                0.8342358604091457,
                0.842358604091456,
                0.8432611311672683,
                0.8360409145607702,
                0.8435619735258726
            ],
            "micro": [
                0.7791817087845969,
                0.8240072202166066,
                0.8315282791817088,
                0.8342358604091457,
                0.8423586040914561,
                0.8432611311672683,
                0.8360409145607701,
                0.8435619735258725
            ]
        },
        "precision": {
            "macro": [
                0.13414634146341464,
                0.6334867923028974,
                0.6296887731405278,
                0.6429743622890124,
                0.6517838829208894,
                0.6657002533360132,
                0.631138507458452,
                0.6554259915566936
            ],
            "micro": [
                0.8048780487804879,
                0.6780219780219781,
                0.6834910620399579,
                0.6962719298245614,
                0.6970317297850563,
                0.6995884773662552,
                0.6911764705882353,
                0.695085255767302
            ],
            "weighted": [
                0.27891813571601065,
                0.6819295253052436,
                0.6903618865976177,
                0.706664905303743,
                0.699613583851363,
                0.6983777887030779,
                0.6990124329607289,
                0.6920027051456359
            ]
        },
        "recall": {
            "macro": [
                0.12222222222222222,
                0.5684577363622113,
                0.6411240060230189,
                0.6560315715710506,
                0.6797750489652784,
                0.6750448940774746,
                0.6638412752810142,
                0.6812743815428924
            ],
            "micro": [
                0.25412541254125415,
                0.6787678767876788,
                0.7150715071507151,
                0.6985698569856986,
                0.7491749174917491,
                0.7480748074807481,
                0.7238723872387238,
                0.7623762376237624
            ],
            "weighted": [
                0.2541254125412541,
                0.6787678767876788,
                0.7150715071507151,
                0.6985698569856986,
                0.7491749174917491,
                0.7480748074807481,
                0.7238723872387238,
                0.7623762376237624
            ]
        },
        "f1": {
            "macro": [
                0.12790697674418605,
                0.5824797090092185,
                0.6310591429591722,
                0.6444250855117354,
                0.6624801029868738,
                0.6658518613225619,
                0.6446094038716695,
                0.6630518371418227
            ],
            "micro": [
                0.3862876254180602,
                0.6783947223749313,
                0.6989247311827957,
                0.6974190005491488,
                0.7221633085896075,
                0.7230196703880916,
                0.707146695325094,
                0.727177334732424
            ],
            "weighted": [
                0.2659451991710799,
                0.6663618192932732,
                0.6980266898370219,
                0.6998110312398252,
                0.7210784066971822,
                0.7198529446717332,
                0.7087517487606451,
                0.7226175128157977
            ]
        }
    },
    "test": {
        "loss": [
            4.198032319545746,
            3.4749564826488495,
            3.203144758939743,
            3.0815360844135284,
            2.9586562514305115,
            2.9924236536026,
            3.1448490619659424,
            3.1895993649959564
        ],
        "accuracy": {
            "macro": [
                0.7629310344827586,
                0.8290229885057472,
                0.8347701149425286,
                0.8448275862068967,
                0.8433908045977011,
                0.8505747126436782,
                0.8491379310344828,
                0.8548850574712642
            ],
            "micro": [
                0.7629310344827587,
                0.8290229885057471,
                0.8347701149425287,
                0.8448275862068966,
                0.8433908045977011,
                0.8505747126436781,
                0.8491379310344828,
                0.8548850574712644
            ]
        },