{
    "train": {
        "loss": [
            84.4286630153656,
            66.56692352890968,
            55.566482692956924,
            44.510183587670326,
            35.99363823235035,
            28.936376623809338,
            23.87137258797884,
            19.0828044898808
        ],
        "accuracy": {
            "macro": [
                0.6755495332731106,
                0.7728183118741058,
                0.8283977110157368,
                0.8755364806866952,
                0.9010014306151645,
                0.9233190271816882,
                0.9356938483547924,
                0.9486409155937053
            ],
            "micro": [
                0.6755495332731105,
                0.7728183118741059,
                0.8283977110157368,
                0.8755364806866953,
                0.9010014306151645,
                0.9233190271816881,
                0.9356938483547925,
                0.9486409155937053
            ]
        },
        "precision": {
            "macro": [
                0.23713266867948465,
                0.6109425319507554,
                0.777049499529673,
                0.814911649808478,
                0.847744416412043,
                0.8867523956680566,
                0.9043366215286067,
                0.9229415518814013
            ],
            "micro": [
                0.48969331322272497,
                0.7318435754189944,
                0.7844089091947458,
                0.8251219512195122,
                0.8497324959292859,
                0.8840481052870434,
                0.9002009377093101,
                0.9159758010306969
            ]
        },
        "recall": {
            "macro": [
                0.16227363531959915,
                0.3193521992696935,
                0.5547026443656123,
                0.7285748568937868,
                0.803746816639404,
                0.8643608108506823,
                0.8939521273554916,
                0.918615640423794
            ],
            "micro": [
                0.22815647692668073,
                0.4227754725680037,
                0.6255978137098611,
                0.7678166137085792,
                0.8319289455704851,
                0.8741305811083688,
                0.8991971454058876,
                0.9225908372827805
            ]
        },
        "f1": {
            "macro": [
                0.18695930957068463,
                0.3337435387458359,
                0.6147490988982246,
                0.763115174161073,
                0.8218782918491221,
                0.8742735019833878,
                0.8984100849278979,
                0.9202891701381027
            ],
            "micro": [
                0.3112815596037073,
                0.5359438924605494,
                0.6960597998226277,
                0.7954385139901246,
                0.8407364787111623,
                0.8790613718411553,
                0.8996987615753653,
                0.9192714189341129
            ]
        }
    },
    "val": {
        "loss": [
            17.321364253759384,
            16.072233825922012,
            13.565270215272903,
            13.080118179321289,
            12.900573194026947,
            13.309896379709244,
            13.725850135087967,
            13.409015104174614
        ],
        "accuracy": {
            "macro": [
                0.7803850782190133,
                0.7854993983152828,
                0.825511432009627,
                0.8345367027677497,
                0.8363417569193743,
                0.8402527075812275,
                0.8438628158844764,
                0.8495788206979542
            ],
            "micro": [
                0.7803850782190133,
                0.7854993983152828,
                0.825511432009627,
                0.8345367027677497,
                0.8363417569193743,
                0.8402527075812274,
                0.8438628158844765,
                0.8495788206979543
            ]
        },
        "precision": {
            "macro": [
                0.21715993894165533,
                0.5286310759113794,
                0.6579800581202435,
                0.6535466177004662,
                0.6369337620333676,
                0.6401256878790469,
                0.646027995253606,
                0.6864493083690061
            ],
            "micro": [
                0.7088305489260143,
                0.6170731707317073,
                0.70595690747782,
                0.6992143658810326,
                0.6972677595628415,
                0.6923868312757202,
                0.6973415132924335,
                0.7303754266211604
            ],
            "weighted": [
                0.36245839486645126,
                0.5828503546352163,
                0.7222061356362569,
                0.7108434591176845,
                0.7013464458615556,
                0.6945228756601965,
                0.6949550376220102,
                0.7243102493872585
            ]
        },
        "recall": {
            "macro": [
                0.1745104977589054,
                0.43722868286025296,
                0.5403564748170214,
                0.6263588544547104,
                0.6533984276523951,
                0.6841781654032554,
                0.6868949732494666,
                0.6170400059621639
            ],
            "micro": [
                0.3281767955801105,
                0.5591160220994476,
                0.6154696132596685,
                0.6883977900552486,
                0.7049723756906078,
                0.7436464088397791,
                0.7535911602209945,
                0.7093922651933702
            ],
            "weighted": [
                0.3281767955801105,
                0.5591160220994476,
                0.6154696132596685,
                0.6883977900552486,
                0.7049723756906078,
                0.7436464088397791,
                0.7535911602209945,
                0.7093922651933702
            ]
        },
        "f1": {
            "macro": [
                0.18285091814503582,
                0.3802840120518323,
                0.5752235850956312,
                0.6302021551249006,
                0.6422177658964525,
                0.659520953070908,
                0.6638083965961468,
                0.6441158989667918
            ],
            "micro": [
                0.4486404833836858,
                0.5866666666666666,
                0.6576151121605668,
                0.6937639198218264,
                0.701098901098901,
                0.7171017581246671,
                0.7243759957514605,
                0.719730941704036
            ],
            "weighted": [
                0.3301958720873248,
                0.4819285982850605,
                0.6491207878775237,
                0.6915738137637011,
                0.7016439219060707,
                0.7167963166016867,
                0.7221237095205844,
                0.7123592686036655
            ]
        }
    },
    "test": {
        "loss": [
            3.9956823587417603,
            3.902665436267853,
            3.206894725561142,
            3.2089486718177795,
            3.056751996278763,
            3.0600606203079224,
            3.319761574268341,
            3.2786163687705994
        ],
        "accuracy": {
            "macro": [
                0.7830459770114943,
                0.7758620689655172,
                0.8290229885057471,
                0.8275862068965517,
                0.8376436781609194,
                0.8433908045977012,
                0.8275862068965517,
                0.8362068965517242
            ],
            "micro": [
                0.7830459770114943,
                0.7758620689655172,
                0.8290229885057471,
                0.8275862068965517,
                0.8376436781609196,
                0.8433908045977011,
                0.8275862068965517,
                0.8362068965517241
            ]
        },