{
    "train": {
        "loss": [
            83.69622588157654,
            66.58484065532684,
            52.38551530241966,
            41.52520893514156,
            35.28907725214958,
            28.801946006715298,
            23.601093627512455,
            18.994161918759346
        ],
        "accuracy": {
            "macro": [
                0.7012791572610985,
                0.7765622765622765,
                0.8476333476333475,
                0.8886028886028886,
                0.9029029029029029,
                0.9235664235664237,
                0.9372229372229371,
                0.9512369512369512
            ],
            "micro": [
                0.7012791572610986,
                0.7765622765622766,
                0.8476333476333476,
                0.8886028886028886,
                0.9029029029029029,
                0.9235664235664236,
                0.9372229372229373,
                0.9512369512369513
            ]
        },
        "precision": {
            "macro": [
                0.31798396334478807,
                0.821839049178029,
                0.788434089483342,
                0.8287843767827746,
                0.8505339481000185,
                0.885912809183972,
                0.9018354137836727,
                0.9310569550951161
            ],
            "micro": [
                0.5523747560182173,
                0.7817796610169492,
                0.7886346104397017,
                0.8340817773575987,
                0.8527764815678954,
                0.8837370242214533,
                0.9026199860885694,
                0.9283387622149837
            ]
        },
        "recall": {
            "macro": [
                0.12103763383439685,
                0.30692366998525283,
                0.6433886089367041,
                0.784282533589637,
                0.8207833771345284,
                0.8633229100290132,
                0.8945468123013803,
                0.9178120520463705
            ],
            "micro": [
                0.20551924473493102,
                0.41414141414141414,
                0.7008683729433273,
                0.8047890535917902,
                0.8340940209949794,
                0.87147406733394,
                0.8947368421052632,
                0.9142988084326306
            ]
        },
        "f1": {
            "macro": [
                0.1129938888667188,
                0.3764797640626216,
                0.6989413331932232,
                0.8037552605500698,
                0.834456631869685,
                0.8738694818700866,
                0.8977527353339219,
                0.924203486594589
            ],
            "micro": [
                0.29957657021877204,
                0.541452677916361,
                0.7421657592256503,
                0.8191736304549676,
                0.8433317951084448,
                0.877562707593632,
                0.8986611265004616,
                0.921265296698222
            ]
        }
    },
    "val": {
        "loss": [
            17.553801864385605,
            14.551203578710556,
            13.03963127732277,
            12.518993139266968,
            12.691164553165436,
            13.7118369191885,
            13.008066907525063,
            13.053294613957405
        ],
        "accuracy": {
            "macro": [
                0.7787823990355637,
                0.8215792646172392,
                0.8432790837854128,
                0.8462929475587703,
                0.8459915611814345,
                0.8423749246534055,
                0.8526220614828209,
                0.8586497890295358
            ],
            "micro": [
                0.7787823990355636,
                0.8215792646172393,
                0.8432790837854129,
                0.8462929475587704,
                0.8459915611814346,
                0.8423749246534057,
                0.8526220614828209,
                0.8586497890295358
            ]
        },
        "precision": {
            "macro": [
                0.13419293218720152,
                0.6423552763210839,
                0.6860980575584835,
                0.6916129747905448,
                0.6810371543414528,
                0.7085070512454984,
                0.6937601001458257,
                0.684199126354343
            ],
            "micro": [
                0.8051575931232091,
                0.7238335435056746,
                0.7423382519863791,
                0.745230078563412,
                0.7344086021505376,
                0.747086247086247,
                0.7650462962962963,
                0.7521097046413502
            ],
            "weighted": [
                0.2848234357933211,
                0.7371435687969342,
                0.7516928294565719,
                0.7533419192409216,
                0.7431509547169869,
                0.783974564012077,
                0.771274804875299,
                0.7502933363957969
            ]
        },
        "recall": {
            "macro": [
                0.1398009950248756,
                0.44650240928226004,
                0.628844514469742,
                0.6257184363823424,
                0.6359485812593749,
                0.6355567172617592,
                0.6400776884099599,
                0.6604093265974408
            ],
            "micro": [
                0.2967265047518479,
                0.6061246040126715,
                0.6906019007391764,
                0.7011615628299894,
                0.7212249208025343,
                0.6768743400211193,
                0.6979936642027456,
                0.7529039070749736
            ],
            "weighted": [
                0.2967265047518479,
                0.6061246040126715,
                0.6906019007391764,
                0.7011615628299894,
                0.7212249208025343,
                0.6768743400211193,
                0.6979936642027456,
                0.7529039070749736
            ]
        },
        "f1": {
            "macro": [
                0.13693957115009747,
                0.4785942406172056,
                0.6493040585145848,
                0.6518292956695788,
                0.6519489133652399,
                0.6497566737542314,
                0.6645003215038753,
                0.6693129363534326
            ],
            "micro": [
                0.43364197530864196,
                0.6597701149425287,
                0.7155361050328227,
                0.7225244831338412,
                0.7277570591369206,
                0.7102493074792244,
                0.7299834345665378,
                0.7525065963060685
            ],
            "weighted": [
                0.29065315523938323,
                0.6142934865270997,
                0.7167756957591894,
                0.7229646741843248,
                0.7259565450270645,
                0.7149057613064964,
                0.7317364744238574,
                0.7491962735221687
            ]
        }
    },
    "test": {
        "loss": [
            4.097330540418625,
            3.5013532042503357,
            3.0560527741909027,
            3.085676223039627,
            3.0490776002407074,
            3.3620478212833405,
            3.0922270715236664,
            3.2415648251771927
        ],
        "accuracy": {
            "macro": [
                0.7658045977011495,
                0.8060344827586207,
                0.8333333333333334,
                0.8261494252873564,
                0.8433908045977012,
                0.8232758620689654,
                0.8448275862068967,
                0.8419540229885057
            ],
            "micro": [
                0.7658045977011494,
                0.8060344827586207,
                0.8333333333333334,
                0.8261494252873564,
                0.8433908045977011,
                0.8232758620689655,
                0.8448275862068966,
                0.8419540229885057
            ]
        },