{
    "train": {
        "loss": [
            85.35207402706146,
            68.14496913552284,
            53.711208909749985,
            42.43198062479496,
            33.38113783299923,
            28.44311134517193,
            22.15748021006584,
            18.78669534623623
        ],
        "accuracy": {
            "macro": [
                0.6647103085026336,
                0.774917774917775,
                0.8374088374088374,
                0.8850278850278849,
                0.9124839124839125,
                0.9237094237094237,
                0.9443014443014442,
                0.9513799513799515
            ],
            "micro": [
                0.6647103085026336,
                0.7749177749177749,
                0.8374088374088374,
                0.885027885027885,
                0.9124839124839125,
                0.9237094237094237,
                0.9443014443014442,
                0.9513799513799513
            ]
        },
        "precision": {
            "macro": [
                0.28550240455966364,
                0.6042673306838336,
                0.8155367575321577,
                0.8393909827480357,
                0.8728553236747133,
                0.890670617507384,
                0.9216802191509167,
                0.9295185831732967
            ],
            "micro": [
                0.48249027237354086,
                0.7297393787932881,
                0.7956104252400549,
                0.8441558441558441,
                0.8711458812701335,
                0.8867447737192741,
                0.9175326110988282,
                0.9232490490042515
            ]
        },
        "recall": {
            "macro": [
                0.24995869514081945,
                0.36343953293145087,
                0.5815711521800913,
                0.7556307386948524,
                0.8433506376279949,
                0.8667518649265192,
                0.9109660551194856,
                0.9244773292279499
            ],
            "micro": [
                0.3715141737727587,
                0.4608793686583991,
                0.6547753443215173,
                0.785234899328859,
                0.8507865168539326,
                0.8705457825890843,
                0.9108867427568043,
                0.9244902531929196
            ]
        },
        "f1": {
            "macro": [
                0.23602450428332378,
                0.4192837036107568,
                0.6235127662924461,
                0.7925684782648516,
                0.8571573841412959,
                0.8783048273398308,
                0.9159272856846802,
                0.926810443163815
            ],
            "micro": [
                0.4197916666666666,
                0.5649530127142068,
                0.7183552142680208,
                0.8136300417246175,
                0.8608458390177354,
                0.878570615682258,
                0.9141975988544994,
                0.9238692342140619
            ]
        }
    },
    "val": {
        "loss": [
            18.13615083694458,
            15.146491765975952,
            13.604194283485413,
            13.422695323824883,
            13.979112938046455,
            14.174508571624756,
            14.434021547436714,
            14.9309691041708
        ],
        "accuracy": {
            "macro": [
                0.7507534659433394,
                0.8149487643158527,
                0.8336347197106689,
                0.833936106088005,
                0.8354430379746836,
                0.8369499698613624,
                0.8360458107293551,
                0.8390596745027126
            ],
            "micro": [
                0.7507534659433394,
                0.814948764315853,
                0.833634719710669,
                0.8339361060880048,
                0.8354430379746836,
                0.8369499698613623,
                0.836045810729355,
                0.8390596745027125
            ]
        },
        "precision": {
            "macro": [
                0.09553948161543098,
                0.5852801821150362,
                0.6676007404354846,
                0.6351149072905912,
                0.6368313586164646,
                0.6355717898775642,
                0.6459610549176242,
                0.6761948166060222
            ],
            "micro": [
                0.5732368896925859,
                0.7207207207207207,
                0.7069767441860465,
                0.6812182741116751,
                0.6802788844621513,
                0.6882051282051282,
                0.6911764705882353,
                0.682261208576998
            ],
            "weighted": [
                0.20012785686404155,
                0.6910976009872571,
                0.718068720617392,
                0.679619317589901,
                0.6852267837989496,
                0.6903543747373768,
                0.6984483163010751,
                0.6895323810125132
            ]
        },
        "recall": {
            "macro": [
                0.16666666666666666,
                0.42070772687047503,
                0.6108475760923605,
                0.6595171809774351,
                0.6847610434082365,
                0.6691160466858919,
                0.6578492315028733,
                0.6785637672312647
            ],
            "micro": [
                0.3491189427312775,
                0.5286343612334802,
                0.6696035242290749,
                0.7389867841409692,
                0.7522026431718062,
                0.7389867841409692,
                0.724669603524229,
                0.7709251101321586
            ],
            "weighted": [
                0.3491189427312775,
                0.5286343612334802,
                0.6696035242290749,
                0.7389867841409692,
                0.7522026431718062,
                0.7389867841409692,
                0.724669603524229,
                0.7709251101321586
            ]
        },
        "f1": {
            "macro": [
                0.12145593869731801,
                0.46820830292582843,
                0.6240228159291189,
                0.6424360663828247,
                0.6557751613378467,
                0.6499836756649975,
                0.6467801855461707,
                0.6542505582283945
            ],
            "micro": [
                0.4339493497604381,
                0.6099110546378654,
                0.6877828054298643,
                0.7089276281035395,
                0.7144351464435146,
                0.7126925119490176,
                0.70752688172043,
                0.7238883143743537
            ],
            "weighted": [
                0.2544154134386551,
                0.5761145957912472,
                0.6810222218912271,
                0.7056087151775872,
                0.7138365565085883,
                0.7120014624234545,
                0.7063343926397663,
                0.7186402928993105
            ]
        }
    },
    "test": {
        "loss": [
            4.264900267124176,
            3.4828283488750458,
            3.2731684148311615,
            3.155422583222389,
            3.268486723303795,
            3.386984258890152,
            3.375577360391617,
            3.4402848184108734
        ],
        "accuracy": {
            "macro": [
                0.742816091954023,
                0.8247126436781609,
                0.8189655172413793,
                0.8390804597701148,
                0.8376436781609197,
                0.8462643678160919,
                0.8462643678160919,
                0.8520114942528735
            ],
            "micro": [
                0.742816091954023,
                0.8247126436781609,
                0.8189655172413793,
                0.8390804597701149,
                0.8376436781609196,
                0.8462643678160919,
                0.8462643678160919,
                0.8520114942528736
            ]
        },