{
    "train": {
        "loss": [
            55.70518624782562,
            44.37681540846825,
            37.724913120269775,
            32.823493242263794,
            28.968543529510498,
            25.072859153151512,
            21.898846931755543,
            18.240761920809746
        ],
        "accuracy": {
            "macro": [
                0.859840785907859,
                0.8770118025751074,
                0.8872585836909872,
                0.9011266094420601,
                0.911131974248927,
                0.9298015021459227,
                0.9385997854077254,
                0.9527628755364806
            ],
            "micro": [
                0.8598407859078591,
                0.8770118025751072,
                0.8872585836909871,
                0.9011266094420601,
                0.911131974248927,
                0.9298015021459227,
                0.9385997854077254,
                0.9527628755364806
            ]
        },
        "precision": {
            "macro": [
                0.0909806613895462,
                0.20521645021645024,
                0.542453123325497,
                0.7143228886535277,
                0.7805541617969087,
                0.8384176598433741,
                0.8473690952573016,
                0.8839361399323281
            ],
            "micro": [
                0.128686327077748,
                0.7457627118644068,
                0.7418952618453866,
                0.7782663316582915,
                0.7820567075751164,
                0.8316666666666667,
                0.8387096774193549,
                0.8777327935222672
            ]
        },
        "recall": {
            "macro": [
                0.018587412893044945,
                0.016029305510940034,
                0.12630074437684347,
                0.27295958003847276,
                0.4019318613536869,
                0.5696849601144416,
                0.6494102248449771,
                0.7341167224905277
            ],
            "micro": [
                0.021763772387213783,
                0.018953262976523798,
                0.12960139403180135,
                0.270997375328084,
                0.39776151528196296,
                0.5415671803776861,
                0.6190476190476191,
                0.7131578947368421
            ]
        },
        "f1": {
            "macro": [
                0.028805953625723826,
                0.02785957389379586,
                0.1855246644833769,
                0.35143038264677456,
                0.48910831872205723,
                0.6579315882185267,
                0.7219036891501457,
                0.7945468388915883
            ],
            "micro": [
                0.03723094822571262,
                0.03696702373450955,
                0.2206564064528092,
                0.40201168072680077,
                0.527322014552718,
                0.6559747600893914,
                0.7123287671232876,
                0.7869328493647914
            ]
        }
    },
    "val": {
        "loss": [
            10.7957184612751,
            9.572132408618927,
            9.136007189750671,
            9.063082799315453,
            8.82785613834858,
            9.04763899743557,
            8.9081169962883,
            9.771692365407944
        ],
        "accuracy": {
            "macro": [
                0.8928249097472925,
                0.892937725631769,
                0.8924864620938628,
                0.8894404332129964,
                0.8922608303249098,
                0.8822202166064982,
                0.8872969314079423,
                0.8851534296028882
            ],
            "micro": [
                0.8928249097472925,
                0.892937725631769,
                0.8924864620938628,
                0.8894404332129964,
                0.8922608303249098,
                0.8822202166064982,
                0.8872969314079422,
                0.8851534296028881
            ]
        },
        "precision": {
            "macro": [
                0.0,
                0.21949404761904762,
                0.24886604171238388,
                0.403722468979822,
                0.4538777117452902,
                0.398043584497888,
                0.410196009267487,
                0.3938387636520999
            ],
            "micro": [
                0,
                0.5161290322580645,
                0.4927536231884058,
                0.4576271186440678,
                0.49403341288782815,
                0.42724458204334365,
                0.4616588419405321,
                0.44801223241590216
            ],
            "weighted": [
                0.0,
                0.2741478696741855,
                0.2845756605415228,
                0.486264962877966,
                0.5208829063250517,
                0.4431827919920447,
                0.45682763772533963,
                0.45715613921134074
            ]
        },
        "recall": {
            "macro": [
                0.0,
                0.01648356884767596,
                0.14397423287009706,
                0.2069054555435059,
                0.22102908755425488,
                0.28821259687839057,
                0.3058174815292273,
                0.32355831419618114
            ],
            "micro": [
                0.0,
                0.016842105263157894,
                0.10736842105263159,
                0.1705263157894737,
                0.21789473684210525,
                0.2905263157894737,
                0.3105263157894737,
                0.30842105263157893
            ],
            "weighted": [
                0.0,
                0.016842105263157894,
                0.10736842105263159,
                0.1705263157894737,
                0.21789473684210525,
                0.2905263157894737,
                0.3105263157894737,
                0.30842105263157893
            ]
        },
        "f1": {
            "macro": [
                0.0,
                0.02795323983377371,
                0.16681204306146968,
                0.21909305542621854,
                0.26564290314804884,
                0.31455008184738054,
                0.341414791672956,
                0.3287848966484622
            ],
            "micro": [
                0,
                0.0326197757390418,
                0.17631806395851338,
                0.24846625766871167,
                0.3024105186267348,
                0.3458646616541353,
                0.3713027061044682,
                0.3653366583541147
            ],
            "weighted": [
                0.0,
                0.02940562229899051,
                0.147352529331212,
                0.20337344725031145,
                0.2739911584896366,
                0.3375741596606145,
                0.3617220126074764,
                0.3318602413510416
            ]
        }
    },
    "test": {
        "loss": [
            2.453523725271225,
            2.1403409838676453,
            2.0531862527132034,
            2.006904721260071,
            1.9512636959552765,
            1.9383160173892975,
            1.907000482082367,
            2.113180786371231
        ],
        "accuracy": {
            "macro": [
                0.8981681034482758,
                0.900323275862069,
                0.8987068965517241,
                0.890625,
                0.8992456896551723,
                0.8981681034482758,
                0.900323275862069,
                0.8981681034482758
            ],
            "micro": [
                0.8981681034482759,
                0.900323275862069,
                0.8987068965517241,
                0.890625,
                0.8992456896551724,
                0.8981681034482759,
                0.900323275862069,
                0.8981681034482759
            ]
        },