{
    "train": {
        "loss": [
            55.731086760759354,
            43.55020174384117,
            36.805735632777214,
            31.923761248588562,
            27.465251564979553,
            23.809412837028503,
            20.258498139679432,
            17.6798405200243
        ],
        "accuracy": {
            "macro": [
                0.8577800361336947,
                0.8782457081545064,
                0.892033261802575,
                0.9064645922746782,
                0.9210300429184549,
                0.9336105150214592,
                0.9461909871244635,
                0.9538358369098712
            ],
            "micro": [
                0.8577800361336947,
                0.8782457081545064,
                0.8920332618025751,
                0.9064645922746781,
                0.9210300429184549,
                0.9336105150214592,
                0.9461909871244635,
                0.9538358369098713
            ]
        },
        "precision": {
            "macro": [
                0.15072625489698588,
                0.3354209792421367,
                0.5933877781122187,
                0.7239966743219964,
                0.8182817969769951,
                0.8455128097318605,
                0.8691439901430051,
                0.879448077610216
            ],
            "micro": [
                0.15947242206235013,
                0.7031802120141343,
                0.7742857142857142,
                0.8073537027446919,
                0.8311481922924115,
                0.8463989802421925,
                0.8701408450704226,
                0.8773166275123988
            ]
        },
        "recall": {
            "macro": [
                0.02719356849270095,
                0.03554380252315698,
                0.180423337566431,
                0.33054947171705834,
                0.46893316383030287,
                0.5937514499026063,
                0.6861760721271801,
                0.7479496196357435
            ],
            "micro": [
                0.029753914988814318,
                0.04275891706059304,
                0.1767007172353836,
                0.33354728284124946,
                0.4536976794621557,
                0.5713056571305657,
                0.6665947345705654,
                0.7287510841283608
            ]
        },
        "f1": {
            "macro": [
                0.03643450965411576,
                0.06035471137070306,
                0.24435032190359884,
                0.4040353300666143,
                0.5523820104339873,
                0.671111798840592,
                0.754695443440101,
                0.7990484832026267
            ],
            "micro": [
                0.050150829562594264,
                0.08061575855782865,
                0.28773668377278355,
                0.4720666161998486,
                0.5869809203142536,
                0.6821625786567356,
                0.7548875855327468,
                0.7961625014805164
            ]
        }
    },
    "val": {
        "loss": [
            10.408579468727112,
            9.566521316766739,
            8.945230975747108,
            9.277069717645645,
            8.943113341927528,
            9.082330897450447,
            9.322890803217888,
            9.846380695700645
        ],
        "accuracy": {
            "macro": [
                0.8958709386281589,
                0.8940658844765343,
                0.8957581227436824,
                0.8869584837545127,
                0.8853790613718412,
                0.8857175090252708,
                0.8823330324909747,
                0.8797382671480144
            ],
            "micro": [
                0.8958709386281588,
                0.8940658844765343,
                0.8957581227436823,
                0.8869584837545126,
                0.8853790613718412,
                0.8857175090252708,
                0.8823330324909747,
                0.8797382671480144
            ]
        },
        "precision": {
            "macro": [
                0.0,
                0.2638128840245776,
                0.3267671391838643,
                0.3571564962441978,
                0.3823832029378153,
                0.38275288899130017,
                0.3734857457878451,
                0.38702348071466464
            ],
            "micro": [
                0,
                0.42727272727272725,
                0.496551724137931,
                0.3935309973045822,
                0.4124293785310734,
                0.42214532871972316,
                0.4120234604105572,
                0.40821566110397944
            ],
            "weighted": [
                0.0,
                0.2547967706986335,
                0.3527381319600271,
                0.36355373588318396,
                0.40789999882564526,
                0.429316300694023,
                0.4083554449709402,
                0.39824730461116087
            ]
        },
        "recall": {
            "macro": [
                0.0,
                0.08157929270332549,
                0.14003549160260642,
                0.22037427682174981,
                0.2631127480838389,
                0.2800041928434407,
                0.2974363163732338,
                0.33903821236590626
            ],
            "micro": [
                0.0,
                0.050920910075839654,
                0.0780065005417118,
                0.1581798483206934,
                0.2372697724810401,
                0.26435536294691225,
                0.30444203683640303,
                0.3445287107258938
            ],
            "weighted": [
                0.0,
                0.050920910075839654,
                0.0780065005417118,
                0.1581798483206934,
                0.2372697724810401,
                0.26435536294691225,
                0.30444203683640303,
                0.3445287107258938
            ]
        },
        "f1": {
            "macro": [
                0.0,
                0.10141042710944026,
                0.15750029411364772,
                0.23130761573814493,
                0.285563389186776,
                0.3063058940225355,
                0.3168606516821783,
                0.3481947255407982
            ],
            "micro": [
                0,
                0.09099709583736688,
                0.1348314606741573,
                0.22565687789799072,
                0.3012379642365887,
                0.32511658894070616,
                0.3501557632398754,
                0.3736780258519389
            ],
            "weighted": [
                0.0,
                0.06883763218084937,
                0.10387142843831378,
                0.17834312622714457,
                0.2802914879052143,
                0.31572778511253596,
                0.3370412915589139,
                0.3562675791333829
            ]
        }
    },
    "test": {
        "loss": [
            2.411402106285095,
            2.1633322685956955,
            2.009533777832985,
            2.085883542895317,
            2.0778142660856247,
            2.0144101083278656,
            2.07428839802742,
            2.2936573028564453
        ],
        "accuracy": {
            "macro": [
                0.8981681034482758,
                0.8970905172413792,
                0.8970905172413792,
                0.8922413793103448,
                0.8922413793103448,
                0.8981681034482759,
                0.8938577586206897,
                0.8927801724137929
            ],
            "micro": [
                0.8981681034482759,
                0.8970905172413793,
                0.8970905172413793,
                0.8922413793103449,
                0.8922413793103449,
                0.8981681034482759,
                0.8938577586206896,
                0.8927801724137931
            ]
        },