{
    "train": {
        "loss": [
            57.21436247229576,
            43.93932554125786,
            37.10068824887276,
            32.287277072668076,
            27.298910662531853,
            23.46260790526867,
            19.88066466897726,
            16.80139584839344
        ],
        "accuracy": {
            "macro": [
                0.8510440180586906,
                0.8789950664950665,
                0.8885671385671385,
                0.90237558987559,
                0.922940797940798,
                0.9351941226941228,
                0.9469916344916345,
                0.9576630201630202
            ],
            "micro": [
                0.8510440180586908,
                0.8789950664950665,
                0.8885671385671385,
                0.9023755898755899,
                0.922940797940798,
                0.9351941226941227,
                0.9469916344916345,
                0.9576630201630202
            ]
        },
        "precision": {
            "macro": [
                0.09061718309753344,
                0.46503289473684206,
                0.6445955884601526,
                0.7457233313094278,
                0.8406380768198293,
                0.8463166914526555,
                0.8698659426008549,
                0.8962786621253984
            ],
            "micro": [
                0.17013372956909362,
                0.7984496124031008,
                0.7440811724915445,
                0.7830342577487766,
                0.8308684110731892,
                0.8450400492914356,
                0.8608148755810774,
                0.8831200787401575
            ]
        },
        "recall": {
            "macro": [
                0.038452915546673024,
                0.021624427818592536,
                0.15642765999917366,
                0.32611288729376614,
                0.49167642591956184,
                0.609320785099465,
                0.7055303666915733,
                0.7828668946609385
            ],
            "micro": [
                0.052152129355499885,
                0.022440087145969498,
                0.14382218348224013,
                0.307560871422469,
                0.47434509634119937,
                0.5890057977238565,
                0.6819757365684576,
                0.764756019603665
            ]
        },
        "f1": {
            "macro": [
                0.052324935951784654,
                0.03983198539778353,
                0.22246506719546766,
                0.41376836087127356,
                0.5890030325021197,
                0.6931240919946448,
                0.7699193773345459,
                0.8318297510368603
            ],
            "micro": [
                0.07983266515600487,
                0.043653316380589106,
                0.2410518626734843,
                0.44165005367274957,
                0.6039140022050716,
                0.6941667721118563,
                0.7610298561585882,
                0.8196871074568917
            ]
        }
    },
    "val": {
        "loss": [
            10.506561040878296,
            9.414413541555405,
            8.90970203280449,
            8.746940046548843,
            8.867648869752884,
            9.132535994052887,
            9.54302802681923,
            10.02674263715744
        ],
        "accuracy": {
            "macro": [
                0.898395117540687,
                0.8969258589511753,
                0.8971518987341772,
                0.8950045207956601,
                0.8892405063291139,
                0.8850587703435804,
                0.8809900542495479,
                0.8811030741410489
            ],
            "micro": [
                0.8983951175406871,
                0.8969258589511754,
                0.8971518987341772,
                0.8950045207956601,
                0.8892405063291139,
                0.8850587703435805,
                0.8809900542495479,
                0.8811030741410488
            ]
        },
        "precision": {
            "macro": [
                0.0,
                0.14685696248196245,
                0.40542470949774323,
                0.3992369903647078,
                0.43531641000786514,
                0.4584107067743071,
                0.3857527272423395,
                0.4328497472674919
            ],
            "micro": [
                0,
                0.4084507042253521,
                0.47417840375586856,
                0.4583333333333333,
                0.42166344294003866,
                0.40605095541401276,
                0.3829787234042553,
                0.388646288209607
            ],
            "weighted": [
                0.0,
                0.17592218064965565,
                0.429021458267437,
                0.41062598530582284,
                0.3981523510968128,
                0.41303819828725447,
                0.36754840133059846,
                0.379732372223537
            ]
        },
        "recall": {
            "macro": [
                0.0,
                0.05909355590062111,
                0.1584042136436438,
                0.20394194392268938,
                0.2545922951084753,
                0.28020279238454787,
                0.30742583097365733,
                0.32735383033084436
            ],
            "micro": [
                0.0,
                0.03225806451612903,
                0.11234705228031146,
                0.1835372636262514,
                0.2424916573971079,
                0.2836484983314794,
                0.2803114571746385,
                0.29699666295884314
            ],
            "weighted": [
                0.0,
                0.03225806451612903,
                0.11234705228031146,
                0.1835372636262514,
                0.2424916573971079,
                0.2836484983314794,
                0.2803114571746385,
                0.29699666295884314
            ]
        },
        "f1": {
            "macro": [
                0.0,
                0.07203664041635716,
                0.1858750096232932,
                0.24574500406787977,
                0.29672171249223844,
                0.31845985764277873,
                0.32218616941350176,
                0.34470677919410814
            ],
            "micro": [
                0,
                0.05979381443298969,
                0.18165467625899281,
                0.2621127879269261,
                0.307909604519774,
                0.3339882121807466,
                0.3236994219653179,
                0.33669609079445145
            ],
            "weighted": [
                0.0,
                0.04634404940275919,
                0.14801231311416124,
                0.23713705578978414,
                0.28975093216934455,
                0.3126839457243022,
                0.3038917339575833,
                0.31242624305808264
            ]
        }
    },
    "test": {
        "loss": [
            2.4468804001808167,
            2.193088322877884,
            2.074238821864128,
            2.0048520863056183,
            2.043742060661316,
            2.1224439442157745,
            2.16794154047966,
            2.316009610891342
        ],
        "accuracy": {
            "macro": [
                0.8981681034482758,
                0.898706896551724,
                0.8943965517241378,
                0.8927801724137929,
                0.8933189655172413,
                0.8911637931034481,
                0.8879310344827586,
                0.8863146551724138
            ],
            "micro": [
                0.8981681034482759,
                0.8987068965517241,
                0.8943965517241379,
                0.8927801724137931,
                0.8933189655172413,
                0.8911637931034483,
                0.8879310344827587,
                0.8863146551724138
            ]
        },