{
    "train": {
        "loss": [
            56.01222664117813,
            43.848459511995316,
            36.67552798986435,
            32.299913331866264,
            27.716962337493896,
            23.906629532575607,
            20.341137260198593,
            17.36987390369177
        ],
        "accuracy": {
            "macro": [
                0.8650959367945823,
                0.8799603174603174,
                0.8924281424281424,
                0.904520592020592,
                0.9198037323037321,
                0.9326737451737452,
                0.9462945087945086,
                0.9568318318318316
            ],
            "micro": [
                0.8650959367945824,
                0.8799603174603174,
                0.8924281424281424,
                0.904520592020592,
                0.9198037323037324,
                0.9326737451737451,
                0.9462945087945088,
                0.9568318318318318
            ]
        },
        "precision": {
            "macro": [
                0.15554131342476482,
                0.3049971846846847,
                0.6984470366179386,
                0.6899063444348355,
                0.8271350093297128,
                0.8500394814606979,
                0.8733174228679431,
                0.8964450933569045
            ],
            "micro": [
                0.13829787234042554,
                0.8011695906432749,
                0.7733473242392445,
                0.7964837506659563,
                0.8092881614008375,
                0.8416289592760181,
                0.8613662456946038,
                0.8845265588914549
            ]
        },
        "recall": {
            "macro": [
                0.018828187600061615,
                0.025021271226274566,
                0.15714414564680837,
                0.333699104722801,
                0.4730307149001234,
                0.5863642256147354,
                0.6811131684601541,
                0.7754099091689776
            ],
            "micro": [
                0.017836725360164646,
                0.029912663755458514,
                0.16258548422678137,
                0.31985451433461703,
                0.46057192374350087,
                0.563027027027027,
                0.663791196637912,
                0.7482092467983503
            ]
        },
        "f1": {
            "macro": [
                0.027295471835007187,
                0.03941643285045997,
                0.22241514847610439,
                0.4209134658344562,
                0.5559179706279972,
                0.6762129338249954,
                0.7558903122236315,
                0.8279647338810703
            ],
            "micro": [
                0.03159813652015394,
                0.05767206903809724,
                0.26868392271235875,
                0.4564188673484965,
                0.5870495650973354,
                0.674698795180723,
                0.7497813866333541,
                0.8106773283160864
            ]
        }
    },
    "val": {
        "loss": [
            10.437118738889694,
            9.427300319075584,
            8.66276766359806,
            8.640179589390755,
            8.480446249246597,
            8.41573552787304,
            8.882427096366882,
            9.082670286297798
        ],
        "accuracy": {
            "macro": [
                0.8973779385171792,
                0.8963607594936709,
                0.8980560578661845,
                0.8952305605786618,
                0.8952305605786619,
                0.8945524412296564,
                0.8895795660036167,
                0.8892405063291139
            ],
            "micro": [
                0.8973779385171791,
                0.8963607594936709,
                0.8980560578661845,
                0.8952305605786618,
                0.8952305605786618,
                0.8945524412296564,
                0.8895795660036167,
                0.8892405063291139
            ]
        },
        "precision": {
            "macro": [
                0.0,
                0.1493844696969697,
                0.3822618943433569,
                0.42596656702048863,
                0.4675176375837607,
                0.5226696711528173,
                0.5311015962097273,
                0.5485386687511558
            ],
            "micro": [
                0,
                0.4608695652173913,
                0.512,
                0.47506561679790027,
                0.4776470588235294,
                0.48191027496382055,
                0.44963503649635034,
                0.4536082474226804
            ],
            "weighted": [
                0.0,
                0.19689043518889335,
                0.38102010470144104,
                0.468479328345874,
                0.5196449597222251,
                0.49013320213536554,
                0.471473162622111,
                0.48121258674861944
            ]
        },
        "recall": {
            "macro": [
                0.0,
                0.04130960798838705,
                0.11812920081364572,
                0.19563841279746896,
                0.20533636641495318,
                0.33768300675938995,
                0.3536537800059883,
                0.39300333077554644
            ],
            "micro": [
                0.0,
                0.05837004405286344,
                0.14096916299559473,
                0.19933920704845814,
                0.22356828193832598,
                0.3667400881057269,
                0.3392070484581498,
                0.3876651982378855
            ],
            "weighted": [
                0.0,
                0.05837004405286344,
                0.14096916299559473,
                0.19933920704845814,
                0.22356828193832598,
                0.3667400881057269,
                0.3392070484581498,
                0.3876651982378855
            ]
        },
        "f1": {
            "macro": [
                0.0,
                0.05518274853801169,
                0.17065680382332013,
                0.22879755026560736,
                0.25553433412832327,
                0.38979034451778466,
                0.38818838447235504,
                0.43220786583876675
            ],
            "micro": [
                0,
                0.10361681329423267,
                0.22107081174438692,
                0.2808378588052754,
                0.30457614403600897,
                0.41651031894934337,
                0.386691776522285,
                0.4180522565320665
            ],
            "weighted": [
                0.0,
                0.08414238606795992,
                0.19253986484171184,
                0.24511842545951468,
                0.2766537893306971,
                0.4107399268481945,
                0.37451831996823237,
                0.4132515747357906
            ]
        }
    },
    "test": {
        "loss": [
            2.4035847783088684,
            2.186608299612999,
            1.965830385684967,
            1.9785896986722946,
            1.9767456203699112,
            1.9515871852636337,
            1.983267068862915,
            2.0813592672348022
        ],
        "accuracy": {
            "macro": [
                0.8981681034482758,
                0.8987068965517241,
                0.9030172413793102,
                0.900323275862069,
                0.8960129310344827,
                0.8938577586206896,
                0.8911637931034482,
                0.8922413793103448
            ],
            "micro": [
                0.8981681034482759,
                0.8987068965517241,
                0.9030172413793104,
                0.900323275862069,
                0.8960129310344828,
                0.8938577586206896,
                0.8911637931034483,
                0.8922413793103449
            ]
        },