{
    "train": {
        "loss": [
            56.53116798400879,
            43.72665420174599,
            36.97039099037647,
            32.26706637442112,
            28.37757433950901,
            24.69824507832527,
            20.830778568983078,
            18.346295401453972
        ],
        "accuracy": {
            "macro": [
                0.8470246160794942,
                0.8778969957081545,
                0.8925429184549357,
                0.9037285407725322,
                0.9166040772532188,
                0.9313036480686696,
                0.9432403433476395,
                0.9524141630901288
            ],
            "micro": [
                0.8470246160794941,
                0.8778969957081545,
                0.8925429184549356,
                0.9037285407725322,
                0.9166040772532189,
                0.9313036480686695,
                0.9432403433476395,
                0.9524141630901287
            ]
        },
        "precision": {
            "macro": [
                0.11564252792794084,
                0.476846693245322,
                0.5941136108990286,
                0.7254385165775474,
                0.780037769714044,
                0.8396626378873278,
                0.8638437538209288,
                0.8785113375905038
            ],
            "micro": [
                0.14604948124501196,
                0.7380191693290735,
                0.8032936870997255,
                0.7946577629382304,
                0.8010244286840031,
                0.8347266881028939,
                0.8614997202014549,
                0.8756180067655478
            ]
        },
        "recall": {
            "macro": [
                0.034710379681983275,
                0.03928050771289282,
                0.17571692452697135,
                0.3050467310239272,
                0.4292836255515756,
                0.572604808617326,
                0.6742311286892566,
                0.7402780468026122
            ],
            "micro": [
                0.040379523389232126,
                0.04913848117421825,
                0.1880488327264939,
                0.3072289156626506,
                0.4384300194091007,
                0.559121257807452,
                0.6551063829787234,
                0.7219480798111994
            ]
        },
        "f1": {
            "macro": [
                0.047597829851195886,
                0.060709592225869725,
                0.24011365660241238,
                0.37511210336181766,
                0.5072851758010245,
                0.6582687462940854,
                0.7445804968278753,
                0.7944573594498535
            ],
            "micro": [
                0.06326707000864304,
                0.09214200239329876,
                0.3047552933009372,
                0.4431342125678821,
                0.5666898954703833,
                0.6696762543531536,
                0.7442591249697849,
                0.7913922859830669
            ]
        }
    },
    "val": {
        "loss": [
            10.148566663265228,
            9.095957040786743,
            8.735619470477104,
            8.541431456804276,
            8.413986131548882,
            8.718776896595955,
            8.699748829007149,
            9.014415875077248
        ],
        "accuracy": {
            "macro": [
                0.8991425992779783,
                0.8998194945848376,
                0.8976759927797834,
                0.8973375451263539,
                0.8935018050541518,
                0.8889891696750903,
                0.8928249097472926,
                0.8854918772563176
            ],
            "micro": [
                0.8991425992779783,
                0.8998194945848376,
                0.8976759927797834,
                0.8973375451263538,
                0.8935018050541517,
                0.8889891696750902,
                0.8928249097472925,
                0.8854918772563177
            ]
        },
        "precision": {
            "macro": [
                0.0,
                0.13027845777233782,
                0.27042863890142116,
                0.4407974413418537,
                0.518104375202781,
                0.4746348273609258,
                0.47713004513030366,
                0.4558831004813161
            ],
            "micro": [
                0,
                0.5441176470588235,
                0.4462809917355372,
                0.4817351598173516,
                0.45136186770428016,
                0.42765273311897106,
                0.45286195286195285,
                0.4211212516297262
            ],
            "weighted": [
                0.0,
                0.22192923127755917,
                0.30873418095219357,
                0.4781209347825932,
                0.44766736162972215,
                0.44126785082487224,
                0.455530418867253,
                0.43835816740729017
            ]
        },
        "recall": {
            "macro": [
                0.0,
                0.029236054538505828,
                0.12618684861597,
                0.2293320831435281,
                0.2380024031348848,
                0.3047907195147418,
                0.35955381616432197,
                0.35749393829473647
            ],
            "micro": [
                0.0,
                0.04138702460850112,
                0.06040268456375839,
                0.2360178970917226,
                0.2595078299776286,
                0.2975391498881432,
                0.30089485458612975,
                0.36129753914988816
            ],
            "weighted": [
                0.0,
                0.04138702460850112,
                0.06040268456375839,
                0.2360178970917226,
                0.2595078299776286,
                0.2975391498881432,
                0.30089485458612975,
                0.36129753914988816
            ]
        },
        "f1": {
            "macro": [
                0.0,
                0.04266862170087976,
                0.1379054019746074,
                0.2584388053893421,
                0.29352027369484857,
                0.35643037745805917,
                0.3847415906083867,
                0.38613242379209284
            ],
            "micro": [
                0,
                0.07692307692307693,
                0.10640394088669952,
                0.31681681681681684,
                0.32954545454545453,
                0.35092348284960423,
                0.3615591397849462,
                0.38892233594220355
            ],
            "weighted": [
                0.0,
                0.06421303312405283,
                0.07283287657125775,
                0.27316239960446675,
                0.3056310828352944,
                0.34283175753239403,
                0.3436808056851293,
                0.38304016658728923
            ]
        }
    },
    "test": {
        "loss": [
            2.371933162212372,
            2.1597727686166763,
            2.053917557001114,
            2.0109774470329285,
            1.9989891797304153,
            2.066420629620552,
            2.0270263850688934,
            2.188101142644882
        ],
        "accuracy": {
            "macro": [
                0.8976293103448274,
                0.8992456896551724,
                0.8965517241379309,
                0.9014008620689653,
                0.902478448275862,
                0.8884698275862067,
                0.8976293103448274,
                0.8863146551724138
            ],
            "micro": [
                0.8976293103448276,
                0.8992456896551724,
                0.896551724137931,
                0.9014008620689655,
                0.9024784482758621,
                0.8884698275862069,
                0.8976293103448276,
                0.8863146551724138
            ]
        },