{
    "train": {
        "loss": [
            1204.9545070703607
        ],
        "accuracy": {
            "macro": [
                0.9712990181966621
            ],
            "micro": [
                0.971299018196662
            ]
        },
        "precision": {
            "macro": [
                0.8620728974657619
            ],
            "micro": [
                0.9259185633625397
            ]
        },
        "recall": {
            "macro": [
                0.6979395547510198
            ],
            "micro": [
                0.8688378245911235
            ]
        },
        "f1": {
            "macro": [
                0.7559763567046305
            ],
            "micro": [
                0.896470491193167
            ]
        }
    },
    "val": {
        "loss": [
            244.05075993339415
        ],
        "accuracy": {
            "macro": [
                0.9764245016183962
            ],
            "micro": [
                0.9764245016183961
            ]
        },
        "precision": {
            "macro": [
                0.8733804117841826
            ],
            "micro": [
                0.9370458022566456
            ],
            "weighted": [
                0.9363019091576099
            ]
        },
        "recall": {
            "macro": [
                0.7489560924010936
            ],
            "micro": [
                0.8953142665717516
            ],
            "weighted": [
                0.8953142665717516
            ]
        },
        "f1": {
            "macro": [
                0.7966667353893959
            ],
            "micro": [
                0.9157048218453793
            ],
            "weighted": [
                0.9139123276734881
            ]
        }
    },
    "test": {
        "loss": [
            1.1972041428089142
        ],
        "accuracy": {
            "macro": [
                0.7524630541871922
            ],
            "micro": [
                0.7524630541871922
            ]
        },
        "precision": {
            "macro": [
                0.7151020408163264
            ],
            "micro": [
                0.425
            ],
            "weighted": [
                0.874920634920635
            ]
        },
        "recall": {
            "macro": [
                0.20765587459135842
            ],
            "micro": [
                0.17989417989417988
            ],
            "weighted": [
                0.17989417989417988
            ]
        },
        "f1": {
            "macro": [
                0.20172208743637318
            ],
            "micro": [
                0.2527881040892193
            ],
            "weighted": [
                0.2334286524762715
            ]
        }
    }
}