{
    "train": {
        "loss": [
            1201.7989004510455
        ],
        "accuracy": {
            "macro": [
                0.9715151399660804
            ],
            "micro": [
                0.9715151399660804
            ]
        },
        "precision": {
            "macro": [
                0.8660810602666167
            ],
            "micro": [
                0.9273985153643939
            ]
        },
        "recall": {
            "macro": [
                0.6997559640364415
            ],
            "micro": [
                0.8688654233036355
            ]
        },
        "f1": {
            "macro": [
                0.7593530211286722
            ],
            "micro": [
                0.8971782890890242
            ]
        }
    },
    "val": {
        "loss": [
            240.09440000038012
        ],
        "accuracy": {
            "macro": [
                0.9766979074449748
            ],
            "micro": [
                0.9766979074449748
            ]
        },
        "precision": {
            "macro": [
                0.872960102001952
            ],
            "micro": [
                0.9348422089559324
            ],
            "weighted": [
                0.9341840403213716
            ]
        },
        "recall": {
            "macro": [
                0.7511421497831086
            ],
            "micro": [
                0.8997486958839432
            ],
            "weighted": [
                0.8997486958839432
            ]
        },
        "f1": {
            "macro": [
                0.7985432102475668
            ],
            "micro": [
                0.9169598041136902
            ],
            "weighted": [
                0.9148962892213505
            ]
        }
    },
    "test": {
        "loss": [
            1.2250192165374756
        ],
        "accuracy": {
            "macro": [
                0.7549261083743842
            ],
            "micro": [
                0.7549261083743842
            ]
        },
        "precision": {
            "macro": [
                0.665976535541753
            ],
            "micro": [
                0.4358974358974359
            ],
            "weighted": [
                0.8550469033560821
            ]
        },
        "recall": {
            "macro": [
                0.21987383456277465
            ],
            "micro": [
                0.17989417989417988
            ],
            "weighted": [
                0.17989417989417988
            ]
        },
        "f1": {
            "macro": [
                0.2305593702408055
            ],
            "micro": [
                0.2546816479400749
            ],
            "weighted": [
                0.23546092030237412
            ]
        }
    }
}