{
    "train": {
        "loss": [
            1752.8877035398036
        ],
        "accuracy": {
            "macro": [
                0.958318581268764
            ],
            "micro": [
                0.9583185812687639
            ]
        },
        "precision": {
            "macro": [
                0.9081304928835457
            ],
            "micro": [
                0.9061965250461941
            ]
        },
        "recall": {
            "macro": [
                0.8374516248707559
            ],
            "micro": [
                0.8374767063745893
            ]
        },
        "f1": {
            "macro": [
                0.8706708767313578
            ],
            "micro": [
                0.8704824590389578
            ]
        }
    },
    "val": {
        "loss": [
            311.11402049520984
        ],
        "accuracy": {
            "macro": [
                0.9702245710455079
            ],
            "micro": [
                0.9702245710455079
            ]
        },
        "precision": {
            "macro": [
                0.8320282954081929
            ],
            "micro": [
                0.9227850600126343
            ],
            "weighted": [
                0.9316684947413746
            ]
        },
        "recall": {
            "macro": [
                0.8634826355343924
            ],
            "micro": [
                0.896469324741576
            ],
            "weighted": [
                0.896469324741576
            ]
        },
        "f1": {
            "macro": [
                0.8417528470041772
            ],
            "micro": [
                0.9094368622262864
            ],
            "weighted": [
                0.9120398109966943
            ]
        }
    },
    "test": {
        "loss": [
            1.2595956325531006
        ],
        "accuracy": {
            "macro": [
                0.7557471264367815
            ],
            "micro": [
                0.7557471264367817
            ]
        },
        "precision": {
            "macro": [
                0.7890816326530611
            ],
            "micro": [
                0.5887850467289719
            ],
            "weighted": [
                0.8595151711478242
            ]
        },
        "recall": {
            "macro": [
                0.36648967072354166
            ],
            "micro": [
                0.3333333333333333
            ],
            "weighted": [
                0.3333333333333333
            ]
        },
        "f1": {
            "macro": [
                0.3846075345776953
            ],
            "micro": [
                0.42567567567567566
            ],
            "weighted": [
                0.41819227361829175
            ]
        }
    }
}