{
    "train": {
        "loss": [
            1196.4959248770028
        ],
        "accuracy": {
            "macro": [
                0.9715943854095676
            ],
            "micro": [
                0.9715943854095674
            ]
        },
        "precision": {
            "macro": [
                0.8661424980136834
            ],
            "micro": [
                0.9273169984095423
            ]
        },
        "recall": {
            "macro": [
                0.6987424758835971
            ],
            "micro": [
                0.8695379068999418
            ]
        },
        "f1": {
            "macro": [
                0.7577862196139759
            ],
            "micro": [
                0.8974984896634036
            ]
        }
    },
    "val": {
        "loss": [
            242.04958415869623
        ],
        "accuracy": {
            "macro": [
                0.9765263149298059
            ],
            "micro": [
                0.976526314929806
            ]
        },
        "precision": {
            "macro": [
                0.8791215022428999
            ],
            "micro": [
                0.935798059177234
            ],
            "weighted": [
                0.9352313445578343
            ]
        },
        "recall": {
            "macro": [
                0.7553059117891285
            ],
            "micro": [
                0.8974638108687295
            ],
            "weighted": [
                0.8974638108687295
            ]
        },
        "f1": {
            "macro": [
                0.7991289550051471
            ],
            "micro": [
                0.9162301426928219
            ],
            "weighted": [
                0.9143690114538844
            ]
        }
    },
    "test": {
        "loss": [
            1.129776120185852
        ],
        "accuracy": {
            "macro": [
                0.7697044334975368
            ],
            "micro": [
                0.7697044334975369
            ]
        },
        "precision": {
            "macro": [
                0.7223252937538652
            ],
            "micro": [
                0.5135135135135135
            ],
            "weighted": [
                0.9177718225337274
            ]
        },
        "recall": {
            "macro": [
                0.23105077845861258
            ],
            "micro": [
                0.20105820105820105
            ],
            "weighted": [
                0.20105820105820105
            ]
        },
        "f1": {
            "macro": [
                0.25243557318109894
            ],
            "micro": [
                0.2889733840304183
            ],
            "weighted": [
                0.272634937331891
            ]
        }
    }
}