{
    "train": {
        "loss": [
            1200.3565755658783
        ],
        "accuracy": {
            "macro": [
                0.9715617180680481
            ],
            "micro": [
                0.971561718068048
            ]
        },
        "precision": {
            "macro": [
                0.8629766270792768
            ],
            "micro": [
                0.9278352401629546
            ]
        },
        "recall": {
            "macro": [
                0.6968501383986008
            ],
            "micro": [
                0.8687319536414387
            ]
        },
        "f1": {
            "macro": [
                0.7562489767378949
            ],
            "micro": [
                0.8973114099197973
            ]
        }
    },
    "val": {
        "loss": [
            239.57231062281062
        ],
        "accuracy": {
            "macro": [
                0.9767255859029398
            ],
            "micro": [
                0.9767255859029398
            ]
        },
        "precision": {
            "macro": [
                0.8713232311128366
            ],
            "micro": [
                0.9354339252055185
            ],
            "weighted": [
                0.934401885866963
            ]
        },
        "recall": {
            "macro": [
                0.7580994758020759
            ],
            "micro": [
                0.899329957741653
            ],
            "weighted": [
                0.899329957741653
            ]
        },
        "f1": {
            "macro": [
                0.8039550925843016
            ],
            "micro": [
                0.9170267196167717
            ],
            "weighted": [
                0.9151923174299804
            ]
        }
    },
    "test": {
        "loss": [
            1.1268184781074524
        ],
        "accuracy": {
            "macro": [
                0.7721674876847292
            ],
            "micro": [
                0.7721674876847291
            ]
        },
        "precision": {
            "macro": [
                0.6201988487702774
            ],
            "micro": [
                0.5256410256410257
            ],
            "weighted": [
                0.8140395759443377
            ]
        },
        "recall": {
            "macro": [
                0.23274787168796385
            ],
            "micro": [
                0.21693121693121692
            ],
            "weighted": [
                0.21693121693121692
            ]
        },
        "f1": {
            "macro": [
                0.27226601736537964
            ],
            "micro": [
                0.3071161048689139
            ],
            "weighted": [
                0.29847640737020537
            ]
        }
    }
}