{
    "train": {
        "loss": [
            1769.9742273278534
        ],
        "accuracy": {
            "macro": [
                0.9578634256549603
            ],
            "micro": [
                0.9578634256549603
            ]
        },
        "precision": {
            "macro": [
                0.9076191777760685
            ],
            "micro": [
                0.9056604360659887
            ]
        },
        "recall": {
            "macro": [
                0.8349119931339372
            ],
            "micro": [
                0.8350110878102938
            ]
        },
        "f1": {
            "macro": [
                0.8690706097826629
            ],
            "micro": [
                0.868902024917546
            ]
        }
    },
    "val": {
        "loss": [
            308.5332231145585
        ],
        "accuracy": {
            "macro": [
                0.9703001646472749
            ],
            "micro": [
                0.9703001646472749
            ]
        },
        "precision": {
            "macro": [
                0.8288413525077836
            ],
            "micro": [
                0.9231142841347938
            ],
            "weighted": [
                0.9304110995974461
            ]
        },
        "recall": {
            "macro": [
                0.8615273670632577
            ],
            "micro": [
                0.8965999961646883
            ],
            "weighted": [
                0.8965999961646883
            ]
        },
        "f1": {
            "macro": [
                0.8404095981875428
            ],
            "micro": [
                0.9096639759057241
            ],
            "weighted": [
                0.9118892982744707
            ]
        }
    },
    "test": {
        "loss": [
            1.0547424852848053
        ],
        "accuracy": {
            "macro": [
                0.7887931034482758
            ],
            "micro": [
                0.7887931034482759
            ]
        },
        "precision": {
            "macro": [
                0.6704109062980032
            ],
            "micro": [
                0.7019230769230769
            ],
            "weighted": [
                0.7220667837027284
            ]
        },
        "recall": {
            "macro": [
                0.349940426956556
            ],
            "micro": [
                0.3862433862433862
            ],
            "weighted": [
                0.3862433862433862
            ]
        },
        "f1": {
            "macro": [
                0.3822493741098392
            ],
            "micro": [
                0.4982935153583617
            ],
            "weighted": [
                0.4555873132100522
            ]
        }
    }
}