{
    "train": {
        "loss": [
            1728.3408394474536
        ],
        "accuracy": {
            "macro": [
                0.9587845706037808
            ],
            "micro": [
                0.9587845706037809
            ]
        },
        "precision": {
            "macro": [
                0.9092187643184476
            ],
            "micro": [
                0.9074908454644072
            ]
        },
        "recall": {
            "macro": [
                0.8390676185121926
            ],
            "micro": [
                0.8390959125209881
            ]
        },
        "f1": {
            "macro": [
                0.8720765687098216
            ],
            "micro": [
                0.8719542337051969
            ]
        }
    },
    "val": {
        "loss": [
            323.0880414717103
        ],
        "accuracy": {
            "macro": [
                0.9691141251784644
            ],
            "micro": [
                0.9691141251784645
            ]
        },
        "precision": {
            "macro": [
                0.8224350401795455
            ],
            "micro": [
                0.919996362572452
            ],
            "weighted": [
                0.9293843352129624
            ]
        },
        "recall": {
            "macro": [
                0.8645328795285767
            ],
            "micro": [
                0.8924219819667792
            ],
            "weighted": [
                0.8924219819667792
            ]
        },
        "f1": {
            "macro": [
                0.8384306368671903
            ],
            "micro": [
                0.9059994120704659
            ],
            "weighted": [
                0.9089434556514873
            ]
        }
    },
    "test": {
        "loss": [
            1.1046848893165588
        ],
        "accuracy": {
            "macro": [
                0.7816091954022988
            ],
            "micro": [
                0.7816091954022989
            ]
        },
        "precision": {
            "macro": [
                0.8379372019077902
            ],
            "micro": [
                0.6761904761904762
            ],
            "weighted": [
                0.8888436756083815
            ]
        },
        "recall": {
            "macro": [
                0.37201699883151496
            ],
            "micro": [
                0.37566137566137564
            ],
            "weighted": [
                0.37566137566137564
            ]
        },
        "f1": {
            "macro": [
                0.4057160287018395
            ],
            "micro": [
                0.48299319727891155
            ],
            "weighted": [
                0.4573790674927516
            ]
        }
    }
}