{
    "train": {
        "loss": [
            1198.0724511118606
        ],
        "accuracy": {
            "macro": [
                0.9715746488907329
            ],
            "micro": [
                0.9715746488907328
            ]
        },
        "precision": {
            "macro": [
                0.8679690706483247
            ],
            "micro": [
                0.9272161501916674
            ]
        },
        "recall": {
            "macro": [
                0.6988994655669359
            ],
            "micro": [
                0.8694965680284151
            ]
        },
        "f1": {
            "macro": [
                0.757647189615188
            ],
            "micro": [
                0.8974292353324569
            ]
        }
    },
    "val": {
        "loss": [
            238.43626897597278
        ],
        "accuracy": {
            "macro": [
                0.9768317548640356
            ],
            "micro": [
                0.9768317548640356
            ]
        },
        "precision": {
            "macro": [
                0.8728866608066456
            ],
            "micro": [
                0.9322496417142745
            ],
            "weighted": [
                0.9323700799220527
            ]
        },
        "recall": {
            "macro": [
                0.7568046611445352
            ],
            "micro": [
                0.9037103011479553
            ],
            "weighted": [
                0.9037103011479553
            ]
        },
        "f1": {
            "macro": [
                0.8010992937485228
            ],
            "micro": [
                0.917758154511
            ],
            "weighted": [
                0.9160835264984767
            ]
        }
    },
    "test": {
        "loss": [
            1.3538228869438171
        ],
        "accuracy": {
            "macro": [
                0.7339901477832511
            ],
            "micro": [
                0.7339901477832512
            ]
        },
        "precision": {
            "macro": [
                0.612026862026862
            ],
            "micro": [
                0.3333333333333333
            ],
            "weighted": [
                0.7926219870664315
            ]
        },
        "recall": {
            "macro": [
                0.17978216100335917
            ],
            "micro": [
                0.14285714285714285
            ],
            "weighted": [
                0.14285714285714285
            ]
        },
        "f1": {
            "macro": [
                0.17744278332513624
            ],
            "micro": [
                0.2
            ],
            "weighted": [
                0.1818463145260531
            ]
        }
    }
}