{
    "train": {
        "loss": [
            1732.3306900709867
        ],
        "accuracy": {
            "macro": [
                0.9587771750081077
            ],
            "micro": [
                0.9587771750081077
            ]
        },
        "precision": {
            "macro": [
                0.9091261300253689
            ],
            "micro": [
                0.9072245617734557
            ]
        },
        "recall": {
            "macro": [
                0.8392848447257175
            ],
            "micro": [
                0.8393148302041605
            ]
        },
        "f1": {
            "macro": [
                0.8721245851528477
            ],
            "micro": [
                0.8719494475984778
            ]
        }
    },
    "val": {
        "loss": [
            322.7910612595733
        ],
        "accuracy": {
            "macro": [
                0.9689792764475079
            ],
            "micro": [
                0.9689792764475079
            ]
        },
        "precision": {
            "macro": [
                0.8204465952661271
            ],
            "micro": [
                0.9203936343431702
            ],
            "weighted": [
                0.9305769669377266
            ]
        },
        "recall": {
            "macro": [
                0.8613368580110022
            ],
            "micro": [
                0.8910652986863553
            ],
            "weighted": [
                0.8910652986863553
            ]
        },
        "f1": {
            "macro": [
                0.833183428568273
            ],
            "micro": [
                0.9054920470357133
            ],
            "weighted": [
                0.9086835840881776
            ]
        }
    },
    "test": {
        "loss": [
            1.1244480609893799
        ],
        "accuracy": {
            "macro": [
                0.7859195402298851
            ],
            "micro": [
                0.7859195402298851
            ]
        },
        "precision": {
            "macro": [
                0.8306691934797238
            ],
            "micro": [
                0.7040816326530612
            ],
            "weighted": [
                0.8848309910395354
            ]
        },
        "recall": {
            "macro": [
                0.37138015807370645
            ],
            "micro": [
                0.36507936507936506
            ],
            "weighted": [
                0.36507936507936506
            ]
        },
        "f1": {
            "macro": [
                0.4008665686762267
            ],
            "micro": [
                0.48083623693379784
            ],
            "weighted": [
                0.44385964451377435
            ]
        }
    }
}