{
    "train": {
        "loss": [
            1755.1830529579893
        ],
        "accuracy": {
            "macro": [
                0.9581610258555565
            ],
            "micro": [
                0.9581610258555566
            ]
        },
        "precision": {
            "macro": [
                0.9080363908088049
            ],
            "micro": [
                0.9062201868883942
            ]
        },
        "recall": {
            "macro": [
                0.8364122566788726
            ],
            "micro": [
                0.8364174366966074
            ]
        },
        "f1": {
            "macro": [
                0.8701052642931133
            ],
            "micro": [
                0.8699208091703855
            ]
        }
    },
    "val": {
        "loss": [
            330.6639807177562
        ],
        "accuracy": {
            "macro": [
                0.9685411125652608
            ],
            "micro": [
                0.9685411125652609
            ]
        },
        "precision": {
            "macro": [
                0.8170737908855755
            ],
            "micro": [
                0.9175799879978522
            ],
            "weighted": [
                0.9283934893161399
            ]
        },
        "recall": {
            "macro": [
                0.863789889656078
            ],
            "micro": [
                0.8914340069884203
            ],
            "weighted": [
                0.8914340069884203
            ]
        },
        "f1": {
            "macro": [
                0.8326495221354206
            ],
            "micro": [
                0.9043180513808231
            ],
            "weighted": [
                0.9076892100121621
            ]
        }
    },
    "test": {
        "loss": [
            1.1124227046966553
        ],
        "accuracy": {
            "macro": [
                0.7816091954022989
            ],
            "micro": [
                0.7816091954022989
            ]
        },
        "precision": {
            "macro": [
                0.8149529569892473
            ],
            "micro": [
                0.6761904761904762
            ],
            "weighted": [
                0.8627101467827275
            ]
        },
        "recall": {
            "macro": [
                0.3738811591634172
            ],
            "micro": [
                0.37566137566137564
            ],
            "weighted": [
                0.37566137566137564
            ]
        },
        "f1": {
            "macro": [
                0.39130382828264626
            ],
            "micro": [
                0.48299319727891155
            ],
            "weighted": [
                0.4425591479284184
            ]
        }
    }
}