{
    "train": {
        "loss": [
            77.40206208825111,
            52.58849334716797,
            39.703064411878586,
            29.689243830740452,
            24.40508358180523,
            19.903709419071674,
            15.788108117878437,
            13.359007839113474
        ],
        "accuracy": {
            "macro": [
                0.7180819030412525,
                0.8359084406294707,
                0.8836909871244635,
                0.9203147353361946,
                0.9324034334763948,
                0.9448497854077252,
                0.9575822603719599,
                0.963376251788269
            ],
            "micro": [
                0.7180819030412526,
                0.8359084406294707,
                0.8836909871244635,
                0.9203147353361946,
                0.9324034334763949,
                0.9448497854077254,
                0.9575822603719599,
                0.9633762517882689
            ]
        },
        "precision": {
            "macro": [
                0.49513715824229565,
                0.7735323914295437,
                0.8230510238167463,
                0.8769106299966033,
                0.8984073441757628,
                0.9161082651028484,
                0.9384691404592586,
                0.9419087675480173
            ],
            "micro": [
                0.6131764705882353,
                0.7773075905845015,
                0.8280927243516181,
                0.8797640653357531,
                0.8960517510595584,
                0.9136931311329171,
                0.9328391734052112,
                0.9396725723256335
            ]
        },
        "recall": {
            "macro": [
                0.209048969374681,
                0.6089192524161783,
                0.7806427247430826,
                0.861464092540355,
                0.8866841235409003,
                0.9132407230714293,
                0.9325722847866147,
                0.9450603005011953
            ],
            "micro": [
                0.308329389493611,
                0.6693236164882714,
                0.8044593088071349,
                0.8691169878978037,
                0.8934608540925267,
                0.9143048426690471,
                0.9338880143917248,
                0.9451838484096549
            ]
        },
        "f1": {
            "macro": [
                0.24046016525821737,
                0.669572989185279,
                0.7991515246536443,
                0.8686200673716559,
                0.8916606357771908,
                0.9143023194686491,
                0.9351046147706689,
                0.9433632518735044
            ],
            "micro": [
                0.41032908203432533,
                0.7192853646598141,
                0.8161049536304003,
                0.8744081172491545,
                0.8947544269963248,
                0.9139988845510317,
                0.9333632992471065,
                0.9424201529464686
            ]
        }
    },
    "val": {
        "loss": [
            14.955608248710632,
            13.824957847595215,
            13.412250310182571,
            14.543170630931854,
            14.977693229913712,
            14.781165108084679,
            15.877627208828926,
            16.75935350358486
        ],
        "accuracy": {
            "macro": [
                0.8203971119133574,
                0.8209987966305655,
                0.8282190132370638,
                0.8234055354993983,
                0.8330324909747292,
                0.839049338146811,
                0.8396510228640192,
                0.8342358604091457
            ],
            "micro": [
                0.8203971119133574,
                0.8209987966305656,
                0.8282190132370638,
                0.8234055354993983,
                0.8330324909747292,
                0.839049338146811,
                0.8396510228640193,
                0.8342358604091457
            ]
        },
        "precision": {
            "macro": [
                0.7571463699371073,
                0.602298855217083,
                0.5995054311469598,
                0.5696686181299369,
                0.5967093885991389,
                0.6089144900584872,
                0.6209114348986425,
                0.5926894186993897
            ],
            "micro": [
                0.6989664082687338,
                0.6631578947368421,
                0.6718106995884774,
                0.6464088397790055,
                0.6695736434108527,
                0.6789168278529981,
                0.6878787878787879,
                0.6705202312138728
            ],
            "weighted": [
                0.7360914248343329,
                0.6846168252870363,
                0.6852766703974518,
                0.6496909850221932,
                0.6799282223460815,
                0.6754418385844143,
                0.698755946770912,
                0.6730514060375135
            ]
        },
        "recall": {
            "macro": [
                0.4513256643367076,
                0.6377509232361206,
                0.6591244751489113,
                0.6904503886881707,
                0.6834116626116157,
                0.6552401702307716,
                0.685032954070783,
                0.6831383026695526
            ],
            "micro": [
                0.5977900552486188,
                0.6961325966850829,
                0.7215469613259669,
                0.7756906077348066,
                0.7635359116022099,
                0.7756906077348066,
                0.7524861878453039,
                0.7690607734806629
            ],
            "weighted": [
                0.5977900552486188,
                0.6961325966850829,
                0.7215469613259669,
                0.7756906077348066,
                0.7635359116022099,
                0.7756906077348066,
                0.7524861878453039,
                0.7690607734806629
            ]
        },
        "f1": {
            "macro": [
                0.48440237097605116,
                0.6146866870598896,
                0.6253241951238416,
                0.6216162974710785,
                0.6316236906129119,
                0.6249865323918512,
                0.6488554973825708,
                0.6335644862718123
            ],
            "micro": [
                0.6444312090530077,
                0.6792452830188679,
                0.6957911561001598,
                0.7051732797589152,
                0.7134744450180692,
                0.7240845796802476,
                0.7187335092348285,
                0.7164179104477612
            ],
            "weighted": [
                0.6086217577163525,
                0.6879317415847138,
                0.6989657753843812,
                0.7048701386688335,
                0.7151352653544684,
                0.718449265434795,
                0.7225456414509897,
                0.7164334279701573
            ]
        }
    },
    "test": {
        "loss": [
            3.5116323828697205,
            3.091766744852066,
            2.8913838267326355,
            3.1678659915924072,
            3.2932360768318176,
            3.170025497674942,
            3.1737551391124725,
            3.2430664896965027
        ],
        "accuracy": {
            "macro": [
                0.8117816091954023,
                0.8390804597701149,
                0.8433908045977012,
                0.8390804597701149,
                0.8462643678160919,
                0.853448275862069,
                0.8491379310344827,
                0.8577586206896551
            ],
            "micro": [
                0.8117816091954023,
                0.8390804597701149,
                0.8433908045977011,
                0.8390804597701149,
                0.8462643678160919,
                0.853448275862069,
                0.8491379310344828,
                0.8577586206896551
            ]
        },