{
    "train": {
        "loss": [
            77.81984171271324,
            56.791914999485016,
            42.98912489414215,
            33.39124694466591,
            27.268914259970188,
            22.21698272973299,
            16.53399659320712,
            14.111368287354708
        ],
        "accuracy": {
            "macro": [
                0.7192863595302619,
                0.8194563662374822,
                0.8710300429184548,
                0.9051502145922746,
                0.9253218884120171,
                0.9402002861230331,
                0.955722460658083,
                0.9623748211731044
            ],
            "micro": [
                0.719286359530262,
                0.8194563662374821,
                0.871030042918455,
                0.9051502145922746,
                0.9253218884120171,
                0.9402002861230329,
                0.955722460658083,
                0.9623748211731045
            ]
        },
        "precision": {
            "macro": [
                0.46827851010297855,
                0.7471956339766818,
                0.7997225872607516,
                0.8578815719757422,
                0.8858050827253635,
                0.907252780351517,
                0.9302036846107314,
                0.9409849825694135
            ],
            "micro": [
                0.6108676599474145,
                0.7731657410114001,
                0.8105288119516244,
                0.8598302362927277,
                0.8857336037863421,
                0.9088429188451921,
                0.9297848244620611,
                0.9381396406640892
            ]
        },
        "recall": {
            "macro": [
                0.2152872613119529,
                0.5288511838994192,
                0.740587190142417,
                0.8201517077366013,
                0.8733524921549948,
                0.8984245070748406,
                0.9294940217934226,
                0.9399232755224523
            ],
            "micro": [
                0.3291617473435655,
                0.6020942408376964,
                0.7729534147444596,
                0.839793860631862,
                0.8797850906648758,
                0.90187232122716,
                0.9299954689623924,
                0.9419958894724823
            ]
        },
        "f1": {
            "macro": [
                0.22666234172856947,
                0.6002855428044355,
                0.7661383886062557,
                0.8372381630812491,
                0.8790630454492816,
                0.9024590786739032,
                0.9294988535474008,
                0.9403777434320492
            ],
            "micro": [
                0.42780420438852235,
                0.67699001791656,
                0.7912952888065748,
                0.8496939469508048,
                0.8827493261455525,
                0.9053442028985508,
                0.9298901347831012,
                0.9400638103919782
            ]
        }
    },
    "val": {
        "loss": [
            15.429504215717316,
            14.357193380594254,
            13.056854218244553,
            13.979876458644867,
            13.886509224772453,
            14.930437535047531,
            15.063525035977364,
            15.427821651101112
        ],
        "accuracy": {
            "macro": [
                0.8095667870036101,
                0.8128760529482552,
                0.8378459687123948,
                0.8336341756919374,
                0.8426594464500602,
                0.8384476534296029,
                0.8411552346570398,
                0.8447653429602888
            ],
            "micro": [
                0.8095667870036101,
                0.8128760529482552,
                0.8378459687123947,
                0.8336341756919374,
                0.8426594464500602,
                0.8384476534296029,
                0.8411552346570397,
                0.8447653429602888
            ]
        },
        "precision": {
            "macro": [
                0.5917027472019502,
                0.5915736985190827,
                0.6566261347091883,
                0.6229705111449446,
                0.6487819037251885,
                0.648728850748846,
                0.629290926609717,
                0.6760637036661244
            ],
            "micro": [
                0.73,
                0.6442211055276382,
                0.6927083333333334,
                0.6688804554079696,
                0.6945564516129032,
                0.6871227364185111,
                0.6840579710144927,
                0.7124324324324325
            ],
            "weighted": [
                0.6805674101601804,
                0.6664997532188313,
                0.7074114080871173,
                0.6846736511992559,
                0.7128366499387259,
                0.7176897325411036,
                0.6887764875605783,
                0.7365040562119687
            ]
        },
        "recall": {
            "macro": [
                0.33280405000894386,
                0.6547250950110648,
                0.6722609759761387,
                0.7352081350535524,
                0.7176848378499185,
                0.7206858015206944,
                0.7062452084621748,
                0.7033762898755477
            ],
            "micro": [
                0.48184818481848185,
                0.7051705170517052,
                0.7315731573157316,
                0.7755775577557755,
                0.757975797579758,
                0.7513751375137514,
                0.7788778877887789,
                0.724972497249725
            ],
            "weighted": [
                0.48184818481848185,
                0.7051705170517052,
                0.7315731573157316,
                0.7755775577557755,
                0.757975797579758,
                0.7513751375137514,
                0.7788778877887789,
                0.724972497249725
            ]
        },
        "f1": {
            "macro": [
                0.38463467389951816,
                0.6052910827666953,
                0.6545578847684578,
                0.6697685286377677,
                0.6728206404523936,
                0.6673287612652876,
                0.6627143319015117,
                0.6755369417516416
            ],
            "micro": [
                0.5805168986083499,
                0.6733193277310925,
                0.7116104868913857,
                0.7182883341823738,
                0.7248816412414519,
                0.7178139779295849,
                0.7283950617283952,
                0.7186477644492912
            ],
            "weighted": [
                0.5276106110296619,
                0.674303368444701,
                0.711560258961668,
                0.7232823975133037,
                0.731323876649108,
                0.7267713250084273,
                0.7278363869558448,
                0.7243788883969605
            ]
        }
    },
    "test": {
        "loss": [
            3.5930748879909515,
            3.360182374715805,
            2.8148308098316193,
            2.9223680943250656,
            2.86077843606472,
            3.2133416831493378,
            3.2771938741207123,
            3.080385133624077
        ],
        "accuracy": {
            "macro": [
                0.8031609195402298,
                0.8074712643678161,
                0.8362068965517242,
                0.846264367816092,
                0.8491379310344828,
                0.8376436781609194,
                0.8577586206896552,
                0.839080459770115
            ],
            "micro": [
                0.8031609195402298,
                0.8074712643678161,
                0.8362068965517241,
                0.8462643678160919,
                0.8491379310344828,
                0.8376436781609196,
                0.8577586206896551,
                0.8390804597701149
            ]
        },