{
    "train": {
        "loss": [
            76.9961504638195,
            52.93457081913948,
            40.27293023467064,
            30.041700787842274,
            23.88222835212946,
            19.355416856706142,
            14.416236739605665,
            12.590904425829649
        ],
        "accuracy": {
            "macro": [
                0.7191358024691358,
                0.8351216022889844,
                0.8834763948497854,
                0.9168097281831188,
                0.9344778254649498,
                0.9497138769670959,
                0.9630185979971388,
                0.9658798283261802
            ],
            "micro": [
                0.7191358024691358,
                0.8351216022889842,
                0.8834763948497855,
                0.9168097281831188,
                0.93447782546495,
                0.9497138769670959,
                0.9630185979971387,
                0.9658798283261802
            ]
        },
        "precision": {
            "macro": [
                0.6599508922271784,
                0.7700502037746983,
                0.8250428573041413,
                0.8717889995218674,
                0.8957575152721092,
                0.9235857575576757,
                0.9400971808865611,
                0.9495643066229781
            ],
            "micro": [
                0.6302851524090463,
                0.7810932136255612,
                0.8273584905660377,
                0.87313094698686,
                0.8935833709896068,
                0.9186252771618625,
                0.9374149659863945,
                0.9454133635334089
            ]
        },
        "recall": {
            "macro": [
                0.19426510201036828,
                0.6136650218822605,
                0.7827453749855376,
                0.8531943398195331,
                0.896471330600936,
                0.9248620980398209,
                0.9446246594780642,
                0.9478759338413321
            ],
            "micro": [
                0.3008683407650786,
                0.6671177266576455,
                0.7963677639046538,
                0.8647072021539152,
                0.8988636363636363,
                0.9249832551908909,
                0.9449142857142857,
                0.9464852607709751
            ]
        },
        "f1": {
            "macro": [
                0.21880870229329674,
                0.6746133881020614,
                0.8024350260949596,
                0.8617497440887655,
                0.8954743967293909,
                0.9241075101917361,
                0.9421733664573061,
                0.9486600162744372
            ],
            "micro": [
                0.40730738681493245,
                0.7196204841260188,
                0.8115673799884325,
                0.8688986585503325,
                0.8962157262633129,
                0.9217933029257982,
                0.9411496869664201,
                0.9459490084985834
            ]
        }
    },
    "val": {
        "loss": [
            15.1708604991436,
            12.709066569805145,
            13.499973475933075,
            13.77085566520691,
            14.59107318520546,
            14.50774870812893,
            14.983008742332458,
            15.888300061225891
        ],
        "accuracy": {
            "macro": [
                0.8071600481347775,
                0.835439229843562,
                0.8315282791817088,
                0.8273164861612514,
                0.828519855595668,
                0.8321299638989169,
                0.8387484957882071,
                0.8360409145607702
            ],
            "micro": [
                0.8071600481347774,
                0.835439229843562,
                0.8315282791817088,
                0.8273164861612515,
                0.8285198555956679,
                0.8321299638989169,
                0.838748495788207,
                0.8360409145607701
            ]
        },
        "precision": {
            "macro": [
                0.6978690017645937,
                0.6441952437593628,
                0.6279514124907545,
                0.6091185018897312,
                0.593801869005694,
                0.6183139129933901,
                0.6172008006356635,
                0.6157339432660199
            ],
            "micro": [
                0.7163934426229508,
                0.693304535637149,
                0.6628895184135978,
                0.6636993076162215,
                0.6510369702434626,
                0.6712734452122409,
                0.6775745909528392,
                0.6792828685258964
            ],
            "weighted": [
                0.7417480238945697,
                0.7022589442131153,
                0.6751074212884279,
                0.6824325108894312,
                0.6506599542992691,
                0.6800829050759438,
                0.6753631669719586,
                0.6831901310265485
            ]
        },
        "recall": {
            "macro": [
                0.36450332885545206,
                0.6582264539712098,
                0.7088584309919312,
                0.7006693269292312,
                0.7030596386562968,
                0.6976137920148547,
                0.692784093165702,
                0.678835261978334
            ],
            "micro": [
                0.48287292817679556,
                0.7093922651933702,
                0.7756906077348066,
                0.7414364640883978,
                0.7977900552486188,
                0.7513812154696132,
                0.7779005524861878,
                0.7535911602209945
            ],
            "weighted": [
                0.48287292817679556,
                0.7093922651933702,
                0.7756906077348066,
                0.7414364640883978,
                0.7977900552486188,
                0.7513812154696132,
                0.7779005524861878,
                0.7535911602209945
            ]
        },
        "f1": {
            "macro": [
                0.4240552398150526,
                0.6464513158623977,
                0.6564964836085093,
                0.6456573643845201,
                0.6374925997246781,
                0.6520412150837193,
                0.6503396710317844,
                0.6430679259853721
            ],
            "micro": [
                0.5768976897689768,
                0.7012561441835062,
                0.714867617107943,
                0.7004175365344467,
                0.7169811320754716,
                0.7090719499478623,
                0.7242798353909464,
                0.7145102147721321
            ],
            "weighted": [
                0.5298001748418384,
                0.7028102439856202,
                0.7165484537739333,
                0.7068966758382486,
                0.7130734241048815,
                0.7114275778288142,
                0.7217059346776705,
                0.7141882152137332
            ]
        }
    },
    "test": {
        "loss": [
            3.5637258887290955,
            3.083090841770172,
            3.1533140540122986,
            3.3056079149246216,
            3.398165464401245,
            3.4295036792755127,
            3.2541132867336273,
            3.456468880176544
        ],
        "accuracy": {
            "macro": [
                0.8060344827586207,
                0.8448275862068965,
                0.8362068965517241,
                0.8419540229885057,
                0.8462643678160919,
                0.8577586206896551,
                0.8548850574712644,
                0.860632183908046
            ],
            "micro": [
                0.8060344827586207,
                0.8448275862068966,
                0.8362068965517241,
                0.8419540229885057,
                0.8462643678160919,
                0.8577586206896551,
                0.8548850574712644,
                0.860632183908046
            ]
        },