{
    "train": {
        "loss": [
            77.29986473917961,
            51.91064773499966,
            39.90339766442776,
            30.153167486190796,
            24.968067526817322,
            19.230929292738438,
            15.4959502145648,
            13.378729715943336
        ],
        "accuracy": {
            "macro": [
                0.7203160270880361,
                0.8384813384813384,
                0.8809523809523809,
                0.9168454168454168,
                0.9326469326469327,
                0.950950950950951,
                0.9603174603174603,
                0.964964964964965
            ],
            "micro": [
                0.7203160270880361,
                0.8384813384813384,
                0.8809523809523809,
                0.9168454168454169,
                0.9326469326469327,
                0.950950950950951,
                0.9603174603174603,
                0.964964964964965
            ]
        },
        "precision": {
            "macro": [
                0.5205806463629884,
                0.783018746762862,
                0.8177658170091046,
                0.8684617326380915,
                0.8933967873297366,
                0.9206230326408154,
                0.9379647197579773,
                0.9442277543778913
            ],
            "micro": [
                0.6049933125278645,
                0.788037486218302,
                0.8280038759689923,
                0.8739884393063584,
                0.8944827586206896,
                0.9224471230384353,
                0.9355206197311461,
                0.9428506375227687
            ]
        },
        "recall": {
            "macro": [
                0.22147759790782398,
                0.5901308470687473,
                0.7570707265759032,
                0.846717269878316,
                0.8851198771833014,
                0.918694371167995,
                0.9381834227591558,
                0.945648811845646
            ],
            "micro": [
                0.3240210124164279,
                0.6573925040239136,
                0.7816144523210611,
                0.859481582537517,
                0.8895747599451304,
                0.9216087252897068,
                0.9378711740520785,
                0.9454337899543379
            ]
        },
        "f1": {
            "macro": [
                0.25637201496209033,
                0.6560019140918277,
                0.7854270771281339,
                0.8566619425902533,
                0.8888893698141809,
                0.9195139139983665,
                0.9380412853573586,
                0.9448751211342049
            ],
            "micro": [
                0.42201834862385323,
                0.7168108311395263,
                0.804140689330667,
                0.8666743092972602,
                0.892022008253095,
                0.9220277335758127,
                0.9366944222653131,
                0.944140446876425
            ]
        }
    },
    "val": {
        "loss": [
            15.474024832248688,
            13.666033893823624,
            13.480644062161446,
            13.101287096738815,
            14.123652026057243,
            13.950155884027481,
            14.094580471515656,
            14.565576568245888
        ],
        "accuracy": {
            "macro": [
                0.8013863773357444,
                0.832429174201326,
                0.8348402652200121,
                0.8499095840867992,
                0.8432790837854128,
                0.8511151295961423,
                0.8526220614828209,
                0.855033152501507
            ],
            "micro": [
                0.8013863773357445,
                0.8324291742013261,
                0.8348402652200121,
                0.8499095840867993,
                0.8432790837854129,
                0.8511151295961422,
                0.8526220614828209,
                0.8550331525015069
            ]
        },
        "precision": {
            "macro": [
                0.7495886466474703,
                0.6435189101283872,
                0.6300652881932028,
                0.6540925347956574,
                0.6495527797637598,
                0.6538123796859436,
                0.6618461347384761,
                0.6590762041890104
            ],
            "micro": [
                0.6777777777777778,
                0.6980749746707193,
                0.6869728209934396,
                0.7115928369462771,
                0.7132867132867133,
                0.7218413320274241,
                0.729,
                0.731610337972167
            ],
            "weighted": [
                0.7366348892220064,
                0.7286935332700125,
                0.7127127501989878,
                0.7231602228736634,
                0.7423347140126846,
                0.7360068634021589,
                0.7348778597868324,
                0.7357523767777343
            ]
        },
        "recall": {
            "macro": [
                0.4396272258394574,
                0.6894795151962061,
                0.7265051001695523,
                0.7478636196988034,
                0.730604103372123,
                0.7347061065981707,
                0.7036892975803606,
                0.713619524376714
            ],
            "micro": [
                0.5797254487856388,
                0.7275607180570222,
                0.7740232312565998,
                0.7972544878563886,
                0.7539598732840549,
                0.778247096092925,
                0.7697993664202746,
                0.7771911298838438
            ],
            "weighted": [
                0.5797254487856388,
                0.7275607180570222,
                0.7740232312565998,
                0.7972544878563886,
                0.7539598732840549,
                0.778247096092925,
                0.7697993664202746,
                0.7771911298838438
            ]
        },
        "f1": {
            "macro": [
                0.4377637301672655,
                0.6547497355770032,
                0.6638489035314533,
                0.6933928636113089,
                0.6778577019356886,
                0.688119185431581,
                0.6796854320567927,
                0.6844294846662403
            ],
            "micro": [
                0.6249288560045532,
                0.7125129265770422,
                0.7279046673286992,
                0.75199203187251,
                0.73305954825462,
                0.7489837398373983,
                0.74884437596302,
                0.7537122375832053
            ],
            "weighted": [
                0.5654394271177533,
                0.7231633713680132,
                0.7348619435636662,
                0.7561985630135204,
                0.74354867552315,
                0.7547189255814896,
                0.7496760858346758,
                0.7553587580733222
            ]
        }
    },
    "test": {
        "loss": [
            3.647652268409729,
            3.1839325428009033,
            3.189253658056259,
            3.087211549282074,
            3.328729957342148,
            3.2326795756816864,
            3.20918008685112,
            3.5755804777145386
        ],
        "accuracy": {
            "macro": [
                0.8002873563218391,
                0.8247126436781609,
                0.8290229885057472,
                0.8491379310344828,
                0.8333333333333334,
                0.8520114942528735,
                0.8635057471264368,
                0.8433908045977011
            ],
            "micro": [
                0.8002873563218391,
                0.8247126436781609,
                0.8290229885057471,
                0.8491379310344828,
                0.8333333333333334,
                0.8520114942528736,
                0.8635057471264368,
                0.8433908045977011
            ]
        },