{
    "train": {
        "loss": [
            81.88912290334702,
            60.3121158182621,
            42.845763236284256,
            32.49289757013321,
            26.197166189551353,
            21.079484473913908,
            16.81517966836691,
            13.26367400586605
        ],
        "accuracy": {
            "macro": [
                0.6931527464258842,
                0.804947804947805,
                0.8778778778778779,
                0.9104104104104104,
                0.9287859287859289,
                0.943943943943944,
                0.9551694551694552,
                0.964964964964965
            ],
            "micro": [
                0.6931527464258841,
                0.8049478049478049,
                0.8778778778778779,
                0.9104104104104104,
                0.9287859287859288,
                0.943943943943944,
                0.9551694551694552,
                0.964964964964965
            ]
        },
        "precision": {
            "macro": [
                0.3272396730565345,
                0.7730816738673486,
                0.8174866365499444,
                0.8620754612342386,
                0.8887168283870798,
                0.915224151910369,
                0.9297756238753941,
                0.947565041738295
            ],
            "micro": [
                0.5297180043383948,
                0.7808219178082192,
                0.8271981242672919,
                0.8635539437896645,
                0.8905417406749556,
                0.9143571104043616,
                0.9284916201117318,
                0.9445686186857398
            ]
        },
        "recall": {
            "macro": [
                0.18555339389798145,
                0.45176153512937306,
                0.7495650026251797,
                0.8403074968680434,
                0.8822434740227716,
                0.9043454022705792,
                0.9302303453523884,
                0.9437105157802904
            ],
            "micro": [
                0.2896797153024911,
                0.5457581830327322,
                0.784174260946877,
                0.8540685944855414,
                0.8885688967656181,
                0.9081678700361011,
                0.9311967727476468,
                0.9458370635631155
            ]
        },
        "f1": {
            "macro": [
                0.17667034992931532,
                0.5375630661561713,
                0.7803462978425234,
                0.8495674699138801,
                0.8848856562647125,
                0.9094590069991947,
                0.9298008424972227,
                0.9455199687312215
            ],
            "micro": [
                0.37453987730061344,
                0.6424639580602883,
                0.8051118210862621,
                0.8587850783275104,
                0.8895542248835662,
                0.9112519809825674,
                0.9298422289358845,
                0.9452024155669873
            ]
        }
    },
    "val": {
        "loss": [
            17.21367084980011,
            13.94894003868103,
            13.652206718921661,
            13.380505442619324,
            13.206166163086891,
            14.206798523664474,
            15.685481771826744,
            15.859664916992188
        ],
        "accuracy": {
            "macro": [
                0.787823990355636,
                0.8285111512959614,
                0.8248945147679324,
                0.8432790837854128,
                0.8493068113321277,
                0.8493068113321277,
                0.84207353827607,
                0.8487040385774564
            ],
            "micro": [
                0.7878239903556359,
                0.8285111512959614,
                0.8248945147679325,
                0.8432790837854129,
                0.8493068113321278,
                0.8493068113321278,
                0.8420735382760699,
                0.8487040385774564
            ]
        },
        "precision": {
            "macro": [
                0.38769279026549724,
                0.6477572885620725,
                0.6105049617202498,
                0.6364022662434018,
                0.6515425900878803,
                0.6427863548887734,
                0.6196481472448497,
                0.6473412327426484
            ],
            "micro": [
                0.7833333333333333,
                0.6752843846949328,
                0.6588921282798834,
                0.6932270916334662,
                0.7081632653061225,
                0.7027833001988072,
                0.6818181818181818,
                0.7038152610441767
            ],
            "weighted": [
                0.5568877984002307,
                0.6805110525959357,
                0.6850958017703935,
                0.7079092544668804,
                0.7065812146634785,
                0.7122659510554775,
                0.6927030872244977,
                0.7083631767042576
            ]
        },
        "recall": {
            "macro": [
                0.1717598177503715,
                0.6451816786833432,
                0.7048898010250121,
                0.7317307050270606,
                0.6981617754876203,
                0.7260051200602292,
                0.7368098402572146,
                0.7120690091627924
            ],
            "micro": [
                0.31057268722466963,
                0.7191629955947136,
                0.7466960352422908,
                0.7665198237885462,
                0.76431718061674,
                0.7786343612334802,
                0.7929515418502202,
                0.7720264317180616
            ],
            "weighted": [
                0.31057268722466963,
                0.7191629955947136,
                0.7466960352422908,
                0.7665198237885462,
                0.76431718061674,
                0.7786343612334802,
                0.7929515418502202,
                0.7720264317180616
            ]
        },
        "f1": {
            "macro": [
                0.20794609506624698,
                0.6333027901302191,
                0.6428284347622916,
                0.6763771724775715,
                0.6738955488955489,
                0.6797627508867281,
                0.6712459826211954,
                0.6772313889795704
            ],
            "micro": [
                0.4447949526813881,
                0.6965333333333333,
                0.7000516262261228,
                0.7280334728033473,
                0.7351694915254237,
                0.7387669801462905,
                0.7331975560081466,
                0.7363445378151261
            ],
            "weighted": [
                0.3536439216812992,
                0.6933530452693536,
                0.7072818097126662,
                0.733580531575142,
                0.7342242925943366,
                0.742655686977661,
                0.7373383153621997,
                0.7377424714202827
            ]
        }
    },
    "test": {
        "loss": [
            3.964926540851593,
            3.2977299988269806,
            3.431380718946457,
            3.335806727409363,
            3.5908769965171814,
            3.435661941766739,
            3.8576103150844574,
            3.6973452270030975
        ],
        "accuracy": {
            "macro": [
                0.7686781609195403,
                0.814655172413793,
                0.8204022988505747,
                0.831896551724138,
                0.8333333333333335,
                0.8304597701149424,
                0.8433908045977011,
                0.8477011494252874
            ],
            "micro": [
                0.7686781609195402,
                0.8146551724137931,
                0.8204022988505747,
                0.8318965517241379,
                0.8333333333333334,
                0.8304597701149425,
                0.8433908045977011,
                0.8477011494252874
            ]
        },