{
    "train": {
        "loss": [
            107.19514818489552,
            57.02002002298832,
            44.149638932198286,
            37.10543606802821,
            30.833793019875884,
            24.547559428028762
        ],
        "accuracy": {
            "macro": [
                0.8666180521795495,
                0.9330833573694837,
                0.9479697464987341,
                0.9570073390379129,
                0.9640258949459987,
                0.970804089350383
            ],
            "micro": [
                0.8666180521795495,
                0.9330833573694837,
                0.9479697464987341,
                0.957007339037913,
                0.9640258949459988,
                0.970804089350383
            ]
        },
        "precision": {
            "macro": [
                0.7035916405947159,
                0.8465668100550746,
                0.8814746434564916,
                0.8995931589876659,
                0.9143226266377273,
                0.9295862892636909
            ],
            "micro": [
                0.6956356736242885,
                0.8415466262319939,
                0.8791531286028719,
                0.8975117275137671,
                0.9137290348498543,
                0.9282041139240507
            ]
        },
        "recall": {
            "macro": [
                0.3567134096112125,
                0.7414876502768174,
                0.8002027865719392,
                0.8400051149276738,
                0.8674958653262771,
                0.8959128022120005
            ],
            "micro": [
                0.3561643835616438,
                0.7412000381570161,
                0.8002289639381798,
                0.8398702166237236,
                0.8677985501716902,
                0.8954398015645869
            ]
        },
        "f1": {
            "macro": [
                0.47020095201304085,
                0.7892145282061275,
                0.8382239699873214,
                0.8681897812188207,
                0.8898718525962194,
                0.9120188595652318
            ],
            "micro": [
                0.4711173938186725,
                0.7881923311016433,
                0.8378364880387554,
                0.8677347793936405,
                0.8901717137126363,
                0.9115276294066234
            ]
        }
    },
    "val": {
        "loss": [
            18.31551791727543,
            16.306273847818375,
            16.03927657753229,
            15.600960738956928,
            16.229269471019506,
            17.732402436435223
        ],
        "accuracy": {
            "macro": [
                0.9241835147744947,
                0.9296267496111975,
                0.9330611715914983,
                0.9339035769828926,
                0.9328019699326076,
                0.9282659409020217
            ],
            "micro": [
                0.9241835147744946,
                0.9296267496111975,
                0.9330611715914982,
                0.9339035769828927,
                0.9328019699326076,
                0.9282659409020217
            ]
        },
        "precision": {
            "macro": [
                0.7708474619859436,
                0.7875545315740435,
                0.7926830912664761,
                0.784978753717842,
                0.787564507061572,
                0.7591819967018107
            ],
            "micro": [
                0.7598075499629904,
                0.7794891059353869,
                0.7813070463672873,
                0.7790948275862069,
                0.7693655800911321,
                0.7549530761209593
            ],
            "weighted": [
                0.7716820466342293,
                0.7871594042876753,
                0.792989290866343,
                0.7857991121104143,
                0.788444595899371,
                0.7589336603433493
            ]
        },
        "recall": {
            "macro": [
                0.7978630774546652,
                0.8048695638297682,
                0.8308958605409623,
                0.8424023184312038,
                0.8524803315437636,
                0.8424800157405125
            ],
            "micro": [
                0.7975912975912975,
                0.8061383061383062,
                0.8313908313908314,
                0.8426573426573427,
                0.8527583527583528,
                0.8438228438228438
            ],
            "weighted": [
                0.7975912975912975,
                0.8061383061383062,
                0.8313908313908314,
                0.8426573426573427,
                0.8527583527583528,
                0.8438228438228438
            ]
        },
        "f1": {
            "macro": [
                0.7799335606347254,
                0.7927427479680641,
                0.8071698069560447,
                0.8109572295239817,
                0.8129360441959369,
                0.7966552515245665
            ],
            "micro": [
                0.7782410917361637,
                0.7925897631779985,
                0.8055712403538491,
                0.8096304591265397,
                0.8089183711074257,
                0.7969179966978535
            ],
            "weighted": [
                0.7803289089517846,
                0.7930864248575011,
                0.8075607015544257,
                0.811561829558952,
                0.8136238258825416,
                0.7971408777066974
            ]
        }
    },
    "test": {
        "loss": [
            2.992437183856964,
            2.448466330766678,
            2.861645758152008,
            2.9967556595802307,
            3.593417525291443,
            2.982388913631439
        ],
        "accuracy": {
            "macro": [
                0.67816091954023,
                0.7298850574712644,
                0.7212643678160919,
                0.7140804597701149,
                0.6982758620689654,
                0.7413793103448275
            ],
            "micro": [
                0.6781609195402298,
                0.7298850574712644,
                0.7212643678160919,
                0.7140804597701149,
                0.6982758620689655,
                0.7413793103448276
            ]
        },
        "precision": {
            "macro": [
                0.46230158730158727,
                0.7696913067552602,
                0.7159970705168446,
                0.7037578110701492,
                0.727043310519779,
                0.6009414562046141
            ],
            "micro": [
                0.34782608695652173,
                0.5053763440860215,
                0.4782608695652174,
                0.45901639344262296,
                0.42105263157894735,
                0.5338345864661654
            ],
            "weighted": [
                0.5221088435374149,
                0.8349406299987695,
                0.7914736097410298,
                0.7678263799920402,
                0.7650922559888551,
                0.6746332661119628
            ]
        },
        "recall": {
            "macro": [
                0.2622514507595153,
                0.24537808368453526,
                0.3313444470702535,
                0.3071424468601888,
                0.3211432608610028,
                0.38489413066025974
            ],
            "micro": [
                0.21164021164021163,
                0.24867724867724866,
                0.291005291005291,
                0.2962962962962963,
                0.2962962962962963,
                0.37566137566137564
            ],
            "weighted": [
                0.21164021164021163,
                0.24867724867724866,
                0.291005291005291,
                0.2962962962962963,
                0.2962962962962963,
                0.37566137566137564
            ]
        },