{
    "train": {
        "loss": [
            101.25071114301682,
            54.76470882445574,
            44.32200189679861,
            36.42662627622485,
            31.381902204826474,
            26.271746249869466
        ],
        "accuracy": {
            "macro": [
                0.8803921568627451,
                0.9361920328173573,
                0.9481940839021888,
                0.9575842066467967,
                0.9623113162195943,
                0.9688972214210171
            ],
            "micro": [
                0.8803921568627451,
                0.9361920328173573,
                0.9481940839021888,
                0.9575842066467968,
                0.9623113162195943,
                0.9688972214210172
            ]
        },
        "precision": {
            "macro": [
                0.7929021350399738,
                0.8568060112806517,
                0.8828949567693551,
                0.9036439557499789,
                0.9116288455039779,
                0.9265133898260056
            ],
            "micro": [
                0.791375524056698,
                0.8543096872616324,
                0.8798827102314378,
                0.9016477330877085,
                0.9093470168024952,
                0.9259517640023919
            ]
        },
        "recall": {
            "macro": [
                0.3848953530863932,
                0.7479814890375067,
                0.8015215060506944,
                0.8396497496985796,
                0.8621841501263733,
                0.8861449703545289
            ],
            "micro": [
                0.38485436893203884,
                0.7477348593228421,
                0.8011060259344012,
                0.8393673780487805,
                0.8616646010105825,
                0.8857851082085995
            ]
        },
        "f1": {
            "macro": [
                0.5169930562637325,
                0.7977832946446459,
                0.8392134564805659,
                0.8698460398255929,
                0.8857096793264932,
                0.9054667255441893
            ],
            "micro": [
                0.5178653079887647,
                0.7974773675109349,
                0.8386485002744921,
                0.8693935955000741,
                0.8848639122772666,
                0.9054231837450665
            ]
        }
    },
    "val": {
        "loss": [
            17.73717823624611,
            15.938912272453308,
            14.93911125510931,
            15.599734231829643,
            15.51181735098362,
            15.379634663462639
        ],
        "accuracy": {
            "macro": [
                0.9223043027475376,
                0.9300155520995336,
                0.9327371695178849,
                0.9329963711767754,
                0.9356531881804043,
                0.9366899948159668
            ],
            "micro": [
                0.9223043027475376,
                0.9300155520995335,
                0.9327371695178849,
                0.9329963711767756,
                0.9356531881804043,
                0.9366899948159668
            ]
        },
        "precision": {
            "macro": [
                0.7722761451407094,
                0.7798066138149954,
                0.785663217930353,
                0.7800450535786925,
                0.7909620345749518,
                0.7958484500337555
            ],
            "micro": [
                0.762724837351703,
                0.7681524083393242,
                0.7783018867924528,
                0.7794331395348837,
                0.7869865503453289,
                0.7894736842105263
            ],
            "weighted": [
                0.7721970224822461,
                0.7789739575376421,
                0.7847672845168934,
                0.7799608684375325,
                0.7903633737160152,
                0.7958842537700157
            ]
        },
        "recall": {
            "macro": [
                0.7753348549132034,
                0.8309105724794077,
                0.834397755136891,
                0.8355410488143485,
                0.8423289847454211,
                0.8463540323389256
            ],
            "micro": [
                0.7748833592534993,
                0.8308709175738724,
                0.8339813374805599,
                0.8339813374805599,
                0.8417573872472783,
                0.8456454121306376
            ],
            "weighted": [
                0.7748833592534993,
                0.8308709175738724,
                0.8339813374805599,
                0.8339813374805599,
                0.8417573872472783,
                0.8456454121306376
            ]
        },
        "f1": {
            "macro": [
                0.7705472160633048,
                0.8008633591876007,
                0.807550710124231,
                0.8057820454100592,
                0.8149216026909635,
                0.8181347542493244
            ],
            "micro": [
                0.7687560270009643,
                0.7982816585730294,
                0.8051801801801802,
                0.805785123966942,
                0.8134510614315236,
                0.8165947062136286
            ],
            "weighted": [
                0.7702122500690943,
                0.8002857123514857,
                0.8068577282603021,
                0.8049885842679855,
                0.8143152061505832,
                0.817858522653662
            ]
        }
    },
    "test": {
        "loss": [
            2.6268622279167175,
            2.9824896454811096,
            2.91049587726593,
            2.7225003242492676,
            3.122017502784729,
            3.5473101139068604
        ],
        "accuracy": {
            "macro": [
                0.7212643678160919,
                0.6882183908045977,
                0.7255747126436782,
                0.7399425287356323,
                0.7227011494252874,
                0.6939655172413793
            ],
            "micro": [
                0.7212643678160919,
                0.6882183908045977,
                0.7255747126436781,
                0.7399425287356322,
                0.7227011494252874,
                0.6939655172413793
            ]
        },
        "precision": {
            "macro": [
                0.6340136054421769,
                0.5787430287430287,
                0.8066576784797123,
                0.7500566893424035,
                0.709381764069264,
                0.7102922885572139
            ],
            "micro": [
                0.47058823529411764,
                0.3793103448275862,
                0.49137931034482757,
                0.5344827586206896,
                0.4846153846153846,
                0.4
            ],
            "weighted": [
                0.7043371846092934,
                0.6380904714238047,
                0.8541906147838352,
                0.7910286866069179,
                0.7673535954785956,
                0.7493534312564164
            ]
        },
        "recall": {
            "macro": [
                0.2532317965785708,
                0.2718724152191894,
                0.28912529376239055,
                0.32145433718014366,
                0.3628030347788412,
                0.28278142108787274
            ],
            "micro": [
                0.21164021164021163,
                0.2328042328042328,
                0.30158730158730157,
                0.328042328042328,
                0.3333333333333333,
                0.25396825396825395
            ],
            "weighted": [
                0.21164021164021163,
                0.2328042328042328,
                0.30158730158730157,
                0.328042328042328,
                0.3333333333333333,
                0.25396825396825395
            ]
        },