{
    "train": {
        "loss": [
            114.22382615506649,
            66.92078136652708,
            53.97989331185818,
            46.07252733036876,
            38.69146605953574,
            32.04407910257578
        ],
        "accuracy": {
            "macro": [
                0.8840401971757197,
                0.9333003136866437,
                0.9458713648906815,
                0.9525460506144013,
                0.9599047147338381,
                0.9668978041934951
            ],
            "micro": [
                0.8840401971757198,
                0.9333003136866436,
                0.9458713648906814,
                0.9525460506144012,
                0.9599047147338381,
                0.9668978041934951
            ]
        },
        "precision": {
            "macro": [
                0.7331926413478953,
                0.8269070835983265,
                0.8594504254952339,
                0.8737511119264577,
                0.8933421595716691,
                0.9113898754395853
            ],
            "micro": [
                0.7329907502569373,
                0.8284939214307244,
                0.8585572842998586,
                0.8730709524244361,
                0.8918991177256929,
                0.9104582021685904
            ]
        },
        "recall": {
            "macro": [
                0.29661318179368185,
                0.675787111535272,
                0.7464133511446583,
                0.7838842796888023,
                0.8206580999890878,
                0.8538190457330227
            ],
            "micro": [
                0.29701815758787276,
                0.6761787617876178,
                0.7466174661746617,
                0.784009840098401,
                0.8206642066420664,
                0.8537925379253792
            ]
        },
        "f1": {
            "macro": [
                0.41247334959730236,
                0.7429289415153744,
                0.7981334876422916,
                0.825849402428273,
                0.8549151974800918,
                0.8813002404158418
            ],
            "micro": [
                0.4227372414201885,
                0.7446270543615677,
                0.7986842105263159,
                0.8261470664477663,
                0.8548001366586949,
                0.8812153527146545
            ]
        }
    },
    "val": {
        "loss": [
            20.462293930351734,
            17.93620716780424,
            16.98565947264433,
            17.09761955589056,
            16.839204274117947,
            18.029485449194908
        ],
        "accuracy": {
            "macro": [
                0.9261182298861524,
                0.9324536750345352,
                0.9374553422569428,
                0.9367884532939552,
                0.9378840565902921,
                0.934025627590149
            ],
            "micro": [
                0.9261182298861526,
                0.9324536750345354,
                0.9374553422569428,
                0.9367884532939551,
                0.937884056590292,
                0.9340256275901491
            ]
        },
        "precision": {
            "macro": [
                0.769983313430972,
                0.7689417829032814,
                0.7703613104507392,
                0.7640616931701024,
                0.7663791003398899,
                0.7490355109122059
            ],
            "micro": [
                0.7560889516413696,
                0.7661290322580645,
                0.7666561414587938,
                0.7603357165060616,
                0.761070110701107,
                0.7425742574257426
            ],
            "weighted": [
                0.7681178568785381,
                0.7684703199956033,
                0.7689963000078814,
                0.7634858898169148,
                0.7657907340870698,
                0.748337511189925
            ]
        },
        "recall": {
            "macro": [
                0.7131199858237104,
                0.7603901624168257,
                0.8091934199430951,
                0.8154391842243884,
                0.8251430121792377,
                0.8254922365926499
            ],
            "micro": [
                0.7135243171219188,
                0.759493670886076,
                0.8087941372418388,
                0.8147901399067289,
                0.8244503664223851,
                0.8244503664223851
            ],
            "weighted": [
                0.7135243171219188,
                0.759493670886076,
                0.8087941372418388,
                0.8147901399067289,
                0.8244503664223851,
                0.8244503664223851
            ]
        },
        "f1": {
            "macro": [
                0.7360480411957361,
                0.7636920481423088,
                0.7884197892357603,
                0.7881677414050051,
                0.7938377968250682,
                0.7843126231394634
            ],
            "micro": [
                0.7341902313624679,
                0.7627969220475075,
                0.787161614524234,
                0.7866216433510211,
                0.7914934441957148,
                0.7813733228097869
            ],
            "weighted": [
                0.73527909110622,
                0.7630012645133614,
                0.7875050957615848,
                0.7875459925511773,
                0.7931845556516508,
                0.7834283789064301
            ]
        }
    },
    "test": {
        "loss": [
            2.605861783027649,
            2.7990787625312805,
            3.2240391969680786,
            3.235184073448181,
            3.1574532985687256,
            3.379976987838745
        ],
        "accuracy": {
            "macro": [
                0.7266009852216749,
                0.7155172413793103,
                0.6921182266009852,
                0.7044334975369457,
                0.7130541871921182,
                0.7032019704433498
            ],
            "micro": [
                0.7266009852216748,
                0.7155172413793104,
                0.6921182266009852,
                0.7044334975369458,
                0.7130541871921182,
                0.7032019704433498
            ]
        },
        "precision": {
            "macro": [
                0.2642857142857143,
                0.3547367665014724,
                0.5014005602240895,
                0.48163265306122455,
                0.4535480859010271,
                0.45673274094326727
            ],
            "micro": [
                0.2676056338028169,
                0.26136363636363635,
                0.1919191919191919,
                0.2702702702702703,
                0.3103448275862069,
                0.28688524590163933
            ],
            "weighted": [
                0.43015873015873013,
                0.5232615363334318,
                0.6929142027181242,
                0.6566893424036281,
                0.6308832174845247,
                0.623069036226931
            ]
        },
        "recall": {
            "macro": [
                0.1285989995667415,
                0.13544335848483316,
                0.1350945009931185,
                0.17302881450346888,
                0.1875097764498686,
                0.1754674409052289
            ],
            "micro": [
                0.10052910052910052,
                0.12169312169312169,
                0.10052910052910052,
                0.15873015873015872,
                0.19047619047619047,
                0.18518518518518517
            ],
            "weighted": [
                0.10052910052910052,
                0.12169312169312169,
                0.10052910052910052,
                0.15873015873015872,
                0.19047619047619047,
                0.18518518518518517
            ]
        },