{
    "train": {
        "loss": [
            111.54879105091095,
            65.1744996830821,
            52.031633507460356,
            43.38612429052591,
            36.61532143689692,
            30.19211215339601
        ],
        "accuracy": {
            "macro": [
                0.8879217964898912,
                0.9341847685086914,
                0.947180358027312,
                0.955989528054907,
                0.9628057265501545,
                0.9691973867308191
            ],
            "micro": [
                0.8879217964898912,
                0.9341847685086913,
                0.9471803580273119,
                0.955989528054907,
                0.9628057265501545,
                0.9691973867308191
            ]
        },
        "precision": {
            "macro": [
                0.7429223272838908,
                0.8271623765642951,
                0.8627553219077054,
                0.8845689544861765,
                0.9024605390491937,
                0.9178613610824371
            ],
            "micro": [
                0.7448093620234051,
                0.8266021526612027,
                0.8613166026781534,
                0.8822254335260116,
                0.9007978723404255,
                0.916695652173913
            ]
        },
        "recall": {
            "macro": [
                0.32879026405265677,
                0.6866175785255739,
                0.7543347943661027,
                0.8010522429442828,
                0.833218116741158,
                0.8644868508544873
            ],
            "micro": [
                0.328641625718331,
                0.6863725811741554,
                0.754181698917678,
                0.8009183338799607,
                0.8331420137750082,
                0.8643817645129551
            ]
        },
        "f1": {
            "macro": [
                0.45402847153798886,
                0.7494797243782799,
                0.8042623187213855,
                0.8400491102002691,
                0.8658559748621999,
                0.8898357655534914
            ],
            "micro": [
                0.45605316382548394,
                0.7499888007884246,
                0.8041967213114753,
                0.8396080453842186,
                0.8656500255580166,
                0.8897704253882512
            ]
        }
    },
    "val": {
        "loss": [
            19.96337914466858,
            17.55119486898184,
            17.26991194486618,
            16.94055287539959,
            17.162922631949186,
            18.845641866326332
        ],
        "accuracy": {
            "macro": [
                0.9265945791454294,
                0.9320249607011861,
                0.9333587386271615,
                0.9360739294050398,
                0.9351212308864861,
                0.9323107702567521
            ],
            "micro": [
                0.9265945791454294,
                0.9320249607011861,
                0.9333587386271615,
                0.9360739294050398,
                0.935121230886486,
                0.9323107702567522
            ]
        },
        "precision": {
            "macro": [
                0.7494920156028088,
                0.7774834412134952,
                0.7644254208695619,
                0.7614504329814927,
                0.7542760708540776,
                0.7448888471583969
            ],
            "micro": [
                0.747289972899729,
                0.7573577501635056,
                0.7457055214723927,
                0.7556240369799692,
                0.7451390966198026,
                0.733451536643026
            ],
            "weighted": [
                0.7509342581289481,
                0.7813237698304188,
                0.7662198260501237,
                0.7646022039754178,
                0.7556106553493371,
                0.7449294186029697
            ]
        },
        "recall": {
            "macro": [
                0.7328448988370815,
                0.7716954458555187,
                0.8098897335808904,
                0.8168111683453805,
                0.8290191604951492,
                0.8253740692288094
            ],
            "micro": [
                0.7350883038987004,
                0.7717427524158614,
                0.8100633122292569,
                0.8170609796734422,
                0.830056647784072,
                0.8270576474508498
            ],
            "weighted": [
                0.7350883038987004,
                0.7717427524158614,
                0.8100633122292569,
                0.8170609796734422,
                0.830056647784072,
                0.8270576474508498
            ]
        },
        "f1": {
            "macro": [
                0.7396472413732887,
                0.766938366195072,
                0.7816373433348228,
                0.7856966209076199,
                0.788023244793518,
                0.7803908093121337
            ],
            "micro": [
                0.7411389215521587,
                0.7644825878857897,
                0.7765532662513975,
                0.7851424911943643,
                0.7853089533417403,
                0.7774471417384494
            ],
            "weighted": [
                0.7414200603030343,
                0.7689500541425971,
                0.7827342374862865,
                0.787490249776398,
                0.7892662174564108,
                0.7811819559305307
            ]
        }
    },
    "test": {
        "loss": [
            2.5654646158218384,
            2.773761212825775,
            3.195223569869995,
            3.23737770318985,
            3.542155623435974,
            3.2285207509994507
        ],
        "accuracy": {
            "macro": [
                0.7241379310344829,
                0.7142857142857143,
                0.7007389162561576,
                0.6995073891625616,
                0.7007389162561576,
                0.732758620689655
            ],
            "micro": [
                0.7241379310344828,
                0.7142857142857143,
                0.7007389162561576,
                0.6995073891625616,
                0.7007389162561576,
                0.7327586206896551
            ]
        },
        "precision": {
            "macro": [
                0.22368794998105343,
                0.35939946578244447,
                0.35564625850340137,
                0.453030303030303,
                0.650949050949051,
                0.6144530388651329
            ],
            "micro": [
                0.29411764705882354,
                0.25842696629213485,
                0.275,
                0.2689075630252101,
                0.28225806451612906,
                0.4014084507042254
            ],
            "weighted": [
                0.38125675410158166,
                0.526419207270271,
                0.5494179894179895,
                0.5688231521564855,
                0.8086654086654087,
                0.7373356399112277
            ]
        },
        "recall": {
            "macro": [
                0.11030086145293518,
                0.15938173449694187,
                0.16918125397388067,
                0.1577680575952465,
                0.21262533549399906,
                0.23880315153356627
            ],
            "micro": [
                0.13227513227513227,
                0.12169312169312169,
                0.1746031746031746,
                0.1693121693121693,
                0.18518518518518517,
                0.30158730158730157
            ],
            "weighted": [
                0.13227513227513227,
                0.12169312169312169,
                0.1746031746031746,
                0.1693121693121693,
                0.18518518518518517,
                0.30158730158730157
            ]
        },