{
    "train": {
        "loss": [
            111.7832892537117,
            66.19690764695406,
            53.32463705167174,
            45.602824315428734,
            38.255425576120615,
            32.2279550107196
        ],
        "accuracy": {
            "macro": [
                0.8860905702616131,
                0.9330235520279275,
                0.9453479732518781,
                0.9537450908704933,
                0.9615289358540411,
                0.9666356099114292
            ],
            "micro": [
                0.886090570261613,
                0.9330235520279275,
                0.9453479732518781,
                0.9537450908704933,
                0.9615289358540411,
                0.9666356099114293
            ]
        },
        "precision": {
            "macro": [
                0.7228102639993493,
                0.8251652542987239,
                0.8561803838519273,
                0.8783438734117238,
                0.8994155376888389,
                0.9117743555690679
            ],
            "micro": [
                0.7238532110091743,
                0.8252146136953483,
                0.8552099971812459,
                0.8768333788831193,
                0.8981192619663072,
                0.9110057925223802
            ]
        },
        "recall": {
            "macro": [
                0.3284945728156914,
                0.6775754003164293,
                0.7462544601653848,
                0.7893158285253452,
                0.8263788913785718,
                0.851344073377071
            ],
            "micro": [
                0.32858570714642676,
                0.6779007790077901,
                0.7463714637146371,
                0.7892578925789258,
                0.826240262402624,
                0.8511685116851169
            ]
        },
        "f1": {
            "macro": [
                0.4457513508047649,
                0.7432746224899607,
                0.7968138624611818,
                0.8308133330945154,
                0.8608279762693039,
                0.8802056189294858
            ],
            "micro": [
                0.451993583868011,
                0.7443389006437672,
                0.7970925650232068,
                0.830744001380977,
                0.8606816434611771,
                0.8800712196362712
            ]
        }
    },
    "val": {
        "loss": [
            19.208523124456406,
            16.314277350902557,
            16.359144650399685,
            16.171846192330122,
            16.83620598912239,
            17.165745846927166
        ],
        "accuracy": {
            "macro": [
                0.9285238095238096,
                0.9399047619047619,
                0.9380000000000001,
                0.9386190476190476,
                0.9372380952380953,
                0.938952380952381
            ],
            "micro": [
                0.9285238095238095,
                0.9399047619047619,
                0.938,
                0.9386190476190476,
                0.9372380952380952,
                0.938952380952381
            ]
        },
        "precision": {
            "macro": [
                0.756607540265646,
                0.7841789567168703,
                0.7642680802065349,
                0.7674625177434446,
                0.7573495684676465,
                0.7609465415877832
            ],
            "micro": [
                0.7431162941367023,
                0.7779552715654952,
                0.7608962553713935,
                0.762972060178078,
                0.7549969715324046,
                0.7559523809523809
            ],
            "weighted": [
                0.7548303404628065,
                0.783947942568558,
                0.7635860109183767,
                0.7676983227727521,
                0.7571784938946633,
                0.7612513966118626
            ]
        },
        "recall": {
            "macro": [
                0.7641132176942177,
                0.8117527627098877,
                0.8262613477526141,
                0.8287174830866607,
                0.8309573945648198,
                0.8467510593064391
            ],
            "micro": [
                0.7641572285143238,
                0.8111259160559627,
                0.8257828114590273,
                0.8277814790139907,
                0.8304463690872752,
                0.8461025982678214
            ],
            "weighted": [
                0.7641572285143238,
                0.8111259160559627,
                0.8257828114590273,
                0.8277814790139907,
                0.8304463690872752,
                0.8461025982678214
            ]
        },
        "f1": {
            "macro": [
                0.756626275745738,
                0.7954949215957245,
                0.7934718476419002,
                0.7951461899274623,
                0.7920013166248354,
                0.8000116978968494
            ],
            "micro": [
                0.7534898998193464,
                0.7941943900848011,
                0.7920127795527155,
                0.7940565585556797,
                0.7909263959390864,
                0.798491040553285
            ],
            "weighted": [
                0.755791185720866,
                0.7950888068108793,
                0.7928847904790967,
                0.7948486394277932,
                0.791680477308342,
                0.7998761907484634
            ]
        }
    },
    "test": {
        "loss": [
            3.1293832063674927,
            3.40669447183609,
            2.9361066222190857,
            3.142106533050537,
            3.247172713279724,
            3.795220136642456
        ],
        "accuracy": {
            "macro": [
                0.6798029556650246,
                0.6748768472906405,
                0.7081280788177341,
                0.7056650246305419,
                0.7179802955665026,
                0.685960591133005
            ],
            "micro": [
                0.6798029556650246,
                0.6748768472906403,
                0.708128078817734,
                0.7056650246305419,
                0.7179802955665024,
                0.6859605911330049
            ]
        },
        "precision": {
            "macro": [
                0.24175824175824176,
                0.19345238095238093,
                0.44461697722567284,
                0.5004329004329005,
                0.6618313992263573,
                0.4607784505743689
            ],
            "micro": [
                0.13402061855670103,
                0.14953271028037382,
                0.2777777777777778,
                0.3106060606060606,
                0.3360655737704918,
                0.24615384615384617
            ],
            "weighted": [
                0.3439153439153439,
                0.31712962962962965,
                0.6329460930910206,
                0.6895622895622895,
                0.7997631151225922,
                0.6284496976106952
            ]
        },
        "recall": {
            "macro": [
                0.12137427344800618,
                0.12179627847830612,
                0.1595111493729005,
                0.19744546288325088,
                0.2089533993911874,
                0.17563511757060146
            ],
            "micro": [
                0.06878306878306878,
                0.08465608465608465,
                0.15873015873015872,
                0.21693121693121692,
                0.21693121693121692,
                0.1693121693121693
            ],
            "weighted": [
                0.06878306878306878,
                0.08465608465608465,
                0.15873015873015872,
                0.21693121693121692,
                0.21693121693121692,
                0.1693121693121693
            ]
        },