{
    "train": {
        "loss": [
            112.39611230790615,
            66.01475679129362,
            53.68844171240926,
            45.88610370270908,
            38.5610065292567,
            32.62846225872636
        ],
        "accuracy": {
            "macro": [
                0.8863406327772418,
                0.9343798280477881,
                0.945925864773384,
                0.9535210104846034,
                0.9598424361076058,
                0.966340767298416
            ],
            "micro": [
                0.886340632777242,
                0.9343798280477881,
                0.9459258647733839,
                0.9535210104846034,
                0.9598424361076058,
                0.9663407672984161
            ]
        },
        "precision": {
            "macro": [
                0.7401138479160141,
                0.8302205048140656,
                0.8589617457142549,
                0.8784225338230442,
                0.8943687290835316,
                0.9099708836415349
            ],
            "micro": [
                0.7293064876957495,
                0.8295228628230616,
                0.8576666353295102,
                0.8768149027486074,
                0.8921909861668897,
                0.9088600945543688
            ]
        },
        "recall": {
            "macro": [
                0.3258308126085314,
                0.6841473116692667,
                0.7481163594824158,
                0.7874424628043295,
                0.8199257904497502,
                0.8514816231439271
            ],
            "micro": [
                0.32586422324031655,
                0.6843529604723635,
                0.7481548302443825,
                0.7874364441528621,
                0.8198294243070362,
                0.8513203214695751
            ]
        },
        "f1": {
            "macro": [
                0.443301706411576,
                0.7492137572678695,
                0.7988974782021719,
                0.8297719555520171,
                0.8548333393726597,
                0.8793120961116653
            ],
            "micro": [
                0.45045771201566015,
                0.7499775321290554,
                0.799176558188428,
                0.8297256426874055,
                0.8544809607248173,
                0.87914972899729
            ]
        }
    },
    "val": {
        "loss": [
            20.092629373073578,
            17.774402238428593,
            16.679931551218033,
            16.566292606294155,
            17.657600805163383,
            17.978906862437725
        ],
        "accuracy": {
            "macro": [
                0.9226666666666665,
                0.932190476190476,
                0.9362380952380952,
                0.9351428571428573,
                0.9353333333333333,
                0.936047619047619
            ],
            "micro": [
                0.9226666666666666,
                0.9321904761904762,
                0.9362380952380952,
                0.9351428571428572,
                0.9353333333333333,
                0.936047619047619
            ]
        },
        "precision": {
            "macro": [
                0.7502794189880152,
                0.7699188613423135,
                0.7789152869162084,
                0.7739271894242634,
                0.7593574663638838,
                0.7628366923383508
            ],
            "micro": [
                0.7336496103015927,
                0.7629037629037629,
                0.772608125819135,
                0.7582625118035883,
                0.7580796987762787,
                0.7608422375864237
            ],
            "weighted": [
                0.7500786089866637,
                0.7684703313368035,
                0.7795819540248603,
                0.7735887917929685,
                0.7601288438540299,
                0.7627357569430417
            ]
        },
        "recall": {
            "macro": [
                0.7218707586244967,
                0.7618025969521074,
                0.7859901247963231,
                0.8020277605330239,
                0.8052093270092909,
                0.8063327556383927
            ],
            "micro": [
                0.720945720945721,
                0.7629037629037629,
                0.7852147852147852,
                0.8021978021978022,
                0.8045288045288045,
                0.8061938061938062
            ],
            "weighted": [
                0.720945720945721,
                0.7629037629037629,
                0.7852147852147852,
                0.8021978021978022,
                0.8045288045288045,
                0.8061938061938062
            ]
        },
        "f1": {
            "macro": [
                0.731523012958007,
                0.7639386163205835,
                0.7804366212255307,
                0.7839652093995783,
                0.7793750371516001,
                0.7834770423352876
            ],
            "micro": [
                0.7272421901242861,
                0.7629037629037629,
                0.778860445912469,
                0.7796116504854368,
                0.7806138933764136,
                0.7828617623282134
            ],
            "weighted": [
                0.7310173719049743,
                0.7637926531717291,
                0.7803762971253277,
                0.7838443312757382,
                0.7794513751817729,
                0.7833409129021102
            ]
        }
    },
    "test": {
        "loss": [
            2.9779170155525208,
            2.940485894680023,
            2.919686019420624,
            3.33683842420578,
            2.8531464338302612,
            3.457144260406494
        ],
        "accuracy": {
            "macro": [
                0.6970443349753694,
                0.7142857142857143,
                0.710591133004926,
                0.6921182266009852,
                0.7266009852216749,
                0.708128078817734
            ],
            "micro": [
                0.6970443349753694,
                0.7142857142857143,
                0.7105911330049262,
                0.6921182266009852,
                0.7266009852216748,
                0.708128078817734
            ]
        },
        "precision": {
            "macro": [
                0.20896656534954408,
                0.360131931560503,
                0.3761904761904762,
                0.33508260447035954,
                0.5238378684807257,
                0.5760136205258156
            ],
            "micro": [
                0.16470588235294117,
                0.25287356321839083,
                0.2261904761904762,
                0.22018348623853212,
                0.33980582524271846,
                0.2857142857142857
            ],
            "weighted": [
                0.34664527749634133,
                0.5366209334463302,
                0.5500881834215168,
                0.5125580390886512,
                0.6729791299235743,
                0.686695350719741
            ]
        },
        "recall": {
            "macro": [
                0.12130112590942085,
                0.13264912251087366,
                0.1240323424655222,
                0.14175092700438321,
                0.19844941285033452,
                0.1610473180173641
            ],
            "micro": [
                0.07407407407407407,
                0.1164021164021164,
                0.10052910052910052,
                0.12698412698412698,
                0.18518518518518517,
                0.1693121693121693
            ],
            "weighted": [
                0.07407407407407407,
                0.1164021164021164,
                0.10052910052910052,
                0.12698412698412698,
                0.18518518518518517,
                0.1693121693121693
            ]
        },