{
    "train": {
        "loss": [
            104.9676016420126,
            56.71948366612196,
            46.1734272018075,
            37.44042528793216,
            30.01880156993866,
            25.69900036416948
        ],
        "accuracy": {
            "macro": [
                0.8704063776006222,
                0.9346920464013332,
                0.9455553419214254,
                0.9562103441645838,
                0.9649746843555728,
                0.9704223546753828
            ],
            "micro": [
                0.8704063776006222,
                0.9346920464013331,
                0.9455553419214253,
                0.9562103441645837,
                0.9649746843555727,
                0.970422354675383
            ]
        },
        "precision": {
            "macro": [
                0.714601784455851,
                0.8534353852180082,
                0.8775710432387508,
                0.8994342242152836,
                0.9189066342861665,
                0.9309677930087533
            ],
            "micro": [
                0.7057768209544313,
                0.8516567917489577,
                0.8730927075660317,
                0.8969473468551526,
                0.91751332863897,
                0.9300358280254777
            ]
        },
        "recall": {
            "macro": [
                0.38240525063250463,
                0.7401384987199181,
                0.7916231490178377,
                0.835208585833184,
                0.8702556113302321,
                0.891329811981802
            ],
            "micro": [
                0.3822386319471434,
                0.7402250619874118,
                0.791019162932596,
                0.8352570828961176,
                0.8697434919424049,
                0.8910183066361556
            ]
        },
        "f1": {
            "macro": [
                0.4951721587583826,
                0.7919825408223357,
                0.8313401726157537,
                0.8654683206071428,
                0.8934877804764242,
                0.9104295659092605
            ],
            "micro": [
                0.4959031892096307,
                0.7920408163265307,
                0.830032012805122,
                0.8650037046184244,
                0.8929900137066771,
                0.9101090767432801
            ]
        }
    },
    "val": {
        "loss": [
            18.40442906320095,
            15.476417511701584,
            15.231380194425583,
            14.76758274435997,
            15.592239245772362,
            16.854893796145916
        ],
        "accuracy": {
            "macro": [
                0.9209775703357966,
                0.9308310644366653,
                0.9330351354855438,
                0.9362764164397769,
                0.9307662388175807,
                0.9309607156748347
            ],
            "micro": [
                0.9209775703357967,
                0.9308310644366654,
                0.9330351354855438,
                0.936276416439777,
                0.9307662388175807,
                0.9309607156748347
            ]
        },
        "precision": {
            "macro": [
                0.7799590223713557,
                0.7889701751488346,
                0.7926144921478641,
                0.8024121416550337,
                0.777046185682381,
                0.7777036886079185
            ],
            "micro": [
                0.764774951076321,
                0.7792207792207793,
                0.7898305084745763,
                0.8001511144692104,
                0.7716763005780347,
                0.7682449270202919
            ],
            "weighted": [
                0.7813992320669314,
                0.790054505226222,
                0.7925234906647182,
                0.8031493688028987,
                0.7774989894151952,
                0.778575452420194
            ]
        },
        "recall": {
            "macro": [
                0.760483792652091,
                0.8166679938504089,
                0.8145463620829041,
                0.8230928624800674,
                0.8296228046436895,
                0.8388114860250013
            ],
            "micro": [
                0.7597200622083982,
                0.8164852255054432,
                0.8153188180404355,
                0.8234836702954899,
                0.8304821150855366,
                0.8390357698289269
            ],
            "weighted": [
                0.7597200622083982,
                0.8164852255054432,
                0.8153188180404355,
                0.8234836702954899,
                0.8304821150855366,
                0.8390357698289269
            ]
        },
        "f1": {
            "macro": [
                0.7637866940840259,
                0.7995645305545663,
                0.8015797630193164,
                0.8117647279542117,
                0.7992014601889683,
                0.8047300471765252
            ],
            "micro": [
                0.7622391261946558,
                0.7974178849439909,
                0.8023722976850965,
                0.8116497413297565,
                0.7999999999999999,
                0.8020813975097566
            ],
            "weighted": [
                0.7641357557234334,
                0.8001145255116164,
                0.801889828736249,
                0.812321527140655,
                0.7998579462783444,
                0.8053289537251942
            ]
        }
    },
    "test": {
        "loss": [
            2.804194927215576,
            3.227888822555542,
            2.6509066820144653,
            2.911827504634857,
            2.9643860459327698,
            4.002024948596954
        ],
        "accuracy": {
            "macro": [
                0.6709770114942529,
                0.6781609195402298,
                0.7241379310344828,
                0.7198275862068967,
                0.7385057471264367,
                0.6982758620689654
            ],
            "micro": [
                0.6709770114942529,
                0.6781609195402298,
                0.7241379310344828,
                0.7198275862068966,
                0.7385057471264368,
                0.6982758620689655
            ]
        },
        "precision": {
            "macro": [
                0.2612233445566779,
                0.43408449284129863,
                0.7354287289771161,
                0.7374401913875599,
                0.729265436593212,
                0.7076011651708392
            ],
            "micro": [
                0.32142857142857145,
                0.3394495412844037,
                0.48695652173913045,
                0.47368421052631576,
                0.5275590551181102,
                0.416
            ],
            "weighted": [
                0.3891917410435929,
                0.5688558881238857,
                0.8169887659134971,
                0.7861636414267992,
                0.7709019181121258,
                0.7652059543179052
            ]
        },
        "recall": {
            "macro": [
                0.23099242454081162,
                0.21738679480614964,
                0.3198408595586015,
                0.28424662255307415,
                0.34225993540509664,
                0.31163660115273023
            ],
            "micro": [
                0.19047619047619047,
                0.19576719576719576,
                0.2962962962962963,
                0.2857142857142857,
                0.3544973544973545,
                0.2751322751322751
            ],
            "weighted": [
                0.19047619047619047,
                0.19576719576719576,
                0.2962962962962963,
                0.2857142857142857,
                0.3544973544973545,
                0.2751322751322751
            ]
        },