{
    "train": {
        "loss": [
            102.2971076965332,
            57.44018751382828,
            46.26126056164503,
            37.329460401088,
            32.13845131918788,
            26.367022883147
        ],
        "accuracy": {
            "macro": [
                0.8783945816319917,
                0.932737294110107,
                0.9446741011343972,
                0.9556655771326028,
                0.9630039095045825,
                0.9686278279817984
            ],
            "micro": [
                0.8783945816319917,
                0.9327372941101071,
                0.9446741011343972,
                0.9556655771326027,
                0.9630039095045825,
                0.9686278279817984
            ]
        },
        "precision": {
            "macro": [
                0.7739273877592333,
                0.8491102248737653,
                0.8784077136364109,
                0.9011352043672519,
                0.9154105250987726,
                0.9288938947667157
            ],
            "micro": [
                0.77265625,
                0.8462131219726993,
                0.8753069285790541,
                0.8993482983345402,
                0.9153799268590004,
                0.9280265007026701
            ]
        },
        "recall": {
            "macro": [
                0.38360062932432265,
                0.7323980273226662,
                0.7818087933605965,
                0.8288001145206576,
                0.8586963357190439,
                0.8819245247206134
            ],
            "micro": [
                0.3841895697776051,
                0.7329328756674295,
                0.7820488363220145,
                0.8289473684210527,
                0.8592543148660245,
                0.8816517261110052
            ]
        },
        "f1": {
            "macro": [
                0.5105278901257685,
                0.7855612065845573,
                0.8264636183537363,
                0.8626453409721712,
                0.8858286152964023,
                0.9044705051932317
            ],
            "micro": [
                0.5131997146007654,
                0.7855099121193542,
                0.8260541030678555,
                0.8627139667576285,
                0.8864295902808518,
                0.9042449139280125
            ]
        }
    },
    "val": {
        "loss": [
            17.981630578637123,
            15.75700168311596,
            15.157426543533802,
            15.350410427898169,
            17.326106254011393,
            16.6397313028574
        ],
        "accuracy": {
            "macro": [
                0.9222092570984053,
                0.9281083884351097,
                0.9323220536756125,
                0.9320627511992741,
                0.9295993776740569,
                0.9302476338649034
            ],
            "micro": [
                0.9222092570984053,
                0.9281083884351096,
                0.9323220536756126,
                0.932062751199274,
                0.9295993776740568,
                0.9302476338649034
            ]
        },
        "precision": {
            "macro": [
                0.7854661517066582,
                0.7954489600151229,
                0.7872143539210902,
                0.7869384505740845,
                0.7804342176964467,
                0.7758962237435991
            ],
            "micro": [
                0.782716049382716,
                0.7799006495987773,
                0.7827050997782705,
                0.7851270553064275,
                0.7771982116244411,
                0.7761799410029498
            ],
            "weighted": [
                0.7866561489966881,
                0.7968001538875057,
                0.7885834696554159,
                0.7885782665948401,
                0.7810247831323018,
                0.7766489401450275
            ]
        },
        "recall": {
            "macro": [
                0.7380711944969697,
                0.792811053265059,
                0.8226914828388135,
                0.8158539771821612,
                0.8090521310729057,
                0.8164173302998955
            ],
            "micro": [
                0.7389277389277389,
                0.7929292929292929,
                0.8228438228438228,
                0.8162393162393162,
                0.8104118104118104,
                0.8177933177933178
            ],
            "weighted": [
                0.7389277389277389,
                0.7929292929292929,
                0.8228438228438228,
                0.8162393162393162,
                0.8104118104118104,
                0.8177933177933178
            ]
        },
        "f1": {
            "macro": [
                0.7579443321224196,
                0.7891006386372189,
                0.8028728045464614,
                0.8002395773414195,
                0.7913617786728095,
                0.7950712435610247
            ],
            "micro": [
                0.7601918465227818,
                0.7863610094394143,
                0.8022727272727272,
                0.8003809523809524,
                0.7934575884366679,
                0.7964434354899735
            ],
            "weighted": [
                0.7589505070738334,
                0.7899268445521546,
                0.8036880675952285,
                0.8012729274940442,
                0.7923807868811406,
                0.7961221086659825
            ]
        }
    },
    "test": {
        "loss": [
            2.7246920466423035,
            3.1761390566825867,
            3.1353198289871216,
            2.7716910243034363,
            2.8970818519592285,
            3.0660728216171265
        ],
        "accuracy": {
            "macro": [
                0.7140804597701149,
                0.6954022988505747,
                0.7011494252873564,
                0.7370689655172414,
                0.7413793103448277,
                0.7298850574712642
            ],
            "micro": [
                0.7140804597701149,
                0.6954022988505747,
                0.7011494252873564,
                0.7370689655172413,
                0.7413793103448276,
                0.7298850574712644
            ]
        },
        "precision": {
            "macro": [
                0.5136494252873564,
                0.29873543620346693,
                0.6415391841116479,
                0.7810185185185184,
                0.7189487760916332,
                0.6631425718435522
            ],
            "micro": [
                0.4431818181818182,
                0.3883495145631068,
                0.41284403669724773,
                0.5245901639344263,
                0.5365853658536586,
                0.5041322314049587
            ],
            "weighted": [
                0.655103995621237,
                0.4096920571771382,
                0.7752952227589908,
                0.8198265726043502,
                0.7733878953833602,
                0.7493469610066248
            ]
        },
        "recall": {
            "macro": [
                0.2410453345937217,
                0.25522864232541653,
                0.26251394961072383,
                0.3189741784499849,
                0.3688766132314519,
                0.3321612378063991
            ],
            "micro": [
                0.20634920634920634,
                0.21164021164021163,
                0.23809523809523808,
                0.3386243386243386,
                0.3492063492063492,
                0.32275132275132273
            ],
            "weighted": [
                0.20634920634920634,
                0.21164021164021163,
                0.23809523809523808,
                0.3386243386243386,
                0.3492063492063492,
                0.32275132275132273
            ]
        },