{
    "train": {
        "loss": [
            101.2997185960412,
            55.32801599800587,
            44.61443393304944,
            35.49031822383404,
            30.486759623512626,
            25.12869585119188
        ],
        "accuracy": {
            "macro": [
                0.8785566141681249,
                0.9362943023777478,
                0.9462923796705761,
                0.9580048708581682,
                0.9638691277318466,
                0.9698775876434018
            ],
            "micro": [
                0.8785566141681249,
                0.9362943023777479,
                0.9462923796705762,
                0.9580048708581683,
                0.9638691277318464,
                0.9698775876434019
            ]
        },
        "precision": {
            "macro": [
                0.7645410236715741,
                0.8590002963261029,
                0.8784554913609441,
                0.9048818182447054,
                0.9147053987494584,
                0.9275582498434637
            ],
            "micro": [
                0.7605057642246188,
                0.8555834515882546,
                0.8757246758722462,
                0.9028887523048555,
                0.9132268755649292,
                0.926686507936508
            ]
        },
        "recall": {
            "macro": [
                0.3961314690586853,
                0.7467999817405871,
                0.7929697502583344,
                0.840626047941523,
                0.8672440987596962,
                0.8913603873385755
            ],
            "micro": [
                0.39720306885500634,
                0.7471165761128586,
                0.7926724549184239,
                0.8404691522837799,
                0.8673216329645174,
                0.8911467277237168
            ]
        },
        "f1": {
            "macro": [
                0.5197589922547304,
                0.7978944684986047,
                0.8325918019661388,
                0.870805368094082,
                0.8898481134656572,
                0.9086432634357563
            ],
            "micro": [
                0.5218500797448166,
                0.7976796254834114,
                0.8321314102564104,
                0.8705615092103313,
                0.8896825008561224,
                0.9085692053302208
            ]
        }
    },
    "val": {
        "loss": [
            18.35493829101324,
            15.962841432541609,
            15.28439762070775,
            15.695691362023354,
            15.969298351556063,
            17.859852478839457
        ],
        "accuracy": {
            "macro": [
                0.9191624530014262,
                0.9314144950084273,
                0.9329054842473745,
                0.9316737974847661,
                0.9328406586282899,
                0.9268767016725009
            ],
            "micro": [
                0.9191624530014262,
                0.9314144950084273,
                0.9329054842473745,
                0.931673797484766,
                0.9328406586282899,
                0.926876701672501
            ]
        },
        "precision": {
            "macro": [
                0.7677265480722958,
                0.7954958668911968,
                0.7928973220124512,
                0.7799296011782803,
                0.7804360446720274,
                0.7710319063995988
            ],
            "micro": [
                0.7554955649826456,
                0.7805782060785768,
                0.7820183486238532,
                0.7710714285714285,
                0.7740899357601713,
                0.7573057733428368
            ],
            "weighted": [
                0.767667473330471,
                0.7941028313864263,
                0.7908917740910935,
                0.778641439284085,
                0.7792389280987108,
                0.7699934601482044
            ]
        },
        "recall": {
            "macro": [
                0.7630061585285016,
                0.8183658406305504,
                0.8277411421868969,
                0.8391853734313605,
                0.843269190815377,
                0.8277482517482432
            ],
            "micro": [
                0.7616640746500778,
                0.8188180404354588,
                0.828538102643857,
                0.8394245723172629,
                0.8433125972006221,
                0.8262052877138414
            ],
            "weighted": [
                0.7616640746500778,
                0.8188180404354588,
                0.828538102643857,
                0.8394245723172629,
                0.8433125972006221,
                0.8262052877138414
            ]
        },
        "f1": {
            "macro": [
                0.7593763342889513,
                0.8018935608046355,
                0.8068561616755051,
                0.8065649331385849,
                0.8090863152223434,
                0.7921556675568899
            ],
            "micro": [
                0.758567279767667,
                0.7992409867172676,
                0.8046063809703606,
                0.8037974683544304,
                0.8072199478972831,
                0.7902566009669022
            ],
            "weighted": [
                0.7587715448437947,
                0.8013078883337255,
                0.8060597717918435,
                0.8059288636944876,
                0.8084477862638377,
                0.7907735179460633
            ]
        }
    },
    "test": {
        "loss": [
            2.722167193889618,
            2.952934682369232,
            3.0400978326797485,
            3.209853768348694,
            3.506222128868103,
            2.9178918600082397
        ],
        "accuracy": {
            "macro": [
                0.6954022988505747,
                0.6939655172413793,
                0.6939655172413793,
                0.7097701149425287,
                0.7068965517241379,
                0.7456896551724138
            ],
            "micro": [
                0.6954022988505747,
                0.6939655172413793,
                0.6939655172413793,
                0.7097701149425287,
                0.7068965517241379,
                0.7456896551724138
            ]
        },
        "precision": {
            "macro": [
                0.5066814322628276,
                0.7864906832298137,
                0.7589590964590965,
                0.7667321872127363,
                0.6780144809737809,
                0.6929695767195767
            ],
            "micro": [
                0.35064935064935066,
                0.3888888888888889,
                0.4076923076923077,
                0.45038167938931295,
                0.44525547445255476,
                0.5428571428571428
            ],
            "weighted": [
                0.6002630854236612,
                0.8420667784021821,
                0.8000276178847607,
                0.8117700730210264,
                0.7227232187274302,
                0.7312330981775426
            ]
        },
        "recall": {
            "macro": [
                0.16284488361101265,
                0.2509447168721362,
                0.3029186688460882,
                0.3232714791182533,
                0.3511628231386296,
                0.4077713281342314
            ],
            "micro": [
                0.14285714285714285,
                0.2222222222222222,
                0.2804232804232804,
                0.31216931216931215,
                0.32275132275132273,
                0.4021164021164021
            ],
            "weighted": [
                0.14285714285714285,
                0.2222222222222222,
                0.2804232804232804,
                0.31216931216931215,
                0.32275132275132273,
                0.4021164021164021
            ]
        },