{
    "train": {
        "loss": [
            109.32470308244228,
            63.79837980121374,
            52.037984028458595,
            43.645718052983284,
            37.53836211934686,
            31.057416518218815
        ],
        "accuracy": {
            "macro": [
                0.8905293739432764,
                0.9356470671478102,
                0.9473926271846035,
                0.9555296115474422,
                0.9617679662256186,
                0.968619542913748
            ],
            "micro": [
                0.8905293739432762,
                0.9356470671478101,
                0.9473926271846034,
                0.9555296115474422,
                0.9617679662256186,
                0.968619542913748
            ]
        },
        "precision": {
            "macro": [
                0.7615531216398767,
                0.8316691803985057,
                0.8617976156641997,
                0.8843980393304381,
                0.8988121819846555,
                0.9154506597647781
            ],
            "micro": [
                0.7639774859287054,
                0.8313016122689737,
                0.8600148920327625,
                0.8823742966055546,
                0.897047086991221,
                0.9142484795829713
            ]
        },
        "recall": {
            "macro": [
                0.339307630585479,
                0.6934268387971637,
                0.7578085941986419,
                0.7973730579463977,
                0.8297007990732093,
                0.8630088410052468
            ],
            "micro": [
                0.3391072618254497,
                0.6932852340739526,
                0.7575633352463721,
                0.7970812494875789,
                0.8293842748216774,
                0.8627531360170534
            ]
        },
        "f1": {
            "macro": [
                0.4665330052286008,
                0.7554212125738832,
                0.8058583260305714,
                0.8380460368236771,
                0.8624133142736875,
                0.888073641934733
            ],
            "micro": [
                0.46971969085246285,
                0.7560463140953999,
                0.8055446580358311,
                0.8375619211716563,
                0.8618897503621027,
                0.8877546716159784
            ]
        }
    },
    "val": {
        "loss": [
            20.069456338882446,
            17.378151923418045,
            18.004232056438923,
            16.86512167006731,
            17.91396478563547,
            17.94756731390953
        ],
        "accuracy": {
            "macro": [
                0.9224027056637928,
                0.9328347544419568,
                0.930643547849283,
                0.9349783261087029,
                0.9330252941456676,
                0.9328347544419568
            ],
            "micro": [
                0.9224027056637927,
                0.9328347544419568,
                0.930643547849283,
                0.9349783261087029,
                0.9330252941456676,
                0.9328347544419568
            ]
        },
        "precision": {
            "macro": [
                0.736235763223089,
                0.7632812116260341,
                0.7413228864197745,
                0.7598467073572086,
                0.7461661821491974,
                0.7424807670640384
            ],
            "micro": [
                0.7275141055426485,
                0.7584525357607282,
                0.7366646229307173,
                0.7553889409559512,
                0.7472084367245657,
                0.7425259304453935
            ],
            "weighted": [
                0.7366540861970595,
                0.7660992652423797,
                0.744522320170366,
                0.7621321862187349,
                0.7489394909078692,
                0.7438425354080168
            ]
        },
        "recall": {
            "macro": [
                0.7298728362517837,
                0.7782677660037862,
                0.8018510255166174,
                0.8059316373315989,
                0.8028389024840072,
                0.8103539297496901
            ],
            "micro": [
                0.7306666666666667,
                0.7776666666666666,
                0.801,
                0.806,
                0.803,
                0.8113333333333334
            ],
            "weighted": [
                0.7306666666666667,
                0.7776666666666666,
                0.801,
                0.806,
                0.803,
                0.8113333333333334
            ]
        },
        "f1": {
            "macro": [
                0.7287090120097731,
                0.7686297047238085,
                0.7659078159940119,
                0.7798848329339091,
                0.7713210541596816,
                0.7746033248685323
            ],
            "micro": [
                0.7290869782138699,
                0.7679394338380513,
                0.767486426061961,
                0.7798742138364779,
                0.7741002570694087,
                0.7754061803122013
            ],
            "weighted": [
                0.729389792514877,
                0.7696764447033887,
                0.7672676440757719,
                0.7811687502364013,
                0.7729029686031124,
                0.7758050042964392
            ]
        }
    },
    "test": {
        "loss": [
            2.8940213322639465,
            3.0512574315071106,
            3.2325037121772766,
            3.263336658477783,
            3.123265027999878,
            3.428116798400879
        ],
        "accuracy": {
            "macro": [
                0.7142857142857143,
                0.7105911330049263,
                0.7007389162561576,
                0.7204433497536945,
                0.7376847290640393,
                0.7253694581280788
            ],
            "micro": [
                0.7142857142857143,
                0.7105911330049262,
                0.7007389162561576,
                0.7204433497536946,
                0.7376847290640394,
                0.7253694581280788
            ]
        },
        "precision": {
            "macro": [
                0.2715298885511651,
                0.23005565862708718,
                0.5020186335403726,
                0.6782270140760707,
                0.6430622009569378,
                0.5980089111668059
            ],
            "micro": [
                0.24705882352941178,
                0.2830188679245283,
                0.2672413793103448,
                0.33035714285714285,
                0.4016393442622951,
                0.35833333333333334
            ],
            "weighted": [
                0.4587789410484445,
                0.3758217091550424,
                0.6290487692661606,
                0.8360187680942399,
                0.7848189497312303,
                0.7509488742432212
            ]
        },
        "recall": {
            "macro": [
                0.15759918524895483,
                0.15184303663566337,
                0.14461613015760483,
                0.19527023795456971,
                0.22002111431834934,
                0.23543505905257053
            ],
            "micro": [
                0.1111111111111111,
                0.15873015873015872,
                0.164021164021164,
                0.19576719576719576,
                0.25925925925925924,
                0.2275132275132275
            ],
            "weighted": [
                0.1111111111111111,
                0.15873015873015872,
                0.164021164021164,
                0.19576719576719576,
                0.25925925925925924,
                0.2275132275132275
            ]
        },