{
    "train": {
        "loss": [
            71.26281055808067,
            47.089676052331924,
            36.738565012812614,
            28.987852074205875,
            23.877532817423344,
            19.175352588295937,
            15.598418459296227,
            11.752139480784535
        ],
        "accuracy": {
            "macro": [
                0.7440933032355154,
                0.8567138567138568,
                0.8957528957528957,
                0.920992420992421,
                0.9345059345059346,
                0.9483769483769483,
                0.9582439582439582,
                0.9683969683969683
            ],
            "micro": [
                0.7440933032355155,
                0.8567138567138567,
                0.8957528957528957,
                0.920992420992421,
                0.9345059345059346,
                0.9483769483769484,
                0.9582439582439582,
                0.9683969683969684
            ]
        },
        "precision": {
            "macro": [
                0.5641443358297702,
                0.7876727821966542,
                0.8416900099256747,
                0.8792492697801312,
                0.8966600703567016,
                0.9205744582972218,
                0.9370320140911957,
                0.9513278738573234
            ],
            "micro": [
                0.6318607764390897,
                0.79863394889957,
                0.8451519536903039,
                0.8806110458284371,
                0.8998612395929695,
                0.9214154411764706,
                0.9334883720930233,
                0.9482913669064749
            ]
        },
        "recall": {
            "macro": [
                0.35423080473178975,
                0.6882909797263926,
                0.7986353053873962,
                0.8556622762738355,
                0.8851294278834386,
                0.9117498057123062,
                0.9325961215842202,
                0.9491637030602371
            ],
            "micro": [
                0.4507042253521127,
                0.7232531500572738,
                0.8111111111111111,
                0.8625690607734806,
                0.8895747599451304,
                0.9134396355353075,
                0.9308905380333952,
                0.9521444695259593
            ]
        },
        "f1": {
            "macro": [
                0.4049696071820433,
                0.7326694846892844,
                0.8191097613545416,
                0.8669873062044471,
                0.8904684752637237,
                0.9158155169858389,
                0.9347015688106728,
                0.9500845546650769
            ],
            "micro": [
                0.5261251219172357,
                0.7590767011300794,
                0.827781715095677,
                0.8714966856611233,
                0.8946884341227869,
                0.9174102036147336,
                0.9321876451463075,
                0.950214012164902
            ]
        }
    },
    "val": {
        "loss": [
            14.575909942388535,
            12.34712216258049,
            12.514357313513756,
            12.639874875545502,
            12.499747022986412,
            13.565109550952911,
            14.853824108839035,
            14.827222228050232
        ],
        "accuracy": {
            "macro": [
                0.8137432188065099,
                0.8490054249547919,
                0.8456901748040989,
                0.8553345388788426,
                0.8601567209162145,
                0.8505123568414708,
                0.8508137432188064,
                0.8565400843881857
            ],
            "micro": [
                0.8137432188065099,
                0.849005424954792,
                0.8456901748040988,
                0.8553345388788427,
                0.8601567209162145,
                0.8505123568414708,
                0.8508137432188065,
                0.8565400843881856
            ]
        },
        "precision": {
            "macro": [
                0.6860232868273654,
                0.6684864167361336,
                0.6864973541462048,
                0.6831079148011852,
                0.6916702247990592,
                0.6791532733622697,
                0.6683981199427914,
                0.679915279587461
            ],
            "micro": [
                0.7590551181102362,
                0.7413419913419913,
                0.7361563517915309,
                0.7429760665972945,
                0.7528795811518325,
                0.7443120260021668,
                0.7132075471698113,
                0.7405515832482125
            ],
            "weighted": [
                0.7791232260888132,
                0.7475833964114138,
                0.7568125085880042,
                0.748300729049126,
                0.7542349883258532,
                0.7602558613662413,
                0.7165334811139004,
                0.7420313535118491
            ]
        },
        "recall": {
            "macro": [
                0.4855967252354219,
                0.6593617073208445,
                0.6478385281647931,
                0.6820426986016721,
                0.6935947554144679,
                0.6756324038882284,
                0.6983469381540003,
                0.6952188706579862
            ],
            "micro": [
                0.5089757127771911,
                0.723336853220697,
                0.7159450897571278,
                0.7539598732840549,
                0.7592397043294614,
                0.7254487856388595,
                0.7983104540654699,
                0.7655755015839493
            ],
            "weighted": [
                0.5089757127771911,
                0.723336853220697,
                0.7159450897571278,
                0.7539598732840549,
                0.7592397043294614,
                0.7254487856388595,
                0.7983104540654699,
                0.7655755015839493
            ]
        },
        "f1": {
            "macro": [
                0.5578576141500775,
                0.6622681144608834,
                0.6550416550512362,
                0.6789312947300136,
                0.6915103074339508,
                0.6717559721013697,
                0.6746817269649693,
                0.6861672885527726
            ],
            "micro": [
                0.6093552465233881,
                0.7322287546766435,
                0.7259100642398287,
                0.7484276729559749,
                0.7560462670872766,
                0.73475935828877,
                0.7533632286995515,
                0.7528556593977155
            ],
            "weighted": [
                0.6077222814711262,
                0.7344060849342562,
                0.7278802970576703,
                0.7489085193281564,
                0.7556291028034595,
                0.7386273919846159,
                0.7495999779960902,
                0.7523625055241706
            ]
        }
    },
    "test": {
        "loss": [
            3.376988112926483,
            3.0533887147903442,
            3.1992652863264084,
            3.080453187227249,
            3.143732860684395,
            3.402389347553253,
            3.7963318824768066,
            3.8782958984375
        ],
        "accuracy": {
            "macro": [
                0.8060344827586207,
                0.8505747126436781,
                0.8390804597701149,
                0.8520114942528735,
                0.8534482758620688,
                0.8419540229885057,
                0.8520114942528734,
                0.8433908045977011
            ],
            "micro": [
                0.8060344827586207,
                0.8505747126436781,
                0.8390804597701149,
                0.8520114942528736,
                0.853448275862069,
                0.8419540229885057,
                0.8520114942528736,
                0.8433908045977011
            ]
        },