{
    "train": {
        "loss": [
            71.17559406161308,
            46.17846289277077,
            35.8653172403574,
            27.97567205503583,
            22.554375275969505,
            17.953231923282146,
            14.780088294297457,
            12.298923721536994
        ],
        "accuracy": {
            "macro": [
                0.7418699186991872,
                0.8600858369098713,
                0.8975679542203148,
                0.9201716738197425,
                0.9376251788268956,
                0.9512875536480686,
                0.9602288984263234,
                0.9650929899856938
            ],
            "micro": [
                0.741869918699187,
                0.8600858369098713,
                0.8975679542203148,
                0.9201716738197425,
                0.9376251788268956,
                0.9512875536480687,
                0.9602288984263233,
                0.9650929899856938
            ]
        },
        "precision": {
            "macro": [
                0.6192640763038205,
                0.7863681406698366,
                0.8412305109501955,
                0.8784245753643686,
                0.9039521234117766,
                0.9269320591132515,
                0.9407483569276861,
                0.9472623970077326
            ],
            "micro": [
                0.6404223227752639,
                0.799618320610687,
                0.8440200090950432,
                0.8782894736842105,
                0.9027184902269153,
                0.9234716644355199,
                0.9382882882882883,
                0.9441340782122905
            ]
        },
        "recall": {
            "macro": [
                0.39762075387569684,
                0.7187996169920109,
                0.8191247227898094,
                0.856011031480571,
                0.8985065340592452,
                0.9224137024415485,
                0.9372469115361688,
                0.9430812303988532
            ],
            "micro": [
                0.48692660550458716,
                0.7502238137869293,
                0.8326603858232391,
                0.8620848708487084,
                0.901503253309401,
                0.9245030154121063,
                0.9366007194244604,
                0.9466726417208156
            ]
        },
        "f1": {
            "macro": [
                0.44983464857015304,
                0.7495939667607902,
                0.8290963491406013,
                0.8661359631171787,
                0.901000741509702,
                0.9244082100571201,
                0.938895596706279,
                0.9448956172117011
            ],
            "micro": [
                0.5532247557003257,
                0.7741339491916859,
                0.8383017163504968,
                0.8701117318435754,
                0.902110462505613,
                0.9239870521263533,
                0.9374437443744373,
                0.9454016558514208
            ]
        }
    },
    "val": {
        "loss": [
            14.744207262992859,
            13.609856128692627,
            13.213624119758606,
            13.568092375993729,
            14.611294209957123,
            15.204266399145126,
            15.15779235959053,
            15.611438050866127
        ],
        "accuracy": {
            "macro": [
                0.8002406738868832,
                0.8252105896510229,
                0.8366425992779783,
                0.8426594464500602,
                0.8369434416365823,
                0.8435619735258725,
                0.8525872442839951,
                0.8546931407942239
            ],
            "micro": [
                0.8002406738868832,
                0.8252105896510229,
                0.8366425992779783,
                0.8426594464500602,
                0.8369434416365824,
                0.8435619735258725,
                0.8525872442839952,
                0.8546931407942239
            ]
        },
        "precision": {
            "macro": [
                0.6014284001321023,
                0.619490465787698,
                0.6510772373146502,
                0.63655864609596,
                0.6058330216193154,
                0.6455678388453417,
                0.6674534523720642,
                0.6611944235080459
            ],
            "micro": [
                0.6508135168961201,
                0.6727078891257996,
                0.7075688073394495,
                0.70276008492569,
                0.6813186813186813,
                0.71412680756396,
                0.7233584499461787,
                0.714867617107943
            ],
            "weighted": [
                0.70043180714345,
                0.7017038022442638,
                0.7281782530896895,
                0.7100833325371331,
                0.6908782216857354,
                0.7252571383089336,
                0.7319490374537218,
                0.7029988444588432
            ]
        },
        "recall": {
            "macro": [
                0.5296805918340222,
                0.6429605703924313,
                0.607783095794139,
                0.6478751244317503,
                0.6838258219954648,
                0.6505513055501306,
                0.6493980741219934,
                0.648878978425501
            ],
            "micro": [
                0.574585635359116,
                0.6972375690607735,
                0.6817679558011049,
                0.7314917127071823,
                0.7535911602209945,
                0.7093922651933702,
                0.7425414364640884,
                0.7756906077348066
            ],
            "weighted": [
                0.574585635359116,
                0.6972375690607735,
                0.6817679558011049,
                0.7314917127071823,
                0.7535911602209945,
                0.7093922651933702,
                0.7425414364640884,
                0.7756906077348066
            ]
        },
        "f1": {
            "macro": [
                0.5502478098871822,
                0.6185398314982271,
                0.6200317126938927,
                0.6385489122578899,
                0.6389398423835854,
                0.6463385629164365,
                0.6512739302166018,
                0.6319829655472705
            ],
            "micro": [
                0.6103286384976525,
                0.6847531199131851,
                0.6944288126055148,
                0.7168381158635625,
                0.7156348373557188,
                0.7117516629711752,
                0.732824427480916,
                0.7440381558028617
            ],
            "weighted": [
                0.6237896989702919,
                0.6917523406707992,
                0.6980672130665876,
                0.7173249559919941,
                0.718451477297322,
                0.7165054416874115,
                0.732092337319376,
                0.7283498109571839
            ]
        }
    },
    "test": {
        "loss": [
            3.256307154893875,
            3.113674759864807,
            2.9826228469610214,
            3.236170530319214,
            3.358848914504051,
            3.223100408911705,
            3.6106070280075073,
            3.7599368691444397
        ],
        "accuracy": {
            "macro": [
                0.8275862068965516,
                0.8390804597701149,
                0.8433908045977011,
                0.8304597701149427,
                0.8347701149425287,
                0.8390804597701149,
                0.8462643678160919,
                0.8390804597701148
            ],
            "micro": [
                0.8275862068965517,
                0.8390804597701149,
                0.8433908045977011,
                0.8304597701149425,
                0.8347701149425287,
                0.8390804597701149,
                0.8462643678160919,
                0.8390804597701149
            ]
        },