{
    "train": {
        "loss": [
            72.4661357998848,
            47.70363648235798,
            36.82500587403774,
            28.135450549423695,
            23.40235160291195,
            18.432165302336216,
            14.233825135976076,
            11.963381074368954
        ],
        "accuracy": {
            "macro": [
                0.7436013249021379,
                0.8582260371959943,
                0.8904864091559371,
                0.9206723891273247,
                0.9362660944206008,
                0.9514306151645208,
                0.9623032904148783,
                0.967453505007153
            ],
            "micro": [
                0.7436013249021379,
                0.8582260371959943,
                0.890486409155937,
                0.9206723891273247,
                0.9362660944206008,
                0.9514306151645208,
                0.9623032904148784,
                0.9674535050071531
            ]
        },
        "precision": {
            "macro": [
                0.6510877059130905,
                0.7905399962550249,
                0.8336994007121507,
                0.8835699772579847,
                0.9037138450490696,
                0.9270943926421223,
                0.9454605778920229,
                0.9487157239929495
            ],
            "micro": [
                0.6536061026352289,
                0.7906257435165358,
                0.836814321781042,
                0.8808337109198007,
                0.8988532110091743,
                0.9254405784003615,
                0.9405984814649397,
                0.946617579383341
            ]
        },
        "recall": {
            "macro": [
                0.33328680096291746,
                0.711776020835471,
                0.8002811434168585,
                0.8582860095455885,
                0.8951569939902683,
                0.919074389429052,
                0.9394171371381801,
                0.9493406520873734
            ],
            "micro": [
                0.4391891891891892,
                0.7509604519774011,
                0.8163905060456784,
                0.8696041154104227,
                0.8970016021972992,
                0.9214848143982002,
                0.9416498993963782,
                0.9485819691030667
            ]
        },
        "f1": {
            "macro": [
                0.389220539625814,
                0.7450637177881022,
                0.8156937073167527,
                0.8699450607212853,
                0.8990523383929835,
                0.9230116257011804,
                0.9421883449546554,
                0.9489963467765734
            ],
            "micro": [
                0.5253623188405797,
                0.7702828001854428,
                0.8264762552419812,
                0.8751828925154755,
                0.8979264520563638,
                0.9234584601510539,
                0.9411238967713104,
                0.9475987561902569
            ]
        }
    },
    "val": {
        "loss": [
            14.257748544216156,
            13.100946128368378,
            13.103186830878258,
            13.367897510528564,
            13.250215619802475,
            14.26844322681427,
            15.114626377820969,
            14.82263320684433
        ],
        "accuracy": {
            "macro": [
                0.8134777376654633,
                0.828820697954272,
                0.8393501805054152,
                0.8411552346570398,
                0.8441636582430808,
                0.8450661853188929,
                0.8447653429602888,
                0.8489771359807462
            ],
            "micro": [
                0.8134777376654633,
                0.8288206979542719,
                0.8393501805054152,
                0.8411552346570397,
                0.8441636582430806,
                0.8450661853188929,
                0.8447653429602888,
                0.8489771359807461
            ]
        },
        "precision": {
            "macro": [
                0.6384875888775942,
                0.6681449960036275,
                0.6647896760194211,
                0.6455293165570726,
                0.6462069933527916,
                0.651592911857204,
                0.6495342924916369,
                0.6659652534314332
            ],
            "micro": [
                0.6617480136208853,
                0.7043795620437956,
                0.7001078748651565,
                0.6949327817993796,
                0.7030430220356768,
                0.7061310782241015,
                0.7130339539978094,
                0.719260065288357
            ],
            "weighted": [
                0.67394009361225,
                0.744627190452025,
                0.7157277905717035,
                0.6959069609137157,
                0.701268967803575,
                0.7012534983064459,
                0.71840618906667,
                0.715086644659486
            ]
        },
        "recall": {
            "macro": [
                0.5336540049842431,
                0.5914347458522549,
                0.6477661551741761,
                0.6528072998197358,
                0.6625420544417999,
                0.6518410010301492,
                0.6677859709999644,
                0.6576872376403146
            ],
            "micro": [
                0.6441988950276243,
                0.6397790055248619,
                0.7171270718232045,
                0.7425414364640884,
                0.7403314917127072,
                0.7381215469613259,
                0.7193370165745856,
                0.7303867403314918
            ],
            "weighted": [
                0.6441988950276243,
                0.6397790055248619,
                0.7171270718232045,
                0.7425414364640884,
                0.7403314917127072,
                0.7381215469613259,
                0.7193370165745856,
                0.7303867403314918
            ]
        },
        "f1": {
            "macro": [
                0.5504766117262923,
                0.6016572764039604,
                0.6433686844271761,
                0.6425551865167994,
                0.6515526842153384,
                0.6494633045427647,
                0.6570568429185385,
                0.660829982905942
            ],
            "micro": [
                0.6528555431131019,
                0.6705269253039953,
                0.7085152838427948,
                0.717948717948718,
                0.721205597416577,
                0.7217720151269583,
                0.7161716171617162,
                0.7247807017543861
            ],
            "weighted": [
                0.6323360921051634,
                0.6735910906079705,
                0.7049950816467435,
                0.7122581837165021,
                0.7187682479552137,
                0.7172030043824662,
                0.7179882463999023,
                0.7216252843322287
            ]
        }
    },
    "test": {
        "loss": [
            3.3340908586978912,
            3.2028751373291016,
            3.2791637778282166,
            3.371056690812111,
            3.08002907037735,
            3.4680803418159485,
            3.5713345110416412,
            3.6831285059452057
        ],
        "accuracy": {
            "macro": [
                0.8275862068965517,
                0.8247126436781609,
                0.8362068965517242,
                0.8333333333333334,
                0.8462643678160919,
                0.8448275862068965,
                0.8419540229885057,
                0.8405172413793104
            ],
            "micro": [
                0.8275862068965517,
                0.8247126436781609,
                0.8362068965517241,
                0.8333333333333334,
                0.8462643678160919,
                0.8448275862068966,
                0.8419540229885057,
                0.8405172413793104
            ]
        },