{
    "train": {
        "loss": [
            71.11378943920135,
            45.22983877360821,
            34.30578574538231,
            26.129065178334713,
            23.012358397245407,
            17.453049644827843,
            15.036721277981997,
            10.845242822542787
        ],
        "accuracy": {
            "macro": [
                0.7553047404063206,
                0.8660803660803662,
                0.902974402974403,
                0.9304304304304306,
                0.9343629343629344,
                0.9535249535249535,
                0.9593879593879594,
                0.9694694694694695
            ],
            "micro": [
                0.7553047404063206,
                0.8660803660803661,
                0.902974402974403,
                0.9304304304304304,
                0.9343629343629344,
                0.9535249535249535,
                0.9593879593879594,
                0.9694694694694694
            ]
        },
        "precision": {
            "macro": [
                0.730226806127277,
                0.8023461353168218,
                0.8510235991305671,
                0.8922649191185096,
                0.8968528974918368,
                0.9286102337022574,
                0.9342588928674461,
                0.9540636459610727
            ],
            "micro": [
                0.6976744186046512,
                0.8101204819277108,
                0.8585466179159049,
                0.8924205378973105,
                0.8967889908256881,
                0.9263134461264471,
                0.9323223177908556,
                0.9529569892473119
            ]
        },
        "recall": {
            "macro": [
                0.32917904640243617,
                0.7239515547669537,
                0.8216109771514516,
                0.8827482588644265,
                0.8880176198798013,
                0.9261290174546511,
                0.9385712747335383,
                0.9510940499508487
            ],
            "micro": [
                0.43719639139486466,
                0.7560152912075556,
                0.835817575083426,
                0.8914298401420959,
                0.8931018730013704,
                0.9287946428571429,
                0.9386964448495898,
                0.9514649966450458
            ]
        },
        "f1": {
            "macro": [
                0.38987140604995246,
                0.7585818957675011,
                0.835685826691649,
                0.8869985177353549,
                0.8921927025609984,
                0.9271900418284332,
                0.9361913351317238,
                0.952511833474416
            ],
            "micro": [
                0.537542662116041,
                0.782133302314761,
                0.8470296471649195,
                0.891924913917583,
                0.8949416342412452,
                0.927552385198395,
                0.9354985237338179,
                0.9522104085058758
            ]
        }
    },
    "val": {
        "loss": [
            14.004971116781235,
            13.39354494214058,
            12.862784430384636,
            13.562280535697937,
            14.727757036685944,
            14.3341955691576,
            14.856497824192047,
            15.497703850269318
        ],
        "accuracy": {
            "macro": [
                0.8245931283905966,
                0.8360458107293551,
                0.8474984930681133,
                0.842977697408077,
                0.8330319469559976,
                0.8474984930681133,
                0.8511151295961423,
                0.8481012658227849
            ],
            "micro": [
                0.8245931283905967,
                0.836045810729355,
                0.8474984930681133,
                0.8429776974080772,
                0.8330319469559976,
                0.8474984930681133,
                0.8511151295961422,
                0.8481012658227848
            ]
        },
        "precision": {
            "macro": [
                0.6407079221178643,
                0.6531679733564882,
                0.6688562642168003,
                0.6471579419626085,
                0.6303382972585274,
                0.6581289297346455,
                0.6780450890785845,
                0.6536368160879624
            ],
            "micro": [
                0.6690871369294605,
                0.7131147540983607,
                0.7098121085594989,
                0.6968463886063072,
                0.6728515625,
                0.7098121085594989,
                0.7406976744186047,
                0.7112970711297071
            ],
            "weighted": [
                0.6846791944340163,
                0.7274716678423707,
                0.7187954661459989,
                0.6996288736905659,
                0.692424289764203,
                0.7129277867366831,
                0.749169891265319,
                0.7132174259670898
            ]
        },
        "recall": {
            "macro": [
                0.6292143584747764,
                0.6341189408829753,
                0.6965483452268226,
                0.6972153655236598,
                0.6808223960423447,
                0.678860591919396,
                0.6399113259884998,
                0.6703900517379785
            ],
            "micro": [
                0.710352422907489,
                0.670704845814978,
                0.748898678414097,
                0.7544052863436124,
                0.7588105726872246,
                0.748898678414097,
                0.7015418502202643,
                0.748898678414097
            ],
            "weighted": [
                0.710352422907489,
                0.670704845814978,
                0.748898678414097,
                0.7544052863436124,
                0.7588105726872246,
                0.748898678414097,
                0.7015418502202643,
                0.748898678414097
            ]
        },
        "f1": {
            "macro": [
                0.6164473485926466,
                0.635455631456615,
                0.6781319423988613,
                0.6694057727073073,
                0.6431111406427116,
                0.6650959155055353,
                0.6506033665045449,
                0.6585929707507704
            ],
            "micro": [
                0.6891025641025641,
                0.6912599318955732,
                0.7288317256162915,
                0.7244843997884717,
                0.7132505175983437,
                0.7288317256162915,
                0.7205882352941176,
                0.7296137339055795
            ],
            "weighted": [
                0.6873206509374535,
                0.6929744971382801,
                0.7294307678043258,
                0.7246243319204293,
                0.7153903110580223,
                0.7274910539314273,
                0.7212561730344135,
                0.7283990278893161
            ]
        }
    },
    "test": {
        "loss": [
            3.347182661294937,
            3.0432956516742706,
            3.2626160979270935,
            3.4073467552661896,
            3.375770390033722,
            3.390796482563019,
            3.6733272671699524,
            4.1880181431770325
        ],
        "accuracy": {
            "macro": [
                0.8218390804597702,
                0.8290229885057472,
                0.8362068965517242,
                0.8433908045977012,
                0.8304597701149424,
                0.8448275862068965,
                0.82183908045977,
                0.8390804597701149
            ],
            "micro": [
                0.8218390804597702,
                0.8290229885057471,
                0.8362068965517241,
                0.8433908045977011,
                0.8304597701149425,
                0.8448275862068966,
                0.8218390804597702,
                0.8390804597701149
            ]
        },