{
    "train": {
        "loss": [
            72.44331696629524,
            49.863049030303955,
            39.39685817062855,
            29.36024982482195,
            23.75255361199379,
            18.263258267194033,
            16.092474326491356,
            12.402415789663792
        ],
        "accuracy": {
            "macro": [
                0.7356970791930141,
                0.8474964234620886,
                0.884763948497854,
                0.9194563662374821,
                0.936766809728183,
                0.9532188841201717,
                0.9573676680972819,
                0.967453505007153
            ],
            "micro": [
                0.7356970791930142,
                0.8474964234620886,
                0.8847639484978541,
                0.9194563662374822,
                0.9367668097281832,
                0.9532188841201716,
                0.9573676680972818,
                0.9674535050071531
            ]
        },
        "precision": {
            "macro": [
                0.535280719806534,
                0.7715494076976016,
                0.8149531524176896,
                0.8770890620767887,
                0.904327822150492,
                0.9235587400237746,
                0.9347127340355086,
                0.9494267679682719
            ],
            "micro": [
                0.6302879488091006,
                0.7874606632776567,
                0.8266604952557278,
                0.8801747930082797,
                0.9036833676504232,
                0.9235970250169033,
                0.9326401446654611,
                0.9469046543154089
            ]
        },
        "recall": {
            "macro": [
                0.31551760406318613,
                0.6689798913978918,
                0.7817903200040411,
                0.8509818029005015,
                0.891882600166785,
                0.9248386606328015,
                0.9305648085827817,
                0.9522646133509522
            ],
            "micro": [
                0.41776625824693686,
                0.7217661415575771,
                0.8055931438881371,
                0.8634927797833934,
                0.8950827101744845,
                0.9286199864038069,
                0.9326401446654611,
                0.9501246882793017
            ]
        },
        "f1": {
            "macro": [
                0.3718079265869409,
                0.7121435466525715,
                0.7969353388585464,
                0.8633285990432137,
                0.8979291689650184,
                0.9240364855087074,
                0.9325134533111665,
                0.9506975759152384
            ],
            "micro": [
                0.5024798072835481,
                0.7531836073165085,
                0.8159908623643631,
                0.8717539863325741,
                0.8993624772313297,
                0.9261016949152543,
                0.9326401446654611,
                0.9485119384406472
            ]
        }
    },
    "val": {
        "loss": [
            14.16372725367546,
            13.34738951921463,
            13.00637173652649,
            13.195430308580399,
            13.910436272621155,
            14.11185859143734,
            14.233382940292358,
            14.831233099102974
        ],
        "accuracy": {
            "macro": [
                0.8225030084235861,
                0.8282190132370637,
                0.8345367027677497,
                0.8399518652226233,
                0.8429602888086642,
                0.8468712394705175,
                0.8498796630565583,
                0.848375451263538
            ],
            "micro": [
                0.822503008423586,
                0.8282190132370638,
                0.8345367027677497,
                0.8399518652226233,
                0.8429602888086642,
                0.8468712394705175,
                0.8498796630565584,
                0.8483754512635379
            ]
        },
        "precision": {
            "macro": [
                0.638324367303074,
                0.6118829092551485,
                0.6764694234621745,
                0.6469154461579812,
                0.6384052396031642,
                0.6470308421388323,
                0.6661066475429316,
                0.6587936667854709
            ],
            "micro": [
                0.6794150731158605,
                0.6650390625,
                0.7056128293241696,
                0.6957424714434061,
                0.69064039408867,
                0.7123142250530785,
                0.7199570815450643,
                0.7198697068403909
            ],
            "weighted": [
                0.6772273111392542,
                0.6785758015306196,
                0.7359272669581699,
                0.7091571809658808,
                0.6976420581916162,
                0.7116701130781486,
                0.7305926617637895,
                0.7143978835649757
            ]
        },
        "recall": {
            "macro": [
                0.5461167626585505,
                0.7000608548344768,
                0.6426280852024938,
                0.6781653516500402,
                0.7161256282020928,
                0.650265035184774,
                0.6893263848377814,
                0.6470636639109603
            ],
            "micro": [
                0.6644664466446645,
                0.7491749174917491,
                0.6776677667766776,
                0.7370737073707371,
                0.7711771177117712,
                0.7381738173817382,
                0.7381738173817382,
                0.7293729372937293
            ],
            "weighted": [
                0.6644664466446645,
                0.7491749174917491,
                0.6776677667766776,
                0.7370737073707371,
                0.7711771177117712,
                0.7381738173817382,
                0.7381738173817382,
                0.7293729372937293
            ]
        },
        "f1": {
            "macro": [
                0.5445959017420836,
                0.649223298199186,
                0.6395736235093489,
                0.6575347114529645,
                0.6726039007396679,
                0.645847157524243,
                0.6745854774985166,
                0.6477618591857314
            ],
            "micro": [
                0.671857619577308,
                0.7046042421107087,
                0.6913580246913581,
                0.7158119658119659,
                0.7286902286902287,
                0.7250135062128579,
                0.7289516567083106,
                0.7245901639344262
            ],
            "weighted": [
                0.6538266128633331,
                0.7091641931157296,
                0.6964671910977283,
                0.7200357337492126,
                0.7307814055328393,
                0.7227113200352666,
                0.733017058935316,
                0.719157284408492
            ]
        }
    },
    "test": {
        "loss": [
            3.4127697944641113,
            2.9379051625728607,
            2.843095287680626,
            2.7830821871757507,
            2.8713228553533554,
            3.057857573032379,
            3.229857876896858,
            2.9565058648586273
        ],
        "accuracy": {
            "macro": [
                0.8160919540229886,
                0.8448275862068965,
                0.8433908045977012,
                0.8548850574712642,
                0.8520114942528735,
                0.8520114942528735,
                0.8390804597701149,
                0.8534482758620691
            ],
            "micro": [
                0.8160919540229885,
                0.8448275862068966,
                0.8433908045977011,
                0.8548850574712644,
                0.8520114942528736,
                0.8520114942528736,
                0.8390804597701149,
                0.853448275862069
            ]
        },