{
    "train": {
        "loss": [
            1201.7804064496886
        ],
        "accuracy": {
            "macro": [
                0.9715081981493933
            ],
            "micro": [
                0.9715081981493934
            ]
        },
        "precision": {
            "macro": [
                0.8604801910502562
            ],
            "micro": [
                0.9258909474455643
            ]
        },
        "recall": {
            "macro": [
                0.7009918492127039
            ],
            "micro": [
                0.8704708576083502
            ]
        },
        "f1": {
            "macro": [
                0.7583821858140897
            ],
            "micro": [
                0.8973260117279757
            ]
        }
    },
    "val": {
        "loss": [
            240.17278007991263
        ],
        "accuracy": {
            "macro": [
                0.9766151504163441
            ],
            "micro": [
                0.9766151504163441
            ]
        },
        "precision": {
            "macro": [
                0.8614529232117711
            ],
            "micro": [
                0.9370834178932833
            ],
            "weighted": [
                0.9355266983240955
            ]
        },
        "recall": {
            "macro": [
                0.7531683065915514
            ],
            "micro": [
                0.8966607013669421
            ],
            "weighted": [
                0.8966607013669421
            ]
        },
        "f1": {
            "macro": [
                0.800256166260373
            ],
            "micro": [
                0.9164265241832074
            ],
            "weighted": [
                0.9142691667404848
            ]
        }
    },
    "test": {
        "loss": [
            1.1120185256004333
        ],
        "accuracy": {
            "macro": [
                0.7586206896551724
            ],
            "micro": [
                0.7586206896551724
            ]
        },
        "precision": {
            "macro": [
                0.6855644355644356
            ],
            "micro": [
                0.4507042253521127
            ],
            "weighted": [
                0.8454785954785956
            ]
        },
        "recall": {
            "macro": [
                0.18825264597153996
            ],
            "micro": [
                0.1693121693121693
            ],
            "weighted": [
                0.1693121693121693
            ]
        },
        "f1": {
            "macro": [
                0.20252012947195672
            ],
            "micro": [
                0.24615384615384614
            ],
            "weighted": [
                0.2309784201487782
            ]
        }
    }
}