{
    "train": {
        "loss": [
            1748.0792853534222
        ],
        "accuracy": {
            "macro": [
                0.9583003110649706
            ],
            "micro": [
                0.9583003110649706
            ]
        },
        "precision": {
            "macro": [
                0.9071076318820172
            ],
            "micro": [
                0.905308482626878
            ]
        },
        "recall": {
            "macro": [
                0.8382938551132627
            ],
            "micro": [
                0.8383455806770861
            ]
        },
        "f1": {
            "macro": [
                0.8706904743302492
            ],
            "micro": [
                0.8705412174724649
            ]
        }
    },
    "val": {
        "loss": [
            314.72037711922894
        ],
        "accuracy": {
            "macro": [
                0.9695805524319056
            ],
            "micro": [
                0.9695805524319054
            ]
        },
        "precision": {
            "macro": [
                0.8243829037998398
            ],
            "micro": [
                0.9210912036031053
            ],
            "weighted": [
                0.9288980174460691
            ]
        },
        "recall": {
            "macro": [
                0.8610048028705686
            ],
            "micro": [
                0.8942065394572826
            ],
            "weighted": [
                0.8942065394572826
            ]
        },
        "f1": {
            "macro": [
                0.838285689301061
            ],
            "micro": [
                0.9074497898178421
            ],
            "weighted": [
                0.9100346559554204
            ]
        }
    },
    "test": {
        "loss": [
            0.9932120144367218
        ],
        "accuracy": {
            "macro": [
                0.8002873563218391
            ],
            "micro": [
                0.8002873563218391
            ]
        },
        "precision": {
            "macro": [
                0.8013285024154589
            ],
            "micro": [
                0.7551020408163265
            ],
            "weighted": [
                0.8398780768345986
            ]
        },
        "recall": {
            "macro": [
                0.3685496179447793
            ],
            "micro": [
                0.3915343915343915
            ],
            "weighted": [
                0.3915343915343915
            ]
        },
        "f1": {
            "macro": [
                0.4338787368376001
            ],
            "micro": [
                0.5156794425087109
            ],
            "weighted": [
                0.48446606428923195
            ]
        }
    }
}