{
    "train": {
        "loss": [
            1202.7975503486523
        ],
        "accuracy": {
            "macro": [
                0.9714424822715019
            ],
            "micro": [
                0.9714424822715018
            ]
        },
        "precision": {
            "macro": [
                0.849787886674643
            ],
            "micro": [
                0.9260132099004343
            ]
        },
        "recall": {
            "macro": [
                0.6997271027776718
            ],
            "micro": [
                0.8698237916906576
            ]
        },
        "f1": {
            "macro": [
                0.755668865765997
            ],
            "micro": [
                0.8970394536671162
            ]
        }
    },
    "val": {
        "loss": [
            244.22803731486783
        ],
        "accuracy": {
            "macro": [
                0.9764484576916689
            ],
            "micro": [
                0.976448457691669
            ]
        },
        "precision": {
            "macro": [
                0.8637528550804147
            ],
            "micro": [
                0.9300435072316074
            ],
            "weighted": [
                0.9294548386883236
            ]
        },
        "recall": {
            "macro": [
                0.7601367867035896
            ],
            "micro": [
                0.9032741890662414
            ],
            "weighted": [
                0.9032741890662414
            ]
        },
        "f1": {
            "macro": [
                0.796809790427815
            ],
            "micro": [
                0.9164634111015196
            ],
            "weighted": [
                0.9147739678870117
            ]
        }
    },
    "test": {
        "loss": [
            1.189485102891922
        ],
        "accuracy": {
            "macro": [
                0.7672413793103446
            ],
            "micro": [
                0.7672413793103449
            ]
        },
        "precision": {
            "macro": [
                0.6180863649807751
            ],
            "micro": [
                0.5
            ],
            "weighted": [
                0.7993986000197181
            ]
        },
        "recall": {
            "macro": [
                0.23745625214519223
            ],
            "micro": [
                0.2328042328042328
            ],
            "weighted": [
                0.2328042328042328
            ]
        },
        "f1": {
            "macro": [
                0.2668918057856505
            ],
            "micro": [
                0.31768953068592054
            ],
            "weighted": [
                0.3194097400857238
            ]
        }
    }
}