{
    "train": {
        "loss": [
            1215.392954110168
        ],
        "accuracy": {
            "macro": [
                0.9711570513749751
            ],
            "micro": [
                0.9711570513749752
            ]
        },
        "precision": {
            "macro": [
                0.8615700780912852
            ],
            "micro": [
                0.9254580129440646
            ]
        },
        "recall": {
            "macro": [
                0.6975419173300912
            ],
            "micro": [
                0.868260686253889
            ]
        },
        "f1": {
            "macro": [
                0.7553034687631263
            ],
            "micro": [
                0.8959474077816881
            ]
        }
    },
    "val": {
        "loss": [
            241.1052792652772
        ],
        "accuracy": {
            "macro": [
                0.9762502756309566
            ],
            "micro": [
                0.9762502756309567
            ]
        },
        "precision": {
            "macro": [
                0.873179667171135
            ],
            "micro": [
                0.9356547467548995
            ],
            "weighted": [
                0.9337737796873669
            ]
        },
        "recall": {
            "macro": [
                0.7477773947165833
            ],
            "micro": [
                0.8955492031349322
            ],
            "weighted": [
                0.8955492031349322
            ]
        },
        "f1": {
            "macro": [
                0.7974675393179961
            ],
            "micro": [
                0.9151627954015478
            ],
            "weighted": [
                0.9125960513367148
            ]
        }
    },
    "test": {
        "loss": [
            1.0967201590538025
        ],
        "accuracy": {
            "macro": [
                0.772167487684729
            ],
            "micro": [
                0.7721674876847291
            ]
        },
        "precision": {
            "macro": [
                0.6060606060606061
            ],
            "micro": [
                0.5263157894736842
            ],
            "weighted": [
                0.7627064293730961
            ]
        },
        "recall": {
            "macro": [
                0.21135495968445278
            ],
            "micro": [
                0.21164021164021163
            ],
            "weighted": [
                0.21164021164021163
            ]
        },
        "f1": {
            "macro": [
                0.2515478477627646
            ],
            "micro": [
                0.3018867924528302
            ],
            "weighted": [
                0.2985096060262506
            ]
        }
    }
}