{
    "train": {
        "loss": [
            1752.3324664141983
        ],
        "accuracy": {
            "macro": [
                0.9583504041505994
            ],
            "micro": [
                0.9583504041505994
            ]
        },
        "precision": {
            "macro": [
                0.9079870784877379
            ],
            "micro": [
                0.9062562718934342
            ]
        },
        "recall": {
            "macro": [
                0.8375615020530492
            ],
            "micro": [
                0.8376074260209058
            ]
        },
        "f1": {
            "macro": [
                0.8707360161146788
            ],
            "micro": [
                0.8705806355437402
            ]
        }
    },
    "val": {
        "loss": [
            311.71732274017995
        ],
        "accuracy": {
            "macro": [
                0.9698887507228132
            ],
            "micro": [
                0.9698887507228132
            ]
        },
        "precision": {
            "macro": [
                0.8253560128659231
            ],
            "micro": [
                0.9206954261749591
            ],
            "weighted": [
                0.9286050147066675
            ]
        },
        "recall": {
            "macro": [
                0.8646098949036092
            ],
            "micro": [
                0.8966982561238931
            ],
            "weighted": [
                0.8966982561238931
            ]
        },
        "f1": {
            "macro": [
                0.8395333267131835
            ],
            "micro": [
                0.908538409826574
            ],
            "weighted": [
                0.9110925383029288
            ]
        }
    },
    "test": {
        "loss": [
            1.0667468905448914
        ],
        "accuracy": {
            "macro": [
                0.7816091954022989
            ],
            "micro": [
                0.7816091954022989
            ]
        },
        "precision": {
            "macro": [
                0.7408382066276803
            ],
            "micro": [
                0.6728971962616822
            ],
            "weighted": [
                0.7842229029363531
            ]
        },
        "recall": {
            "macro": [
                0.36631644938096547
            ],
            "micro": [
                0.38095238095238093
            ],
            "weighted": [
                0.38095238095238093
            ]
        },
        "f1": {
            "macro": [
                0.42000718539706233
            ],
            "micro": [
                0.4864864864864864
            ],
            "weighted": [
                0.4667277293816281
            ]
        }
    }
}