{
    "train": {
        "loss": [
            1217.5446348823607
        ],
        "accuracy": {
            "macro": [
                0.971180190741885
            ],
            "micro": [
                0.9711801907418849
            ]
        },
        "precision": {
            "macro": [
                0.8603366915442556
            ],
            "micro": [
                0.9254209169057347
            ]
        },
        "recall": {
            "macro": [
                0.6993492770821051
            ],
            "micro": [
                0.8684873701661454
            ]
        },
        "f1": {
            "macro": [
                0.7573983902211827
            ],
            "micro": [
                0.896050689115302
            ]
        }
    },
    "val": {
        "loss": [
            247.34104588010814
        ],
        "accuracy": {
            "macro": [
                0.9756078173022739
            ],
            "micro": [
                0.975607817302274
            ]
        },
        "precision": {
            "macro": [
                0.8582830551298442
            ],
            "micro": [
                0.9281595755134125
            ],
            "weighted": [
                0.9270167005946319
            ]
        },
        "recall": {
            "macro": [
                0.7600687294866466
            ],
            "micro": [
                0.899025393078768
            ],
            "weighted": [
                0.899025393078768
            ]
        },
        "f1": {
            "macro": [
                0.7985736256118722
            ],
            "micro": [
                0.9133602142739728
            ],
            "weighted": [
                0.9119717290084597
            ]
        }
    },
    "test": {
        "loss": [
            1.1421885788440704
        ],
        "accuracy": {
            "macro": [
                0.769704433497537
            ],
            "micro": [
                0.7697044334975369
            ]
        },
        "precision": {
            "macro": [
                0.5913742690058479
            ],
            "micro": [
                0.5128205128205128
            ],
            "weighted": [
                0.7626899037717751
            ]
        },
        "recall": {
            "macro": [
                0.21931566257603125
            ],
            "micro": [
                0.21164021164021163
            ],
            "weighted": [
                0.21164021164021163
            ]
        },
        "f1": {
            "macro": [
                0.24556015058076336
            ],
            "micro": [
                0.299625468164794
            ],
            "weighted": [
                0.28968779580715
            ]
        }
    }
}