{
    "train": {
        "loss": [
            1745.826822284609
        ],
        "accuracy": {
            "macro": [
                0.9585603712051215
            ],
            "micro": [
                0.9585603712051214
            ]
        },
        "precision": {
            "macro": [
                0.9077225777897721
            ],
            "micro": [
                0.9060366039948144
            ]
        },
        "recall": {
            "macro": [
                0.8392282149173297
            ],
            "micro": [
                0.8392800972159412
            ]
        },
        "f1": {
            "macro": [
                0.871514931382707
            ],
            "micro": [
                0.8713816679281806
            ]
        }
    },
    "val": {
        "loss": [
            321.7627385274682
        ],
        "accuracy": {
            "macro": [
                0.9697614588290681
            ],
            "micro": [
                0.9697614588290681
            ]
        },
        "precision": {
            "macro": [
                0.8252129921889084
            ],
            "micro": [
                0.9202573816068236
            ],
            "weighted": [
                0.9294381273164276
            ]
        },
        "recall": {
            "macro": [
                0.8658389054416286
            ],
            "micro": [
                0.8963504209577507
            ],
            "weighted": [
                0.8963504209577507
            ]
        },
        "f1": {
            "macro": [
                0.8402409219937114
            ],
            "micro": [
                0.9081465908362268
            ],
            "weighted": [
                0.9110159962025605
            ]
        }
    },
    "test": {
        "loss": [
            1.11545991897583
        ],
        "accuracy": {
            "macro": [
                0.7758620689655172
            ],
            "micro": [
                0.7758620689655172
            ]
        },
        "precision": {
            "macro": [
                0.8250254065040651
            ],
            "micro": [
                0.6513761467889908
            ],
            "weighted": [
                0.8839390566524713
            ]
        },
        "recall": {
            "macro": [
                0.38717316882639463
            ],
            "micro": [
                0.37566137566137564
            ],
            "weighted": [
                0.37566137566137564
            ]
        },
        "f1": {
            "macro": [
                0.4290013235449672
            ],
            "micro": [
                0.47651006711409394
            ],
            "weighted": [
                0.4731002730461401
            ]
        }
    }
}