{
    "train": {
        "loss": [
            1191.8224757304415
        ],
        "accuracy": {
            "macro": [
                0.9718038647370612
            ],
            "micro": [
                0.9718038647370613
            ]
        },
        "precision": {
            "macro": [
                0.8674664983679997
            ],
            "micro": [
                0.9276679148554747
            ]
        },
        "recall": {
            "macro": [
                0.7030221006138323
            ],
            "micro": [
                0.8707395394343623
            ]
        },
        "f1": {
            "macro": [
                0.7614788215741951
            ],
            "micro": [
                0.8983026966469754
            ]
        }
    },
    "val": {
        "loss": [
            236.7156136063859
        ],
        "accuracy": {
            "macro": [
                0.9768366549699324
            ],
            "micro": [
                0.9768366549699324
            ]
        },
        "precision": {
            "macro": [
                0.8644936685812407
            ],
            "micro": [
                0.9369874649709845
            ],
            "weighted": [
                0.9364584037466819
            ]
        },
        "recall": {
            "macro": [
                0.7581023739490828
            ],
            "micro": [
                0.8984919764927987
            ],
            "weighted": [
                0.8984919764927987
            ]
        },
        "f1": {
            "macro": [
                0.8033244921990219
            ],
            "micro": [
                0.9173360380210701
            ],
            "weighted": [
                0.9156511553048534
            ]
        }
    },
    "test": {
        "loss": [
            1.2444151639938354
        ],
        "accuracy": {
            "macro": [
                0.7573891625615764
            ],
            "micro": [
                0.7573891625615764
            ]
        },
        "precision": {
            "macro": [
                0.7020408163265307
            ],
            "micro": [
                0.44594594594594594
            ],
            "weighted": [
                0.8981103552532124
            ]
        },
        "recall": {
            "macro": [
                0.1888209460790106
            ],
            "micro": [
                0.1746031746031746
            ],
            "weighted": [
                0.1746031746031746
            ]
        },
        "f1": {
            "macro": [
                0.21513202379369797
            ],
            "micro": [
                0.25095057034220536
            ],
            "weighted": [
                0.24664546700743514
            ]
        }
    }
}