{
    "train": {
        "loss": [
            1742.7095355447382
        ],
        "accuracy": {
            "macro": [
                0.9587261623998379
            ],
            "micro": [
                0.9587261623998378
            ]
        },
        "precision": {
            "macro": [
                0.9082780854581801
            ],
            "micro": [
                0.9065833212892036
            ]
        },
        "recall": {
            "macro": [
                0.8396832375847808
            ],
            "micro": [
                0.8397266351878307
            ]
        },
        "f1": {
            "macro": [
                0.8720168266230087
            ],
            "micro": [
                0.8718751892583653
            ]
        }
    },
    "val": {
        "loss": [
            317.9292335706996
        ],
        "accuracy": {
            "macro": [
                0.9692645627124455
            ],
            "micro": [
                0.9692645627124455
            ]
        },
        "precision": {
            "macro": [
                0.8225001111804229
            ],
            "micro": [
                0.91994929450651
            ],
            "weighted": [
                0.929486186213668
            ]
        },
        "recall": {
            "macro": [
                0.8652740056324566
            ],
            "micro": [
                0.8934588758701364
            ],
            "weighted": [
                0.8934588758701364
            ]
        },
        "f1": {
            "macro": [
                0.8379570753910713
            ],
            "micro": [
                0.9065105980597787
            ],
            "weighted": [
                0.9095762889899539
            ]
        }
    },
    "test": {
        "loss": [
            1.1529637575149536
        ],
        "accuracy": {
            "macro": [
                0.7600574712643677
            ],
            "micro": [
                0.7600574712643678
            ]
        },
        "precision": {
            "macro": [
                0.8218964076858813
            ],
            "micro": [
                0.6122448979591837
            ],
            "weighted": [
                0.874700773096763
            ]
        },
        "recall": {
            "macro": [
                0.3495531201176363
            ],
            "micro": [
                0.31746031746031744
            ],
            "weighted": [
                0.31746031746031744
            ]
        },
        "f1": {
            "macro": [
                0.3692545611150262
            ],
            "micro": [
                0.41811846689895465
            ],
            "weighted": [
                0.40019252448193016
            ]
        }
    }
}