{
    "train": {
        "loss": [
            1756.8402136452496
        ],
        "accuracy": {
            "macro": [
                0.9583629974049134
            ],
            "micro": [
                0.9583629974049135
            ]
        },
        "precision": {
            "macro": [
                0.9080353099086961
            ],
            "micro": [
                0.9061504066974266
            ]
        },
        "recall": {
            "macro": [
                0.8377739230123816
            ],
            "micro": [
                0.8378325921945706
            ]
        },
        "f1": {
            "macro": [
                0.8708511568501609
            ],
            "micro": [
                0.8706533775200934
            ]
        }
    },
    "val": {
        "loss": [
            330.9980934379273
        ],
        "accuracy": {
            "macro": [
                0.969218507530662
            ],
            "micro": [
                0.9692185075306619
            ]
        },
        "precision": {
            "macro": [
                0.8201045023761728
            ],
            "micro": [
                0.9183672666160259
            ],
            "weighted": [
                0.9293625789618981
            ]
        },
        "recall": {
            "macro": [
                0.8634394376795855
            ],
            "micro": [
                0.8949780796802663
            ],
            "weighted": [
                0.8949780796802663
            ]
        },
        "f1": {
            "macro": [
                0.8321713662221754
            ],
            "micro": [
                0.9065218320337844
            ],
            "weighted": [
                0.9098815754884715
            ]
        }
    },
    "test": {
        "loss": [
            1.0494152903556824
        ],
        "accuracy": {
            "macro": [
                0.7945402298850576
            ],
            "micro": [
                0.7945402298850575
            ]
        },
        "precision": {
            "macro": [
                0.8430101670297748
            ],
            "micro": [
                0.7395833333333334
            ],
            "weighted": [
                0.8975821604361909
            ]
        },
        "recall": {
            "macro": [
                0.3611683865716124
            ],
            "micro": [
                0.37566137566137564
            ],
            "weighted": [
                0.37566137566137564
            ]
        },
        "f1": {
            "macro": [
                0.4276210807138641
            ],
            "micro": [
                0.4982456140350877
            ],
            "weighted": [
                0.48197968022873927
            ]
        }
    }
}