{
    "train": {
        "loss": [
            107.95730385184288,
            63.8309026286006,
            51.41720865666866,
            43.32113407552242,
            36.063306933268905,
            29.491831773892045
        ],
        "accuracy": {
            "macro": [
                0.8889814969161527,
                0.9365197292388973,
                0.948736998514116,
                0.9567088846435058,
                0.9643505743059978,
                0.9706125144460954
            ],
            "micro": [
                0.8889814969161527,
                0.9365197292388971,
                0.9487369985141159,
                0.9567088846435058,
                0.9643505743059978,
                0.9706125144460954
            ]
        },
        "precision": {
            "macro": [
                0.7104667452650485,
                0.8351385843333894,
                0.8666570663063757,
                0.8836086712018719,
                0.9045760851312133,
                0.9196078632143324
            ],
            "micro": [
                0.7135350318471337,
                0.8353022248474109,
                0.8661814109742442,
                0.8821050744127668,
                0.9038393800634026,
                0.9185575015097921
            ]
        },
        "recall": {
            "macro": [
                0.3729115696348972,
                0.69549117794119,
                0.7609241901281415,
                0.8067433024870407,
                0.8417359473939093,
                0.8731664604559087
            ],
            "micro": [
                0.3732300516408462,
                0.6957769577695777,
                0.7611316113161132,
                0.8068060680606806,
                0.8416564165641657,
                0.8730627306273063
            ]
        },
        "f1": {
            "macro": [
                0.48627112811168294,
                0.7581935129053764,
                0.8098213798326531,
                0.8429274642554916,
                0.871630618279478,
                0.8953831539860572
            ],
            "micro": [
                0.4901017171606694,
                0.7591822126783876,
                0.8102658111824015,
                0.8427769925906891,
                0.871640270052227,
                0.8952324896998234
            ]
        }
    },
    "val": {
        "loss": [
            17.683699771761894,
            16.06468617171049,
            14.683848962187767,
            15.283624064177275,
            15.82946128770709,
            16.58565267175436
        ],
        "accuracy": {
            "macro": [
                0.9306911827752107,
                0.9351212308864858,
                0.9405516124422426,
                0.941123231553375,
                0.9402658028866766,
                0.940361072738532
            ],
            "micro": [
                0.9306911827752108,
                0.935121230886486,
                0.9405516124422426,
                0.941123231553375,
                0.9402658028866765,
                0.9403610727385319
            ]
        },
        "precision": {
            "macro": [
                0.8119772416794978,
                0.8144555762585673,
                0.8200945034471747,
                0.8236281264343505,
                0.8183427585857243,
                0.8113869682442875
            ],
            "micro": [
                0.8001552192471867,
                0.8136954858454476,
                0.8186773255813954,
                0.8208575581395349,
                0.8097094259390503,
                0.8116096866096866
            ],
            "weighted": [
                0.8112967581762154,
                0.8136964791167272,
                0.8193598669532214,
                0.8220925319716927,
                0.8183606401140128,
                0.8105193849820594
            ]
        },
        "recall": {
            "macro": [
                0.6874269388178051,
                0.7099827547141346,
                0.7520697849079211,
                0.7533909658809559,
                0.7631856260405158,
                0.7604757675363336
            ],
            "micro": [
                0.6868754163890739,
                0.7085276482345103,
                0.7504996668887408,
                0.7524983344437042,
                0.7611592271818788,
                0.7591605596269154
            ],
            "weighted": [
                0.6868754163890739,
                0.7085276482345103,
                0.7504996668887408,
                0.7524983344437042,
                0.7611592271818788,
                0.7591605596269154
            ]
        },
        "f1": {
            "macro": [
                0.7414553620851646,
                0.7554074403873623,
                0.7840280478906932,
                0.7818787653020849,
                0.7870595644130416,
                0.7839394646575851
            ],
            "micro": [
                0.7392005735794945,
                0.7574786324786325,
                0.7831074035453597,
                0.7851929092805005,
                0.784684065934066,
                0.7845094664371772
            ],
            "weighted": [
                0.740796741786828,
                0.7541859216410736,
                0.7828271312078989,
                0.7805801812712808,
                0.7859568521315684,
                0.782830632968562
            ]
        }
    },
    "test": {
        "loss": [
            2.8352627754211426,
            2.6231610774993896,
            3.068507730960846,
            3.198813498020172,
            3.4873164892196655,
            3.480975568294525
        ],
        "accuracy": {
            "macro": [
                0.7302955665024632,
                0.7475369458128078,
                0.7389162561576355,
                0.7376847290640394,
                0.727832512315271,
                0.7475369458128078
            ],
            "micro": [
                0.7302955665024631,
                0.7475369458128078,
                0.7389162561576355,
                0.7376847290640394,
                0.7278325123152709,
                0.7475369458128078
            ]
        },
        "precision": {
            "macro": [
                0.241991341991342,
                0.3937246963562753,
                0.3692704668074126,
                0.5663865546218487,
                0.5458074534161491,
                0.6352549889135254
            ],
            "micro": [
                0.25806451612903225,
                0.3787878787878788,
                0.3707865168539326,
                0.34615384615384615,
                0.32978723404255317,
                0.4166666666666667
            ],
            "weighted": [
                0.36907166907166905,
                0.572333611807296,
                0.5401395296304985,
                0.6834733893557422,
                0.655653324131585,
                0.7656999730170462
            ]
        },
        "recall": {
            "macro": [
                0.13285843700590244,
                0.1265756261147966,
                0.15577837421155394,
                0.1488339297671095,
                0.17803667786386682,
                0.2093877129015378
            ],
            "micro": [
                0.08465608465608465,
                0.13227513227513227,
                0.1746031746031746,
                0.14285714285714285,
                0.164021164021164,
                0.21164021164021163
            ],
            "weighted": [
                0.08465608465608465,
                0.13227513227513227,
                0.1746031746031746,
                0.14285714285714285,
                0.164021164021164,
                0.21164021164021163
            ]
        },