{
    "train": {
        "loss": [
            102.19145727902651,
            56.05793557316065,
            45.20512470602989,
            36.72374903596938,
            32.10648049786687,
            24.684652844443917
        ],
        "accuracy": {
            "macro": [
                0.8694341823838226,
                0.9348522719989747,
                0.9462122668717554,
                0.956242389284112,
                0.9617221047234507,
                0.9712074601038262
            ],
            "micro": [
                0.8694341823838226,
                0.9348522719989746,
                0.9462122668717554,
                0.956242389284112,
                0.9617221047234507,
                0.9712074601038262
            ]
        },
        "precision": {
            "macro": [
                0.6809482822029945,
                0.8508476825030941,
                0.8749801075922244,
                0.8964565888205089,
                0.9072554145113868,
                0.9298451939613237
            ],
            "micro": [
                0.6654851572884359,
                0.846926650102625,
                0.8722448553222605,
                0.8944692964619764,
                0.9054148733860474,
                0.9287546871916321
            ]
        },
        "recall": {
            "macro": [
                0.4366834463975768,
                0.7474532873568381,
                0.7962712665480712,
                0.8387973240053211,
                0.8624844232794743,
                0.8973353162021995
            ],
            "micro": [
                0.43751820565103405,
                0.747449709219182,
                0.7964517359786341,
                0.8386235821180059,
                0.8623450905624405,
                0.8974921331171927
            ]
        },
        "f1": {
            "macro": [
                0.525911097111616,
                0.7946111506423912,
                0.8326230732389824,
                0.865928427943928,
                0.8837027551474147,
                0.9129226821738053
            ],
            "micro": [
                0.5279437609841827,
                0.7940848779499645,
                0.8326270130129131,
                0.865646676833768,
                0.8833553049167521,
                0.9128558265845498
            ]
        }
    },
    "val": {
        "loss": [
            16.79979920387268,
            14.296493705362082,
            13.876355536282063,
            13.762572299689054,
            14.301680095493793,
            15.057546745985746
        ],
        "accuracy": {
            "macro": [
                0.9242836769091144,
                0.9337482172954751,
                0.9358226371061843,
                0.9384804874886555,
                0.9371839751069624,
                0.9350447296771685
            ],
            "micro": [
                0.9242836769091145,
                0.9337482172954752,
                0.9358226371061844,
                0.9384804874886555,
                0.9371839751069623,
                0.9350447296771685
            ]
        },
        "precision": {
            "macro": [
                0.8110126688649277,
                0.834635414258894,
                0.8283256368574473,
                0.8347430049135353,
                0.8329135281389357,
                0.8167078092224305
            ],
            "micro": [
                0.8078947368421052,
                0.8229166666666666,
                0.8249794576828267,
                0.8308194048104361,
                0.8307882789929839,
                0.8147554129911788
            ],
            "weighted": [
                0.8115339136910787,
                0.8356809206041144,
                0.8290281591700109,
                0.8357614785029914,
                0.8334623923322879,
                0.8172787813475142
            ]
        },
        "recall": {
            "macro": [
                0.7156087113481625,
                0.7680239190790253,
                0.7800613542803202,
                0.7921416265035647,
                0.7818825643237791,
                0.7894304210081908
            ],
            "micro": [
                0.7161741835147745,
                0.7678849144634525,
                0.7807153965785381,
                0.7923794712286159,
                0.7826594090202177,
                0.7900466562986003
            ],
            "weighted": [
                0.7161741835147745,
                0.7678849144634525,
                0.7807153965785381,
                0.7923794712286159,
                0.7826594090202177,
                0.7900466562986003
            ]
        },
        "f1": {
            "macro": [
                0.7555041234618577,
                0.795122719619452,
                0.801192357694025,
                0.8118865901860567,
                0.8047062246614699,
                0.8016004329588698
            ],
            "micro": [
                0.7592745259686726,
                0.7944489139179405,
                0.8022373152217339,
                0.8111442786069651,
                0.806006006006006,
                0.8022108172127911
            ],
            "weighted": [
                0.7560618474283913,
                0.7955813642767783,
                0.8018625871226864,
                0.8125041551215766,
                0.8053679504413579,
                0.8021917914804656
            ]
        }
    },
    "test": {
        "loss": [
            2.8244593739509583,
            3.5674989223480225,
            3.0373335480690002,
            3.539593517780304,
            3.529740035533905,
            3.420101046562195
        ],
        "accuracy": {
            "macro": [
                0.7241379310344828,
                0.6767241379310346,
                0.7155172413793104,
                0.6954022988505747,
                0.7169540229885056,
                0.7255747126436782
            ],
            "micro": [
                0.7241379310344828,
                0.6767241379310345,
                0.7155172413793104,
                0.6954022988505747,
                0.7169540229885057,
                0.7255747126436781
            ]
        },
        "precision": {
            "macro": [
                0.26684952978056425,
                0.8115358819584172,
                0.6089316239316239,
                0.8154401154401154,
                0.7677167565139263,
                0.8037117452440034
            ],
            "micro": [
                0.48314606741573035,
                0.29545454545454547,
                0.45454545454545453,
                0.3944954128440367,
                0.46153846153846156,
                0.49
            ],
            "weighted": [
                0.39493042079248974,
                0.8950102732798909,
                0.7310907610907611,
                0.8633637966971299,
                0.8205202940715071,
                0.8473502304147466
            ]
        },
        "recall": {
            "macro": [
                0.22717843685585618,
                0.2090971976052621,
                0.2216799926477346,
                0.2208148706132577,
                0.24981299315976735,
                0.2769469553743747
            ],
            "micro": [
                0.2275132275132275,
                0.13756613756613756,
                0.23809523809523808,
                0.2275132275132275,
                0.25396825396825395,
                0.25925925925925924
            ],
            "weighted": [
                0.2275132275132275,
                0.13756613756613756,
                0.23809523809523808,
                0.2275132275132275,
                0.25396825396825395,
                0.25925925925925924
            ]
        },