{
    "train": {
        "loss": [
            110.99703797698021,
            63.56789442151785,
            51.283056765794754,
            42.654629062861204,
            35.56917258910835,
            29.112970609217882
        ],
        "accuracy": {
            "macro": [
                0.8860286238182554,
                0.9357060308026134,
                0.9479704710016746,
                0.956897568338876,
                0.9639967923771787,
                0.97014080520767
            ],
            "micro": [
                0.8860286238182554,
                0.9357060308026133,
                0.9479704710016745,
                0.956897568338876,
                0.9639967923771787,
                0.97014080520767
            ]
        },
        "precision": {
            "macro": [
                0.7016666901873183,
                0.8316332877297337,
                0.861170477966983,
                0.8843384679252833,
                0.9034354549451543,
                0.918113595226135
            ],
            "micro": [
                0.700990099009901,
                0.8314496314496315,
                0.8601165695253955,
                0.8826375201576778,
                0.9017574692442882,
                0.9169182986800104
            ]
        },
        "recall": {
            "macro": [
                0.35414972686402607,
                0.6938458182274145,
                0.7625263835161009,
                0.8081242103988266,
                0.8417061483690044,
                0.8717291623724314
            ],
            "micro": [
                0.35376415722851434,
                0.6936131835697302,
                0.7622366155612036,
                0.8077396081003525,
                0.8413544314175617,
                0.8713618102812167
            ]
        },
        "f1": {
            "macro": [
                0.46772819425976053,
                0.7557355036655287,
                0.808350534261279,
                0.8438979156010085,
                0.8709827653114084,
                0.8939817318063713
            ],
            "micro": [
                0.47022359973433697,
                0.7563025210084033,
                0.8082239415804573,
                0.8435292606704055,
                0.87050939474912,
                0.8935597780393477
            ]
        }
    },
    "val": {
        "loss": [
            17.91955178976059,
            15.897581689059734,
            15.836506724357605,
            14.464422151446342,
            15.570203691720963,
            16.2717167660594
        ],
        "accuracy": {
            "macro": [
                0.9309293574048493,
                0.936978992997666,
                0.936978992997666,
                0.9441242318868195,
                0.9407897870718811,
                0.9420759300719287
            ],
            "micro": [
                0.9309293574048493,
                0.9369789929976658,
                0.9369789929976658,
                0.9441242318868194,
                0.9407897870718811,
                0.9420759300719287
            ]
        },
        "precision": {
            "macro": [
                0.8107096697890774,
                0.8135150693743095,
                0.8195044389423486,
                0.8328830468072846,
                0.8181889200959959,
                0.8184617341350251
            ],
            "micro": [
                0.8130048465266559,
                0.811362792424805,
                0.8104405775638652,
                0.8294266137756942,
                0.8116353316778999,
                0.8190271816881259
            ],
            "weighted": [
                0.8108216213105787,
                0.8160417077808144,
                0.8199883436288236,
                0.834505218478072,
                0.8199200617982303,
                0.8191973868537193
            ]
        },
        "recall": {
            "macro": [
                0.6700597289386104,
                0.7284840785992017,
                0.7285031791754822,
                0.7657883466837406,
                0.7618135686226291,
                0.7623441024729783
            ],
            "micro": [
                0.671,
                0.7283333333333334,
                0.7296666666666667,
                0.7666666666666667,
                0.7626666666666667,
                0.7633333333333333
            ],
            "weighted": [
                0.671,
                0.7283333333333334,
                0.7296666666666667,
                0.7666666666666667,
                0.7626666666666667,
                0.7633333333333333
            ]
        },
        "f1": {
            "macro": [
                0.7290405091985023,
                0.7657467037362632,
                0.760693933416456,
                0.7972655202742198,
                0.7864698294280739,
                0.7891758314694328
            ],
            "micro": [
                0.7352081811541272,
                0.7676093448094152,
                0.7679354499210664,
                0.796812749003984,
                0.7863894139886578,
                0.790200138026225
            ],
            "weighted": [
                0.7296581937830375,
                0.7668712330716346,
                0.7617840060530875,
                0.7984909991354977,
                0.7877562413989896,
                0.790053182875436
            ]
        }
    },
    "test": {
        "loss": [
            2.6805057525634766,
            2.992850959300995,
            3.4895997643470764,
            3.3016684651374817,
            3.424340844154358,
            3.6572635769844055
        ],
        "accuracy": {
            "macro": [
                0.7463054187192119,
                0.7413793103448275,
                0.7105911330049262,
                0.7278325123152708,
                0.7376847290640394,
                0.7389162561576355
            ],
            "micro": [
                0.7463054187192119,
                0.7413793103448276,
                0.7105911330049262,
                0.7278325123152709,
                0.7376847290640394,
                0.7389162561576355
            ]
        },
        "precision": {
            "macro": [
                0.39285714285714285,
                0.42623716153127916,
                0.5015527950310559,
                0.4988095238095238,
                0.49369369369369365,
                0.6276818419675563
            ],
            "micro": [
                0.3111111111111111,
                0.3561643835616438,
                0.2125,
                0.313953488372093,
                0.36046511627906974,
                0.37362637362637363
            ],
            "weighted": [
                0.6037414965986395,
                0.6226268285091814,
                0.6197952610996089,
                0.6012786596119929,
                0.614776681443348,
                0.7927689594356262
            ]
        },
        "recall": {
            "macro": [
                0.0685606252426529,
                0.13065725876785786,
                0.11181677385594437,
                0.16118348497380758,
                0.16398784906849423,
                0.1828937447601042
            ],
            "micro": [
                0.07407407407407407,
                0.13756613756613756,
                0.08994708994708994,
                0.14285714285714285,
                0.164021164021164,
                0.17989417989417988
            ],
            "weighted": [
                0.07407407407407407,
                0.13756613756613756,
                0.08994708994708994,
                0.14285714285714285,
                0.164021164021164,
                0.17989417989417988
            ]
        },