{
    "train": {
        "loss": [
            101.33047031611204,
            54.984253980219364,
            44.61770128458738,
            36.02796329557896,
            29.124803878366947,
            24.274407371878624
        ],
        "accuracy": {
            "macro": [
                0.8782325490958584,
                0.9363744151765686,
                0.9476062295712363,
                0.9579247580593475,
                0.966112286098827,
                0.9711593924245338
            ],
            "micro": [
                0.8782325490958585,
                0.9363744151765686,
                0.9476062295712363,
                0.9579247580593475,
                0.9661122860988272,
                0.9711593924245338
            ]
        },
        "precision": {
            "macro": [
                0.7548311878037279,
                0.8571982812431606,
                0.8841299077149737,
                0.9048254790133202,
                0.921575072467416,
                0.9305825478495616
            ],
            "micro": [
                0.7384430314487025,
                0.8546980597340309,
                0.8810605260378156,
                0.903275490296745,
                0.9203335342575849,
                0.9300227971057587
            ]
        },
        "recall": {
            "macro": [
                0.417994575706034,
                0.7479829261713654,
                0.795935428796711,
                0.8393559139143938,
                0.8743343610377297,
                0.895443045327605
            ],
            "micro": [
                0.4175898931000972,
                0.748258421605115,
                0.795517405817835,
                0.8393283083675221,
                0.8738910617189736,
                0.8955807960293978
            ]
        },
        "f1": {
            "macro": [
                0.5311693842702542,
                0.7976466432601054,
                0.8366911890874925,
                0.8701474394860068,
                0.8969739446589915,
                0.9123091798236042
            ],
            "micro": [
                0.5334905953193867,
                0.7979443341983412,
                0.8361066559743384,
                0.8701285855588526,
                0.8965112296325293,
                0.9124769036273461
            ]
        }
    },
    "val": {
        "loss": [
            16.72430471330881,
            14.28239606320858,
            14.123058807104826,
            14.742162842303514,
            14.938761588186026,
            15.445652034133673
        ],
        "accuracy": {
            "macro": [
                0.9237002463373525,
                0.9351095552962531,
                0.9356929858680151,
                0.9352392065344223,
                0.9371191494878776,
                0.9375081032023859
            ],
            "micro": [
                0.9237002463373525,
                0.9351095552962531,
                0.9356929858680151,
                0.9352392065344224,
                0.9371191494878776,
                0.9375081032023855
            ]
        },
        "precision": {
            "macro": [
                0.8138849312250774,
                0.8415616683358199,
                0.8347805078068379,
                0.8233666401806605,
                0.8257635066245516,
                0.8310788872886458
            ],
            "micro": [
                0.8108589230084557,
                0.8382795698924731,
                0.8274006622516556,
                0.8247422680412371,
                0.8252230332522303,
                0.8320957095709571
            ],
            "weighted": [
                0.8144684739965604,
                0.8423836419223758,
                0.8366677715961924,
                0.8239668978063829,
                0.8270556140261636,
                0.8320859844169177
            ]
        },
        "recall": {
            "macro": [
                0.7066388644065674,
                0.7559802703480237,
                0.7767281217604242,
                0.7752920372888026,
                0.7898500170790039,
                0.7824667758646279
            ],
            "micro": [
                0.7078477078477079,
                0.7571872571872572,
                0.7766122766122766,
                0.777000777000777,
                0.7905982905982906,
                0.7836052836052836
            ],
            "weighted": [
                0.7078477078477079,
                0.7571872571872572,
                0.7766122766122766,
                0.777000777000777,
                0.7905982905982906,
                0.7836052836052836
            ]
        },
        "f1": {
            "macro": [
                0.7535854958030305,
                0.7949313650870379,
                0.8025234187680012,
                0.7975695454506071,
                0.8071129194222556,
                0.80589164164769
            ],
            "micro": [
                0.7558597801286041,
                0.7956725862420903,
                0.8012024048096191,
                0.8001600320064013,
                0.8075396825396826,
                0.8071228491396559
            ],
            "weighted": [
                0.7545638672561369,
                0.7959824722061356,
                0.803386136784498,
                0.7987675811481224,
                0.8081237825073331,
                0.8069670483886131
            ]
        }
    },
    "test": {
        "loss": [
            2.816185235977173,
            3.100301682949066,
            3.2230661511421204,
            2.9627257585525513,
            3.4461499452590942,
            3.5046871304512024
        ],
        "accuracy": {
            "macro": [
                0.7155172413793104,
                0.714080459770115,
                0.7083333333333334,
                0.7485632183908045,
                0.7126436781609197,
                0.7385057471264368
            ],
            "micro": [
                0.7155172413793104,
                0.7140804597701149,
                0.7083333333333334,
                0.7485632183908046,
                0.7126436781609196,
                0.7385057471264368
            ]
        },
        "precision": {
            "macro": [
                0.6766884531590414,
                0.6251803751803752,
                0.6616760828625236,
                0.713888888888889,
                0.7620450785773367,
                0.7462630152617317
            ],
            "micro": [
                0.43478260869565216,
                0.42857142857142855,
                0.425531914893617,
                0.5760869565217391,
                0.4421052631578947,
                0.5368421052631579
            ],
            "weighted": [
                0.7402081820382473,
                0.686307519640853,
                0.7034077661196305,
                0.7862433862433862,
                0.8063449394094556,
                0.7915237506593945
            ]
        },
        "recall": {
            "macro": [
                0.1843069341053212,
                0.19009561227303162,
                0.24600031837935066,
                0.2615780948442239,
                0.236729981488046,
                0.25167337889112085
            ],
            "micro": [
                0.15873015873015872,
                0.15873015873015872,
                0.21164021164021163,
                0.2804232804232804,
                0.2222222222222222,
                0.2698412698412698
            ],
            "weighted": [
                0.15873015873015872,
                0.15873015873015872,
                0.21164021164021163,
                0.2804232804232804,
                0.2222222222222222,
                0.2698412698412698
            ]
        },