{
    "train": {
        "loss": [
            104.27969838678837,
            54.739001236855984,
            44.36162839457393,
            35.18715145252645,
            29.40352911129594,
            25.55025407485664
        ],
        "accuracy": {
            "macro": [
                0.8756603467833415,
                0.9365445630227862,
                0.9481460116014486,
                0.958353363458642,
                0.9652757747652471,
                0.9690734865237317
            ],
            "micro": [
                0.8756603467833415,
                0.9365445630227863,
                0.9481460116014486,
                0.9583533634586417,
                0.965275774765247,
                0.9690734865237317
            ]
        },
        "precision": {
            "macro": [
                0.7574817414539031,
                0.8578873447389997,
                0.8804523397839006,
                0.9049865519629502,
                0.9198608110908558,
                0.9277314209401966
            ],
            "micro": [
                0.746714232069095,
                0.8544269418794134,
                0.8770670826833074,
                0.9022748138325003,
                0.9187040949793742,
                0.9266493920669723
            ]
        },
        "recall": {
            "macro": [
                0.3862462347657714,
                0.7497601258757604,
                0.8041584044694025,
                0.8442712618442574,
                0.8705100980099196,
                0.8864111340107949
            ],
            "micro": [
                0.38607902145422773,
                0.7501192179303767,
                0.8041384571374082,
                0.8435056265496853,
                0.8704480457578646,
                0.8861990087685856
            ]
        },
        "f1": {
            "macro": [
                0.506185882488877,
                0.79889763884394,
                0.8395162588974813,
                0.8729353885963208,
                0.8940544913422991,
                0.9060239009696583
            ],
            "micro": [
                0.5089908491713061,
                0.7988826815642458,
                0.8390209929360263,
                0.8719010301148405,
                0.893925302266386,
                0.9059729124037805
            ]
        }
    },
    "val": {
        "loss": [
            17.110069930553436,
            14.280721932649612,
            14.020381152629852,
            14.842033334076405,
            14.596305832266808,
            16.046020328998566
        ],
        "accuracy": {
            "macro": [
                0.9240539139450492,
                0.93383877656817,
                0.9346811819595645,
                0.9345515811301194,
                0.9377916018662521,
                0.9336443753240021
            ],
            "micro": [
                0.9240539139450492,
                0.93383877656817,
                0.9346811819595645,
                0.9345515811301193,
                0.937791601866252,
                0.933644375324002
            ]
        },
        "precision": {
            "macro": [
                0.8092823255106047,
                0.8297861978839997,
                0.8279112996206011,
                0.8245180838550005,
                0.8287801489822547,
                0.814362809252925
            ],
            "micro": [
                0.803030303030303,
                0.8265263157894737,
                0.8223413025556472,
                0.8224607762180016,
                0.8276422764227642,
                0.8126009693053312
            ],
            "weighted": [
                0.8081369047869283,
                0.8289839161684576,
                0.8266935914066244,
                0.8250264919032857,
                0.8289755757085785,
                0.8141717895189622
            ]
        },
        "recall": {
            "macro": [
                0.7210308821654149,
                0.7638445003731066,
                0.7750958513141937,
                0.7769063499181201,
                0.7923677349042887,
                0.7838476678303001
            ],
            "micro": [
                0.7212286158631416,
                0.7632192846034215,
                0.7756609642301711,
                0.7744945567651633,
                0.7916018662519441,
                0.7822706065318819
            ],
            "weighted": [
                0.7212286158631416,
                0.7632192846034215,
                0.7756609642301711,
                0.7744945567651633,
                0.7916018662519441,
                0.7822706065318819
            ]
        },
        "f1": {
            "macro": [
                0.7596181681331869,
                0.7948472826029809,
                0.7991016623462482,
                0.7975189436718759,
                0.8094842214847451,
                0.797488364195129
            ],
            "micro": [
                0.7599344530929948,
                0.7936122902769355,
                0.7983193277310925,
                0.7977573087705246,
                0.809220985691574,
                0.7971473851030112
            ],
            "weighted": [
                0.7591887960719995,
                0.7941390106659338,
                0.7988181798938193,
                0.7965171640203423,
                0.8091938479544635,
                0.796547135824322
            ]
        }
    },
    "test": {
        "loss": [
            3.048718571662903,
            3.292935848236084,
            3.307143747806549,
            3.145806133747101,
            3.546449661254883,
            3.3953704237937927
        ],
        "accuracy": {
            "macro": [
                0.6939655172413793,
                0.67816091954023,
                0.7198275862068965,
                0.7212643678160919,
                0.6939655172413793,
                0.742816091954023
            ],
            "micro": [
                0.6939655172413793,
                0.6781609195402298,
                0.7198275862068966,
                0.7212643678160919,
                0.6939655172413793,
                0.742816091954023
            ]
        },
        "precision": {
            "macro": [
                0.6430634023854364,
                0.5639194139194139,
                0.6086395233366434,
                0.6416418875242405,
                0.7333333333333334,
                0.7029854189737911
            ],
            "micro": [
                0.35,
                0.30337078651685395,
                0.47115384615384615,
                0.4731182795698925,
                0.36046511627906974,
                0.5510204081632653
            ],
            "weighted": [
                0.7090126446058651,
                0.6015873015873016,
                0.6520199870746047,
                0.705247432306256,
                0.7717813051146384,
                0.7537914476729537
            ]
        },
        "recall": {
            "macro": [
                0.20755847348589285,
                0.20416461525332494,
                0.26249958971733167,
                0.24379078209723368,
                0.20682193403967597,
                0.27373025719799915
            ],
            "micro": [
                0.14814814814814814,
                0.14285714285714285,
                0.25925925925925924,
                0.2328042328042328,
                0.164021164021164,
                0.2857142857142857
            ],
            "weighted": [
                0.14814814814814814,
                0.14285714285714285,
                0.25925925925925924,
                0.2328042328042328,
                0.164021164021164,
                0.2857142857142857
            ]
        },