{
    "train": {
        "loss": [
            101.52530366182327,
            56.35232625156641,
            42.61310912296176,
            34.95223965123296,
            28.692659974098206,
            24.472921438515186
        ],
        "accuracy": {
            "macro": [
                0.8793343703415646,
                0.9343715952060502,
                0.9516599371915658,
                0.9594148561174133,
                0.9666410305710441,
                0.9713035954624111
            ],
            "micro": [
                0.8793343703415646,
                0.9343715952060501,
                0.9516599371915657,
                0.9594148561174133,
                0.966641030571044,
                0.9713035954624111
            ]
        },
        "precision": {
            "macro": [
                0.771824592487446,
                0.8485519418337407,
                0.8911467456413776,
                0.9078668195184498,
                0.920879077582338,
                0.9333645862415669
            ],
            "micro": [
                0.7618261826182618,
                0.8462621885157097,
                0.888981462195376,
                0.9066843826655765,
                0.9205284756280653,
                0.9329614503436597
            ]
        },
        "recall": {
            "macro": [
                0.403695735099848,
                0.7445295730810492,
                0.8140850535158268,
                0.8458240592171515,
                0.877047330741174,
                0.8935630372201007
            ],
            "micro": [
                0.4032805978841114,
                0.7447559115179252,
                0.8139601411271098,
                0.845581927366314,
                0.8771578445398188,
                0.8933613124761541
            ]
        },
        "f1": {
            "macro": [
                0.5250645080226635,
                0.792044537628476,
                0.8502248819978061,
                0.8753706045063127,
                0.8980832155270034,
                0.9128000106551575
            ],
            "micro": [
                0.5273846544392968,
                0.792271021401765,
                0.8498183085270546,
                0.8750678175092479,
                0.8983199843719477,
                0.9127320567168543
            ]
        }
    },
    "val": {
        "loss": [
            16.098354306071997,
            14.069140836596489,
            13.6904689501971,
            14.64201645925641,
            14.875175854191184,
            15.727710851468146
        ],
        "accuracy": {
            "macro": [
                0.9271360041488396,
                0.9347854272008297,
                0.9373136263451317,
                0.9360171139634383,
                0.9348502528199143,
                0.9367950213924544
            ],
            "micro": [
                0.9271360041488397,
                0.9347854272008298,
                0.9373136263451316,
                0.9360171139634383,
                0.9348502528199144,
                0.9367950213924543
            ]
        },
        "precision": {
            "macro": [
                0.8148820076487476,
                0.8392917625024442,
                0.8320692692464875,
                0.829600685552859,
                0.8241631733154925,
                0.8202164783833502
            ],
            "micro": [
                0.8083475298126065,
                0.8360515021459227,
                0.8266178266178266,
                0.8241308793456033,
                0.821501846532622,
                0.8192722910835666
            ],
            "weighted": [
                0.8140456724360227,
                0.837768146712734,
                0.8313876284146984,
                0.8288225777136699,
                0.8240424252238419,
                0.8194372337515112
            ]
        },
        "recall": {
            "macro": [
                0.737706723089889,
                0.7575957063277902,
                0.7902239148823984,
                0.7853716327576706,
                0.7809263325328976,
                0.7979281543805664
            ],
            "micro": [
                0.7379471228615864,
                0.7573872472783826,
                0.7896578538102644,
                0.7834370139968896,
                0.7783825816485226,
                0.7966562986003111
            ],
            "weighted": [
                0.7379471228615864,
                0.7573872472783826,
                0.7896578538102644,
                0.7834370139968896,
                0.7783825816485226,
                0.7966562986003111
            ]
        },
        "f1": {
            "macro": [
                0.7728730102384683,
                0.7958715422275228,
                0.809687989441902,
                0.8031933039778515,
                0.7985365420415382,
                0.8085175459300786
            ],
            "micro": [
                0.7715447154471545,
                0.7947776417788659,
                0.8077152515410618,
                0.8032688857883197,
                0.7993611499301259,
                0.8078060319337671
            ],
            "weighted": [
                0.77259240244352,
                0.7950695601822436,
                0.8090598136841399,
                0.8017489892026192,
                0.7970780728325555,
                0.8074843855013141
            ]
        }
    },
    "test": {
        "loss": [
            2.9206324219703674,
            2.6376709938049316,
            3.0765634179115295,
            3.082928955554962,
            2.9704689383506775,
            3.3927943110466003
        ],
        "accuracy": {
            "macro": [
                0.6982758620689654,
                0.7456896551724137,
                0.742816091954023,
                0.7385057471264368,
                0.7514367816091955,
                0.7528735632183908
            ],
            "micro": [
                0.6982758620689655,
                0.7456896551724138,
                0.742816091954023,
                0.7385057471264368,
                0.7514367816091954,
                0.7528735632183908
            ]
        },
        "precision": {
            "macro": [
                0.38852793471437536,
                0.6136710239651416,
                0.7641948864409086,
                0.6947089947089946,
                0.7293480116060761,
                0.7068958818958819
            ],
            "micro": [
                0.38461538461538464,
                0.575,
                0.55,
                0.5411764705882353,
                0.5909090909090909,
                0.5858585858585859
            ],
            "weighted": [
                0.5105506232624877,
                0.7526731680326451,
                0.8107407839149986,
                0.7733098177542621,
                0.7775271797289206,
                0.776302709636043
            ]
        },
        "recall": {
            "macro": [
                0.2374269696850342,
                0.2160594483175128,
                0.2776046384917353,
                0.2560454330615621,
                0.2804379685428073,
                0.31802905129518033
            ],
            "micro": [
                0.18518518518518517,
                0.24338624338624337,
                0.291005291005291,
                0.24338624338624337,
                0.2751322751322751,
                0.30687830687830686
            ],
            "weighted": [
                0.18518518518518517,
                0.24338624338624337,
                0.291005291005291,
                0.24338624338624337,
                0.2751322751322751,
                0.30687830687830686
            ]
        },