{
    "train": {
        "loss": [
            110.16373500227928,
            64.97326412051916,
            52.15882668271661,
            44.39364291355014,
            36.745700187049806,
            31.020529313012958
        ],
        "accuracy": {
            "macro": [
                0.888888888888889,
                0.9348397825240886,
                0.94717599745256,
                0.9547947305728203,
                0.9627436874196553,
                0.9684990152256726
            ],
            "micro": [
                0.8888888888888888,
                0.9348397825240886,
                0.9471759974525599,
                0.9547947305728203,
                0.9627436874196554,
                0.9684990152256725
            ]
        },
        "precision": {
            "macro": [
                0.7415725867940475,
                0.8280650618298047,
                0.8616922455660914,
                0.8800486560917088,
                0.900079879929293,
                0.9140196327452454
            ],
            "micro": [
                0.7414695793464524,
                0.827345897133883,
                0.8606281547952889,
                0.8785080572152816,
                0.8989756269869305,
                0.9129379118973292
            ]
        },
        "recall": {
            "macro": [
                0.3420006771051193,
                0.6909307909904433,
                0.754922195516377,
                0.7958220736182797,
                0.8348670594501916,
                0.8635750043824408
            ],
            "micro": [
                0.3420789605197401,
                0.6911849118491185,
                0.7549815498154981,
                0.7957359573595736,
                0.8347683476834769,
                0.8633046330463304
            ]
        },
        "f1": {
            "macro": [
                0.4658337551630577,
                0.7525510598664494,
                0.8040439820559578,
                0.835173236973401,
                0.8657746903006619,
                0.887547041183279
            ],
            "micro": [
                0.46816756910800794,
                0.7531608810257785,
                0.8043506748787839,
                0.8350759433759305,
                0.8656830647561546,
                0.8874278248408985
            ]
        }
    },
    "val": {
        "loss": [
            16.59807551652193,
            14.325627975165844,
            13.869189780205488,
            14.165864758193493,
            14.320408668369055,
            14.940404675900936
        ],
        "accuracy": {
            "macro": [
                0.9364285714285714,
                0.9439047619047619,
                0.9456666666666667,
                0.9446190476190476,
                0.9438571428571428,
                0.9442857142857145
            ],
            "micro": [
                0.9364285714285714,
                0.9439047619047619,
                0.9456666666666667,
                0.9446190476190476,
                0.9438571428571428,
                0.9442857142857143
            ]
        },
        "precision": {
            "macro": [
                0.82731746174321,
                0.8461286977873037,
                0.8407554636744676,
                0.8396110551753982,
                0.8366049730698099,
                0.8207189356232865
            ],
            "micro": [
                0.8204536716647444,
                0.8444108761329305,
                0.8338715464657338,
                0.8327904451682954,
                0.831575118224809,
                0.8173943173943174
            ],
            "weighted": [
                0.8267646435263515,
                0.8454614205272265,
                0.8404163448030046,
                0.8391538967369998,
                0.8362043099593246,
                0.8200533854696773
            ]
        },
        "recall": {
            "macro": [
                0.7118444007613499,
                0.7461400444043677,
                0.7751645361746599,
                0.7679619736609133,
                0.7613496708534946,
                0.7854596595605248
            ],
            "micro": [
                0.7108594270486343,
                0.7448367754830113,
                0.7741505662891406,
                0.7664890073284477,
                0.7614923384410394,
                0.7858094603597602
            ],
            "weighted": [
                0.7108594270486343,
                0.7448367754830113,
                0.7741505662891406,
                0.7664890073284477,
                0.7614923384410394,
                0.7858094603597602
            ]
        },
        "f1": {
            "macro": [
                0.7614662695591786,
                0.7893994844336297,
                0.8031771012037375,
                0.7952610700287988,
                0.7960146968370931,
                0.8019839610283269
            ],
            "micro": [
                0.761734784936641,
                0.791504424778761,
                0.8029020556227328,
                0.7982653946227234,
                0.7949921752738655,
                0.8012907608695652
            ],
            "weighted": [
                0.760664684571455,
                0.7883347160530176,
                0.8024738152448271,
                0.7941572461572907,
                0.7959215173593358,
                0.8018716533381756
            ]
        }
    },
    "test": {
        "loss": [
            3.178749144077301,
            3.338370978832245,
            3.747974395751953,
            3.6536614298820496,
            3.401861786842346,
            3.889968454837799
        ],
        "accuracy": {
            "macro": [
                0.7093596059113301,
                0.7068965517241379,
                0.6847290640394087,
                0.7007389162561576,
                0.7167487684729064,
                0.7204433497536947
            ],
            "micro": [
                0.7093596059113301,
                0.7068965517241379,
                0.6847290640394089,
                0.7007389162561576,
                0.7167487684729064,
                0.7204433497536946
            ]
        },
        "precision": {
            "macro": [
                0.31428571428571433,
                0.28030303030303033,
                0.4913127413127413,
                0.5562770562770563,
                0.5005772005772006,
                0.528447204968944
            ],
            "micro": [
                0.15942028985507245,
                0.15492957746478872,
                0.13978494623655913,
                0.17857142857142858,
                0.2696629213483146,
                0.3173076923076923
            ],
            "weighted": [
                0.5111111111111111,
                0.32279140612473944,
                0.5725368225368225,
                0.7281545614878948,
                0.6215007215007214,
                0.6584403036576949
            ]
        },
        "recall": {
            "macro": [
                0.09301553541184877,
                0.09482959436876488,
                0.10602573949348142,
                0.09908685144860262,
                0.12224761285821194,
                0.16606748985781244
            ],
            "micro": [
                0.0582010582010582,
                0.0582010582010582,
                0.06878306878306878,
                0.07936507936507936,
                0.12698412698412698,
                0.1746031746031746
            ],
            "weighted": [
                0.0582010582010582,
                0.0582010582010582,
                0.06878306878306878,
                0.07936507936507936,
                0.12698412698412698,
                0.1746031746031746
            ]
        },