{
    "train": {
        "loss": [
            99.0213333144784,
            53.78138068318367,
            43.98298504203558,
            35.16254433616996,
            30.318451143801212,
            24.95833552069962
        ],
        "accuracy": {
            "macro": [
                0.8849295089936802,
                0.9373778162356184,
                0.9488670961125533,
                0.9582091465564208,
                0.9643143287504405,
                0.9702111976412525
            ],
            "micro": [
                0.8849295089936802,
                0.9373778162356183,
                0.9488670961125533,
                0.9582091465564209,
                0.9643143287504407,
                0.9702111976412524
            ]
        },
        "precision": {
            "macro": [
                0.804348086973116,
                0.8582372613864662,
                0.8869106881435947,
                0.9036200308442871,
                0.9157285614124101,
                0.9291000974300786
            ],
            "micro": [
                0.8015858032848783,
                0.8565231536709684,
                0.8832369942196532,
                0.9014888843565164,
                0.9144664190342335,
                0.9285572337042926
            ]
        },
        "recall": {
            "macro": [
                0.4120966988972306,
                0.7531998645562358,
                0.8011608883559648,
                0.8438520674812485,
                0.8692737867187256,
                0.8913155811435862
            ],
            "micro": [
                0.41239316239316237,
                0.7534102833158447,
                0.8016024418161007,
                0.8433505056286968,
                0.8688477680274704,
                0.8912732474964234
            ]
        },
        "f1": {
            "macro": [
                0.5426763630688575,
                0.8012496694668253,
                0.8407314366354443,
                0.8720184371502269,
                0.8913837736859335,
                0.9093795447657821
            ],
            "micro": [
                0.5446033476559995,
                0.8016646366220056,
                0.8404420221011051,
                0.8714511041009464,
                0.8910736121301052,
                0.9095333106233879
            ]
        }
    },
    "val": {
        "loss": [
            16.002489373087883,
            13.6393534950912,
            13.300556251779199,
            13.582371443510056,
            13.80830305069685,
            14.947513783350587
        ],
        "accuracy": {
            "macro": [
                0.9298211508553655,
                0.9376620010368066,
                0.9420036288232244,
                0.9375324002073612,
                0.9380508035251426,
                0.9368843960601348
            ],
            "micro": [
                0.9298211508553654,
                0.9376620010368066,
                0.9420036288232244,
                0.9375324002073613,
                0.9380508035251426,
                0.9368843960601347
            ]
        },
        "precision": {
            "macro": [
                0.8290002951115025,
                0.8403202982460728,
                0.8560489994972826,
                0.8316414071880667,
                0.8367400315793031,
                0.8224193366103574
            ],
            "micro": [
                0.8195456493784826,
                0.8358333333333333,
                0.8546683565694972,
                0.8277687296416938,
                0.8304738562091504,
                0.8202562049639712
            ],
            "weighted": [
                0.829421192798389,
                0.8414507444675808,
                0.8570035962891865,
                0.8329900923841989,
                0.8374323134315557,
                0.8229557572004681
            ]
        },
        "recall": {
            "macro": [
                0.7421583787258145,
                0.7790193670463826,
                0.7850485146594021,
                0.7896275535231725,
                0.788739433747024,
                0.7948991122570002
            ],
            "micro": [
                0.7428127428127428,
                0.7793317793317793,
                0.785936285936286,
                0.7898212898212899,
                0.7898212898212899,
                0.796037296037296
            ],
            "weighted": [
                0.7428127428127428,
                0.7793317793317793,
                0.785936285936286,
                0.7898212898212899,
                0.7898212898212899,
                0.796037296037296
            ]
        },
        "f1": {
            "macro": [
                0.7786226665245399,
                0.8065735984142574,
                0.8181722294010796,
                0.8090481079591769,
                0.809468679148662,
                0.8074283278028389
            ],
            "micro": [
                0.7792948848583655,
                0.80659429030961,
                0.81886257842542,
                0.8083499005964214,
                0.8096375945838312,
                0.8079652996845426
            ],
            "weighted": [
                0.7790980907972693,
                0.8072565941109747,
                0.8190859627771158,
                0.809820608163479,
                0.8103630421027236,
                0.8082685923401499
            ]
        }
    },
    "test": {
        "loss": [
            2.9101995825767517,
            3.0173152089118958,
            3.1549107432365417,
            3.338661849498749,
            3.7546687722206116,
            3.5104247331619263
        ],
        "accuracy": {
            "macro": [
                0.7025862068965517,
                0.7083333333333334,
                0.7198275862068965,
                0.7140804597701149,
                0.6968390804597702,
                0.7313218390804598
            ],
            "micro": [
                0.7025862068965517,
                0.7083333333333334,
                0.7198275862068966,
                0.7140804597701149,
                0.6968390804597702,
                0.7313218390804598
            ]
        },
        "precision": {
            "macro": [
                0.5782051282051283,
                0.594935064935065,
                0.7462962962962963,
                0.5957181259600615,
                0.5154882154882156,
                0.6736021965482811
            ],
            "micro": [
                0.39285714285714285,
                0.4146341463414634,
                0.4634146341463415,
                0.4489795918367347,
                0.3877551020408163,
                0.5106382978723404
            ],
            "weighted": [
                0.622018722018722,
                0.6486758743901601,
                0.7888888888888889,
                0.725260892887621,
                0.5936935492491048,
                0.736501936865651
            ]
        },
        "recall": {
            "macro": [
                0.22713519306261243,
                0.2044495155382252,
                0.2109326381503801,
                0.24955952052726246,
                0.2439010660784854,
                0.2466607914188559
            ],
            "micro": [
                0.1746031746031746,
                0.17989417989417988,
                0.20105820105820105,
                0.2328042328042328,
                0.20105820105820105,
                0.25396825396825395
            ],
            "weighted": [
                0.1746031746031746,
                0.17989417989417988,
                0.20105820105820105,
                0.2328042328042328,
                0.20105820105820105,
                0.25396825396825395
            ]
        },