{
    "train": {
        "loss": [
            112.14738446474075,
            63.53267674148083,
            50.056751161813736,
            41.87248691543937,
            35.00800473615527,
            27.70537301711738
        ],
        "accuracy": {
            "macro": [
                0.8833853261257829,
                0.9374395622538269,
                0.9495742824123211,
                0.9585131724804831,
                0.9647161489657775,
                0.97292388971438
            ],
            "micro": [
                0.8833853261257829,
                0.9374395622538267,
                0.949574282412321,
                0.9585131724804831,
                0.9647161489657775,
                0.97292388971438
            ]
        },
        "precision": {
            "macro": [
                0.6922167215990085,
                0.8370826220099318,
                0.8672466652278109,
                0.8899383683457465,
                0.905018465695454,
                0.9259182074230672
            ],
            "micro": [
                0.6840179610843173,
                0.8363760617006736,
                0.8651115618661258,
                0.8883121532128154,
                0.9031890660592256,
                0.925111645482652
            ]
        },
        "recall": {
            "macro": [
                0.34245689897772735,
                0.7026469149617041,
                0.7694597280924679,
                0.8139075662257614,
                0.8453365030480893,
                0.8832801573367038
            ],
            "micro": [
                0.3425501790622137,
                0.7024434240734667,
                0.7693506067563135,
                0.8138734011151197,
                0.8452771400459167,
                0.8832404066907182
            ]
        },
        "f1": {
            "macro": [
                0.4551591516573029,
                0.7633150957918161,
                0.8147202108718382,
                0.8497712813828215,
                0.8736044340422496,
                0.9037882813433995
            ],
            "micro": [
                0.4564927857935627,
                0.7635812647622443,
                0.8144258310910512,
                0.8494651262302096,
                0.8732740364252435,
                0.9036912751677852
            ]
        }
    },
    "val": {
        "loss": [
            17.89929999411106,
            15.149396508932114,
            14.67824636027217,
            14.9697709903121,
            16.057721380144358,
            17.268913932144642
        ],
        "accuracy": {
            "macro": [
                0.9296908493307293,
                0.9399799933311105,
                0.9421235649978564,
                0.9409803267755918,
                0.9399799933311103,
                0.9408850569237365
            ],
            "micro": [
                0.9296908493307293,
                0.9399799933311104,
                0.9421235649978564,
                0.9409803267755918,
                0.9399799933311104,
                0.9408850569237365
            ]
        },
        "precision": {
            "macro": [
                0.8169891811401244,
                0.826128501477289,
                0.8184133234330879,
                0.8186341182933753,
                0.808604388063289,
                0.8076671362427454
            ],
            "micro": [
                0.8133990957665433,
                0.8168911539861667,
                0.8198424068767909,
                0.8117480537862704,
                0.8038394415357766,
                0.8011635865845311
            ],
            "weighted": [
                0.8166087812552256,
                0.8283577489086936,
                0.8212558214304541,
                0.8203055146102449,
                0.8103367315158464,
                0.8099221135285488
            ]
        },
        "recall": {
            "macro": [
                0.6542968238058453,
                0.7466434654274215,
                0.7621995713769308,
                0.7630687844774241,
                0.7660809903698412,
                0.7797121124231791
            ],
            "micro": [
                0.6594468510496501,
                0.7477507497500833,
                0.7627457514161946,
                0.7644118627124292,
                0.7674108630456514,
                0.7800733088970343
            ],
            "weighted": [
                0.6594468510496501,
                0.7477507497500833,
                0.7627457514161946,
                0.7644118627124292,
                0.7674108630456514,
                0.7800733088970343
            ]
        },
        "f1": {
            "macro": [
                0.7197860020252301,
                0.7810331478485113,
                0.78820911371886,
                0.7876688011148362,
                0.7841286415944191,
                0.7902773956634733
            ],
            "micro": [
                0.7283768862716231,
                0.7807933194154488,
                0.7902641118591404,
                0.7873691436416681,
                0.7852028639618138,
                0.7904777984129664
            ],
            "weighted": [
                0.7229419471504948,
                0.7826105915953246,
                0.7898279404616594,
                0.7891824056784326,
                0.7856955020114503,
                0.7915750425623208
            ]
        }
    },
    "test": {
        "loss": [
            2.819801092147827,
            3.047027289867401,
            2.9909677505493164,
            3.481049954891205,
            3.6258466243743896,
            4.1010425090789795
        ],
        "accuracy": {
            "macro": [
                0.7413793103448276,
                0.7204433497536946,
                0.7401477832512314,
                0.7216748768472906,
                0.7438423645320197,
                0.7302955665024632
            ],
            "micro": [
                0.7413793103448276,
                0.7204433497536946,
                0.7401477832512315,
                0.7216748768472906,
                0.7438423645320197,
                0.7302955665024631
            ]
        },
        "precision": {
            "macro": [
                0.3095238095238096,
                0.4222689075630252,
                0.665707671957672,
                0.5454545454545455,
                0.6836648071792384,
                0.7035330261136713
            ],
            "micro": [
                0.2857142857142857,
                0.203125,
                0.375,
                0.2823529411764706,
                0.40404040404040403,
                0.35
            ],
            "weighted": [
                0.46472663139329806,
                0.6556956115779645,
                0.8103946208112875,
                0.6907166907166906,
                0.8508929132868013,
                0.8717187233316266
            ]
        },
        "recall": {
            "macro": [
                0.07833538709114747,
                0.09936474176105513,
                0.14224389921394529,
                0.14437192991340458,
                0.18474486982551497,
                0.1830669778250423
            ],
            "micro": [
                0.07407407407407407,
                0.06878306878306878,
                0.1746031746031746,
                0.12698412698412698,
                0.21164021164021163,
                0.18518518518518517
            ],
            "weighted": [
                0.07407407407407407,
                0.06878306878306878,
                0.1746031746031746,
                0.12698412698412698,
                0.21164021164021163,
                0.18518518518518517
            ]
        },