{
    "train": {
        "loss": [
            113.21150824427605,
            63.992166720330715,
            50.88411147147417,
            42.177391957491636,
            35.9404110070318,
            29.649783954024315
        ],
        "accuracy": {
            "macro": [
                0.8824110789602163,
                0.9357007229540871,
                0.9489686405396798,
                0.9576252196577467,
                0.9641589319621185,
                0.9699614345862179
            ],
            "micro": [
                0.8824110789602162,
                0.9357007229540871,
                0.9489686405396799,
                0.9576252196577467,
                0.9641589319621187,
                0.9699614345862179
            ]
        },
        "precision": {
            "macro": [
                0.6798213682133138,
                0.8319868508239872,
                0.864183436649208,
                0.8855149521649913,
                0.9019496403669552,
                0.916029514967784
            ],
            "micro": [
                0.6831785345717234,
                0.8309444335362262,
                0.8628355317775113,
                0.8840075006697027,
                0.9007967778653357,
                0.9152104674184385
            ]
        },
        "recall": {
            "macro": [
                0.3307533217337208,
                0.6939877595089302,
                0.7670738275086041,
                0.8119444365528199,
                0.8438105368199605,
                0.8720571712925828
            ],
            "micro": [
                0.33086214077467724,
                0.6941118582909628,
                0.7670985730687223,
                0.8118746924717074,
                0.8436936198130228,
                0.8719042151877973
            ]
        },
        "f1": {
            "macro": [
                0.441580453517211,
                0.7557086672414031,
                0.8120422791625235,
                0.8464837093986909,
                0.8714840571792405,
                0.893132541758322
            ],
            "micro": [
                0.4458162635389192,
                0.7563896336014299,
                0.8121554156718038,
                0.8464070448424742,
                0.87131060766462,
                0.8930326319768174
            ]
        }
    },
    "val": {
        "loss": [
            18.238285720348358,
            15.548560418188572,
            15.368832863867283,
            16.441738843917847,
            16.05738114565611,
            16.392371512949467
        ],
        "accuracy": {
            "macro": [
                0.927952380952381,
                0.9393809523809524,
                0.9407142857142856,
                0.9383809523809523,
                0.9407619047619048,
                0.9392857142857142
            ],
            "micro": [
                0.927952380952381,
                0.9393809523809524,
                0.9407142857142857,
                0.9383809523809524,
                0.9407619047619048,
                0.9392857142857143
            ]
        },
        "precision": {
            "macro": [
                0.7970956963150597,
                0.8221939229034078,
                0.8238900835053952,
                0.8026383837004135,
                0.811213249742741,
                0.8068655955085031
            ],
            "micro": [
                0.792386185243328,
                0.8140885984023238,
                0.81664265129683,
                0.8052876027152555,
                0.8102292768959436,
                0.8008356545961003
            ],
            "weighted": [
                0.7964106068368052,
                0.8224102433220682,
                0.823663078313561,
                0.8036119141721847,
                0.8115242854257921,
                0.8069878621067114
            ]
        },
        "recall": {
            "macro": [
                0.671941069603881,
                0.7468139515243272,
                0.7543909686937879,
                0.7508976319573504,
                0.7646392696723263,
                0.7660833020719048
            ],
            "micro": [
                0.6723276723276723,
                0.7465867465867466,
                0.7549117549117549,
                0.7505827505827506,
                0.7649017649017649,
                0.765900765900766
            ],
            "weighted": [
                0.6723276723276723,
                0.7465867465867466,
                0.7549117549117549,
                0.7505827505827506,
                0.7649017649017649,
                0.765900765900766
            ]
        },
        "f1": {
            "macro": [
                0.7222033084201327,
                0.7792897043374204,
                0.7842806193462494,
                0.771749122119661,
                0.7857447093676606,
                0.7846732617666704
            ],
            "micro": [
                0.7274364979283012,
                0.7788778877887788,
                0.7845648035992386,
                0.776973457428473,
                0.7869133264816718,
                0.7829787234042553
            ],
            "weighted": [
                0.7220964116472312,
                0.7791745321369373,
                0.7843504903551015,
                0.7721717539354058,
                0.7859995006287104,
                0.7846230022224169
            ]
        }
    },
    "test": {
        "loss": [
            2.9257646799087524,
            3.173368275165558,
            3.4530481696128845,
            2.919678270816803,
            3.495359241962433,
            3.8137425780296326
        ],
        "accuracy": {
            "macro": [
                0.7204433497536946,
                0.7241379310344829,
                0.7167487684729064,
                0.7672413793103449,
                0.7290640394088669,
                0.7155172413793104
            ],
            "micro": [
                0.7204433497536946,
                0.7241379310344828,
                0.7167487684729064,
                0.7672413793103449,
                0.729064039408867,
                0.7155172413793104
            ]
        },
        "precision": {
            "macro": [
                0.4666666666666667,
                0.20315693845105612,
                0.49907235621521334,
                0.6417338818816651,
                0.5378066378066377,
                0.6282345105874517
            ],
            "micro": [
                0.1935483870967742,
                0.27848101265822783,
                0.25882352941176473,
                0.5,
                0.3368421052631579,
                0.3018867924528302
            ],
            "weighted": [
                0.7008818342151676,
                0.33217671452965575,
                0.5980622552051124,
                0.7761161936038784,
                0.6939233605900272,
                0.753124145281008
            ]
        },
        "recall": {
            "macro": [
                0.10347788412304541,
                0.12433956212758056,
                0.14569083630143537,
                0.18945782200390493,
                0.1702954175880443,
                0.17550352233531957
            ],
            "micro": [
                0.06349206349206349,
                0.1164021164021164,
                0.1164021164021164,
                0.2222222222222222,
                0.1693121693121693,
                0.1693121693121693
            ],
            "weighted": [
                0.06349206349206349,
                0.1164021164021164,
                0.1164021164021164,
                0.2222222222222222,
                0.1693121693121693,
                0.1693121693121693
            ]
        },